{"logLevel":"debug","message":"multithreading is set to false"}
{"logLevel":"debug","message":"Using reflection to scan dependencies for gauge implementations..."}
[pool-1-thread-1] WARN org.reflections.Reflections - could not create Dir using com.thoughtworks.gauge.scan.ClasspathScanner$1@bd6a547 from url file:/C:/Users/a.basaleh/.jdks/openjdk-26.0.1!/java.sql.rowset. skipping.
java.lang.NullPointerException: Cannot invoke "java.io.File.isDirectory()" because "file" is null
	at com.thoughtworks.gauge.scan.ClasspathScanner$1.createDir(ClasspathScanner.java:48)
	at org.reflections.vfs.Vfs.fromURL(Vfs.java:103)
	at org.reflections.vfs.Vfs.fromURL(Vfs.java:95)
	at org.reflections.Reflections.lambda$scan$2(Reflections.java:176)
	at java.base/java.util.stream.ForEachOps$ForEachOp$OfRef.accept(ForEachOps.java:186)
	at java.base/java.util.HashMap$KeySpliterator.forEachRemaining(HashMap.java:1716)
	at java.base/java.util.stream.AbstractPipeline.copyInto(AbstractPipeline.java:570)
	at java.base/java.util.stream.ForEachOps$ForEachTask.compute(ForEachOps.java:293)
	at java.base/java.util.concurrent.CountedCompleter.exec(CountedCompleter.java:759)
	at java.base/java.util.concurrent.ForkJoinTask.doExec(ForkJoinTask.java:511)
	at java.base/java.util.concurrent.ForkJoinTask.invoke(ForkJoinTask.java:683)
	at java.base/java.util.stream.ForEachOps$ForEachOp.evaluateParallel(ForEachOps.java:162)
	at java.base/java.util.stream.ForEachOps$ForEachOp$OfRef.evaluateParallel(ForEachOps.java:176)
	at java.base/java.util.stream.AbstractPipeline.evaluate(AbstractPipeline.java:264)
	at java.base/java.util.stream.ReferencePipeline.forEach(ReferencePipeline.java:632)
	at java.base/java.util.stream.ReferencePipeline$Head.forEach(ReferencePipeline.java:806)
	at org.reflections.Reflections.scan(Reflections.java:173)
	at org.reflections.Reflections.<init>(Reflections.java:126)
	at com.thoughtworks.gauge.scan.ClasspathScanner.createReflections(ClasspathScanner.java:57)
	at com.thoughtworks.gauge.scan.ClasspathScanner.scan(ClasspathScanner.java:32)
	at com.thoughtworks.gauge.connection.MessageProcessorFactory.lambda$new$0(MessageProcessorFactory.java:49)
	at java.base/java.util.concurrent.Executors$RunnableAdapter.call(Executors.java:545)
	at java.base/java.util.concurrent.FutureTask.run(FutureTask.java:330)
	at java.base/java.util.concurrent.ThreadPoolExecutor.runWorker(ThreadPoolExecutor.java:1090)
	at java.base/java.util.concurrent.ThreadPoolExecutor$Worker.run(ThreadPoolExecutor.java:614)
	at java.base/java.lang.Thread.run(Thread.java:1516)
[pool-1-thread-1] WARN org.reflections.Reflections - could not create Vfs.Dir from url. ignoring the exception and continuing
org.reflections.ReflectionsException: could not create Vfs.Dir from url, no matching UrlType was found [file:/C:/Users/a.basaleh/.jdks/openjdk-26.0.1!/java.sql.rowset]
either use fromURL(final URL url, final List<UrlType> urlTypes) or use the static setDefaultURLTypes(final List<UrlType> urlTypes) or addDefaultURLTypes(UrlType urlType) with your specialized UrlType.
	at org.reflections.vfs.Vfs.fromURL(Vfs.java:113)
	at org.reflections.vfs.Vfs.fromURL(Vfs.java:95)
	at org.reflections.Reflections.lambda$scan$2(Reflections.java:176)
	at java.base/java.util.stream.ForEachOps$ForEachOp$OfRef.accept(ForEachOps.java:186)
	at java.base/java.util.HashMap$KeySpliterator.forEachRemaining(HashMap.java:1716)
	at java.base/java.util.stream.AbstractPipeline.copyInto(AbstractPipeline.java:570)
	at java.base/java.util.stream.ForEachOps$ForEachTask.compute(ForEachOps.java:293)
	at java.base/java.util.concurrent.CountedCompleter.exec(CountedCompleter.java:759)
	at java.base/java.util.concurrent.ForkJoinTask.doExec(ForkJoinTask.java:511)
	at java.base/java.util.concurrent.ForkJoinTask.invoke(ForkJoinTask.java:683)
	at java.base/java.util.stream.ForEachOps$ForEachOp.evaluateParallel(ForEachOps.java:162)
	at java.base/java.util.stream.ForEachOps$ForEachOp$OfRef.evaluateParallel(ForEachOps.java:176)
	at java.base/java.util.stream.AbstractPipeline.evaluate(AbstractPipeline.java:264)
	at java.base/java.util.stream.ReferencePipeline.forEach(ReferencePipeline.java:632)
	at java.base/java.util.stream.ReferencePipeline$Head.forEach(ReferencePipeline.java:806)
	at org.reflections.Reflections.scan(Reflections.java:173)
	at org.reflections.Reflections.<init>(Reflections.java:126)
	at com.thoughtworks.gauge.scan.ClasspathScanner.createReflections(ClasspathScanner.java:57)
	at com.thoughtworks.gauge.scan.ClasspathScanner.scan(ClasspathScanner.java:32)
	at com.thoughtworks.gauge.connection.MessageProcessorFactory.lambda$new$0(MessageProcessorFactory.java:49)
	at java.base/java.util.concurrent.Executors$RunnableAdapter.call(Executors.java:545)
	at java.base/java.util.concurrent.FutureTask.run(FutureTask.java:330)
	at java.base/java.util.concurrent.ThreadPoolExecutor.runWorker(ThreadPoolExecutor.java:1090)
	at java.base/java.util.concurrent.ThreadPoolExecutor$Worker.run(ThreadPoolExecutor.java:614)
	at java.base/java.lang.Thread.run(Thread.java:1516)
[ForkJoinPool.commonPool-worker-1] WARN org.reflections.Reflections - could not create Dir using com.thoughtworks.gauge.scan.ClasspathScanner$1@bd6a547 from url file:/C:/Users/a.basaleh/.jdks/openjdk-26.0.1!/jdk.graal.compiler. skipping.
java.lang.NullPointerException: Cannot invoke "java.io.File.isDirectory()" because "file" is null
	at com.thoughtworks.gauge.scan.ClasspathScanner$1.createDir(ClasspathScanner.java:48)
	at org.reflections.vfs.Vfs.fromURL(Vfs.java:103)
	at org.reflections.vfs.Vfs.fromURL(Vfs.java:95)
	at org.reflections.Reflections.lambda$scan$2(Reflections.java:176)
	at java.base/java.util.stream.ForEachOps$ForEachOp$OfRef.accept(ForEachOps.java:186)
	at java.base/java.util.HashMap$KeySpliterator.forEachRemaining(HashMap.java:1716)
	at java.base/java.util.stream.AbstractPipeline.copyInto(AbstractPipeline.java:570)
	at java.base/java.util.stream.ForEachOps$ForEachTask.compute(ForEachOps.java:293)
	at java.base/java.util.concurrent.CountedCompleter.exec(CountedCompleter.java:759)
	at java.base/java.util.concurrent.ForkJoinTask.doExec(ForkJoinTask.java:511)
	at java.base/java.util.concurrent.ForkJoinPool$WorkQueue.topLevelExec(ForkJoinPool.java:1450)
	at java.base/java.util.concurrent.ForkJoinPool.runWorker(ForkJoinPool.java:2019)
	at java.base/java.util.concurrent.ForkJoinWorkerThread.run(ForkJoinWorkerThread.java:187)
[ForkJoinPool.commonPool-worker-2] WARN org.reflections.Reflections - could not create Dir using com.thoughtworks.gauge.scan.ClasspathScanner$1@bd6a547 from url file:/C:/Users/a.basaleh/.jdks/openjdk-26.0.1!/jdk.zipfs. skipping.
java.lang.NullPointerException: Cannot invoke "java.io.File.isDirectory()" because "file" is null
	at com.thoughtworks.gauge.scan.ClasspathScanner$1.createDir(ClasspathScanner.java:48)
	at org.reflections.vfs.Vfs.fromURL(Vfs.java:103)
	at org.reflections.vfs.Vfs.fromURL(Vfs.java:95)
	at org.reflections.Reflections.lambda$scan$2(Reflections.java:176)
	at java.base/java.util.stream.ForEachOps$ForEachOp$OfRef.accept(ForEachOps.java:186)
	at java.base/java.util.HashMap$KeySpliterator.forEachRemaining(HashMap.java:1716)
	at java.base/java.util.stream.AbstractPipeline.copyInto(AbstractPipeline.java:570)
	at java.base/java.util.stream.ForEachOps$ForEachTask.compute(ForEachOps.java:293)
	at java.base/java.util.concurrent.CountedCompleter.exec(CountedCompleter.java:759)
	at java.base/java.util.concurrent.ForkJoinTask.doExec(ForkJoinTask.java:511)
	at java.base/java.util.concurrent.ForkJoinPool$WorkQueue.topLevelExec(ForkJoinPool.java:1450)
	at java.base/java.util.concurrent.ForkJoinPool.runWorker(ForkJoinPool.java:2019)
	at java.base/java.util.concurrent.ForkJoinWorkerThread.run(ForkJoinWorkerThread.java:187)
[ForkJoinPool.commonPool-worker-1] WARN org.reflections.Reflections - could not create Vfs.Dir from url. ignoring the exception and continuing
org.reflections.ReflectionsException: could not create Vfs.Dir from url, no matching UrlType was found [file:/C:/Users/a.basaleh/.jdks/openjdk-26.0.1!/jdk.graal.compiler]
either use fromURL(final URL url, final List<UrlType> urlTypes) or use the static setDefaultURLTypes(final List<UrlType> urlTypes) or addDefaultURLTypes(UrlType urlType) with your specialized UrlType.
	at org.reflections.vfs.Vfs.fromURL(Vfs.java:113)
	at org.reflections.vfs.Vfs.fromURL(Vfs.java:95)
	at org.reflections.Reflections.lambda$scan$2(Reflections.java:176)
	at java.base/java.util.stream.ForEachOps$ForEachOp$OfRef.accept(ForEachOps.java:186)
	at java.base/java.util.HashMap$KeySpliterator.forEachRemaining(HashMap.java:1716)
	at java.base/java.util.stream.AbstractPipeline.copyInto(AbstractPipeline.java:570)
	at java.base/java.util.stream.ForEachOps$ForEachTask.compute(ForEachOps.java:293)
	at java.base/java.util.concurrent.CountedCompleter.exec(CountedCompleter.java:759)
	at java.base/java.util.concurrent.ForkJoinTask.doExec(ForkJoinTask.java:511)
	at java.base/java.util.concurrent.ForkJoinPool$WorkQueue.topLevelExec(ForkJoinPool.java:1450)
	at java.base/java.util.concurrent.ForkJoinPool.runWorker(ForkJoinPool.java:2019)
	at java.base/java.util.concurrent.ForkJoinWorkerThread.run(ForkJoinWorkerThread.java:187)
[ForkJoinPool.commonPool-worker-3] WARN org.reflections.Reflections - could not create Dir using com.thoughtworks.gauge.scan.ClasspathScanner$1@bd6a547 from url file:/C:/Users/a.basaleh/.jdks/openjdk-26.0.1!/java.naming. skipping.
java.lang.NullPointerException: Cannot invoke "java.io.File.isDirectory()" because "file" is null
	at com.thoughtworks.gauge.scan.ClasspathScanner$1.createDir(ClasspathScanner.java:48)
	at org.reflections.vfs.Vfs.fromURL(Vfs.java:103)
	at org.reflections.vfs.Vfs.fromURL(Vfs.java:95)
	at org.reflections.Reflections.lambda$scan$2(Reflections.java:176)
	at java.base/java.util.stream.ForEachOps$ForEachOp$OfRef.accept(ForEachOps.java:186)
	at java.base/java.util.HashMap$KeySpliterator.forEachRemaining(HashMap.java:1716)
	at java.base/java.util.stream.AbstractPipeline.copyInto(AbstractPipeline.java:570)
	at java.base/java.util.stream.ForEachOps$ForEachTask.compute(ForEachOps.java:293)
	at java.base/java.util.concurrent.CountedCompleter.exec(CountedCompleter.java:759)
	at java.base/java.util.concurrent.ForkJoinTask.doExec(ForkJoinTask.java:511)
	at java.base/java.util.concurrent.ForkJoinPool$WorkQueue.topLevelExec(ForkJoinPool.java:1450)
	at java.base/java.util.concurrent.ForkJoinPool.runWorker(ForkJoinPool.java:2019)
	at java.base/java.util.concurrent.ForkJoinWorkerThread.run(ForkJoinWorkerThread.java:187)
[ForkJoinPool.commonPool-worker-3] WARN org.reflections.Reflections - could not create Vfs.Dir from url. ignoring the exception and continuing
org.reflections.ReflectionsException: could not create Vfs.Dir from url, no matching UrlType was found [file:/C:/Users/a.basaleh/.jdks/openjdk-26.0.1!/java.naming]
either use fromURL(final URL url, final List<UrlType> urlTypes) or use the static setDefaultURLTypes(final List<UrlType> urlTypes) or addDefaultURLTypes(UrlType urlType) with your specialized UrlType.
	at org.reflections.vfs.Vfs.fromURL(Vfs.java:113)
	at org.reflections.vfs.Vfs.fromURL(Vfs.java:95)
	at org.reflections.Reflections.lambda$scan$2(Reflections.java:176)
	at java.base/java.util.stream.ForEachOps$ForEachOp$OfRef.accept(ForEachOps.java:186)
	at java.base/java.util.HashMap$KeySpliterator.forEachRemaining(HashMap.java:1716)
	at java.base/java.util.stream.AbstractPipeline.copyInto(AbstractPipeline.java:570)
	at java.base/java.util.stream.ForEachOps$ForEachTask.compute(ForEachOps.java:293)
	at java.base/java.util.concurrent.CountedCompleter.exec(CountedCompleter.java:759)
	at java.base/java.util.concurrent.ForkJoinTask.doExec(ForkJoinTask.java:511)
	at java.base/java.util.concurrent.ForkJoinPool$WorkQueue.topLevelExec(ForkJoinPool.java:1450)
	at java.base/java.util.concurrent.ForkJoinPool.runWorker(ForkJoinPool.java:2019)
	at java.base/java.util.concurrent.ForkJoinWorkerThread.run(ForkJoinWorkerThread.java:187)
[ForkJoinPool.commonPool-worker-3] WARN org.reflections.Reflections - could not create Dir using com.thoughtworks.gauge.scan.ClasspathScanner$1@bd6a547 from url file:/C:/Users/a.basaleh/.jdks/openjdk-26.0.1!/jdk.attach. skipping.
java.lang.NullPointerException: Cannot invoke "java.io.File.isDirectory()" because "file" is null
	at com.thoughtworks.gauge.scan.ClasspathScanner$1.createDir(ClasspathScanner.java:48)
	at org.reflections.vfs.Vfs.fromURL(Vfs.java:103)
	at org.reflections.vfs.Vfs.fromURL(Vfs.java:95)
	at org.reflections.Reflections.lambda$scan$2(Reflections.java:176)
	at java.base/java.util.stream.ForEachOps$ForEachOp$OfRef.accept(ForEachOps.java:186)
	at java.base/java.util.HashMap$KeySpliterator.forEachRemaining(HashMap.java:1716)
	at java.base/java.util.stream.AbstractPipeline.copyInto(AbstractPipeline.java:570)
	at java.base/java.util.stream.ForEachOps$ForEachTask.compute(ForEachOps.java:293)
	at java.base/java.util.concurrent.CountedCompleter.exec(CountedCompleter.java:759)
	at java.base/java.util.concurrent.ForkJoinTask.doExec(ForkJoinTask.java:511)
	at java.base/java.util.concurrent.ForkJoinPool$WorkQueue.topLevelExec(ForkJoinPool.java:1450)
	at java.base/java.util.concurrent.ForkJoinPool.runWorker(ForkJoinPool.java:2019)
	at java.base/java.util.concurrent.ForkJoinWorkerThread.run(ForkJoinWorkerThread.java:187)
[ForkJoinPool.commonPool-worker-4] WARN org.reflections.Reflections - could not create Dir using com.thoughtworks.gauge.scan.ClasspathScanner$1@bd6a547 from url file:/C:/Users/a.basaleh/.jdks/openjdk-26.0.1!/jdk.accessibility. skipping.
java.lang.NullPointerException: Cannot invoke "java.io.File.isDirectory()" because "file" is null
	at com.thoughtworks.gauge.scan.ClasspathScanner$1.createDir(ClasspathScanner.java:48)
	at org.reflections.vfs.Vfs.fromURL(Vfs.java:103)
	at org.reflections.vfs.Vfs.fromURL(Vfs.java:95)
	at org.reflections.Reflections.lambda$scan$2(Reflections.java:176)
	at java.base/java.util.stream.ForEachOps$ForEachOp$OfRef.accept(ForEachOps.java:186)
	at java.base/java.util.HashMap$KeySpliterator.forEachRemaining(HashMap.java:1716)
	at java.base/java.util.stream.AbstractPipeline.copyInto(AbstractPipeline.java:570)
	at java.base/java.util.stream.ForEachOps$ForEachTask.compute(ForEachOps.java:293)
	at java.base/java.util.concurrent.CountedCompleter.exec(CountedCompleter.java:759)
	at java.base/java.util.concurrent.ForkJoinTask.doExec(ForkJoinTask.java:511)
	at java.base/java.util.concurrent.ForkJoinPool$WorkQueue.topLevelExec(ForkJoinPool.java:1450)
	at java.base/java.util.concurrent.ForkJoinPool.runWorker(ForkJoinPool.java:2019)
	at java.base/java.util.concurrent.ForkJoinWorkerThread.run(ForkJoinWorkerThread.java:187)
[ForkJoinPool.commonPool-worker-7] WARN org.reflections.Reflections - could not create Dir using com.thoughtworks.gauge.scan.ClasspathScanner$1@bd6a547 from url file:/C:/Users/a.basaleh/.jdks/openjdk-26.0.1!/java.net.http. skipping.
java.lang.NullPointerException: Cannot invoke "java.io.File.isDirectory()" because "file" is null
	at com.thoughtworks.gauge.scan.ClasspathScanner$1.createDir(ClasspathScanner.java:48)
	at org.reflections.vfs.Vfs.fromURL(Vfs.java:103)
	at org.reflections.vfs.Vfs.fromURL(Vfs.java:95)
	at org.reflections.Reflections.lambda$scan$2(Reflections.java:176)
	at java.base/java.util.stream.ForEachOps$ForEachOp$OfRef.accept(ForEachOps.java:186)
	at java.base/java.util.HashMap$KeySpliterator.forEachRemaining(HashMap.java:1716)
	at java.base/java.util.stream.AbstractPipeline.copyInto(AbstractPipeline.java:570)
	at java.base/java.util.stream.ForEachOps$ForEachTask.compute(ForEachOps.java:293)
	at java.base/java.util.concurrent.CountedCompleter.exec(CountedCompleter.java:759)
	at java.base/java.util.concurrent.ForkJoinTask.doExec(ForkJoinTask.java:511)
	at java.base/java.util.concurrent.ForkJoinPool$WorkQueue.topLevelExec(ForkJoinPool.java:1450)
	at java.base/java.util.concurrent.ForkJoinPool.runWorker(ForkJoinPool.java:2019)
	at java.base/java.util.concurrent.ForkJoinWorkerThread.run(ForkJoinWorkerThread.java:187)
[ForkJoinPool.commonPool-worker-6] WARN org.reflections.Reflections - could not create Dir using com.thoughtworks.gauge.scan.ClasspathScanner$1@bd6a547 from url file:/C:/Users/a.basaleh/.jdks/openjdk-26.0.1!/jdk.internal.md. skipping.
java.lang.NullPointerException: Cannot invoke "java.io.File.isDirectory()" because "file" is null
	at com.thoughtworks.gauge.scan.ClasspathScanner$1.createDir(ClasspathScanner.java:48)
	at org.reflections.vfs.Vfs.fromURL(Vfs.java:103)
	at org.reflections.vfs.Vfs.fromURL(Vfs.java:95)
	at org.reflections.Reflections.lambda$scan$2(Reflections.java:176)
	at java.base/java.util.stream.ForEachOps$ForEachOp$OfRef.accept(ForEachOps.java:186)
	at java.base/java.util.HashMap$KeySpliterator.forEachRemaining(HashMap.java:1716)
	at java.base/java.util.stream.AbstractPipeline.copyInto(AbstractPipeline.java:570)
	at java.base/java.util.stream.ForEachOps$ForEachTask.compute(ForEachOps.java:293)
	at java.base/java.util.concurrent.CountedCompleter.exec(CountedCompleter.java:759)
	at java.base/java.util.concurrent.ForkJoinTask.doExec(ForkJoinTask.java:511)
	at java.base/java.util.concurrent.ForkJoinPool$WorkQueue.topLevelExec(ForkJoinPool.java:1450)
	at java.base/java.util.concurrent.ForkJoinPool.runWorker(ForkJoinPool.java:2019)
	at java.base/java.util.concurrent.ForkJoinWorkerThread.run(ForkJoinWorkerThread.java:187)
WARNING: A terminally deprecated method in sun.misc.Unsafe has been called
WARNING: sun.misc.Unsafe::allocateMemory has been called by io.grpc.netty.shaded.io.netty.util.internal.PlatformDependent0$2 (file:/C:/Users/a.basaleh/.m2/repository/io/grpc/grpc-netty-shaded/1.76.0/grpc-netty-shaded-1.76.0.jar)
WARNING: Please consider reporting this to the maintainers of class io.grpc.netty.shaded.io.netty.util.internal.PlatformDependent0$2
WARNING: sun.misc.Unsafe::allocateMemory will be removed in a future release
[ForkJoinPool.commonPool-worker-9] WARN org.reflections.Reflections - could not create Dir using com.thoughtworks.gauge.scan.ClasspathScanner$1@bd6a547 from url file:/C:/Users/a.basaleh/.jdks/openjdk-26.0.1!/jdk.javadoc. skipping.
java.lang.NullPointerException: Cannot invoke "java.io.File.isDirectory()" because "file" is null
	at com.thoughtworks.gauge.scan.ClasspathScanner$1.createDir(ClasspathScanner.java:48)
	at org.reflections.vfs.Vfs.fromURL(Vfs.java:103)
	at org.reflections.vfs.Vfs.fromURL(Vfs.java:95)
	at org.reflections.Reflections.lambda$scan$2(Reflections.java:176)
	at java.base/java.util.stream.ForEachOps$ForEachOp$OfRef.accept(ForEachOps.java:186)
	at java.base/java.util.HashMap$KeySpliterator.forEachRemaining(HashMap.java:1716)
	at java.base/java.util.stream.AbstractPipeline.copyInto(AbstractPipeline.java:570)
	at java.base/java.util.stream.ForEachOps$ForEachTask.compute(ForEachOps.java:293)
	at java.base/java.util.concurrent.CountedCompleter.exec(CountedCompleter.java:759)
	at java.base/java.util.concurrent.ForkJoinTask.doExec(ForkJoinTask.java:511)
	at java.base/java.util.concurrent.ForkJoinPool$WorkQueue.topLevelExec(ForkJoinPool.java:1450)
	at java.base/java.util.concurrent.ForkJoinPool.runWorker(ForkJoinPool.java:2019)
	at java.base/java.util.concurrent.ForkJoinWorkerThread.run(ForkJoinWorkerThread.java:187)
[ForkJoinPool.commonPool-worker-9] WARN org.reflections.Reflections - could not create Vfs.Dir from url. ignoring the exception and continuing
org.reflections.ReflectionsException: could not create Vfs.Dir from url, no matching UrlType was found [file:/C:/Users/a.basaleh/.jdks/openjdk-26.0.1!/jdk.javadoc]
either use fromURL(final URL url, final List<UrlType> urlTypes) or use the static setDefaultURLTypes(final List<UrlType> urlTypes) or addDefaultURLTypes(UrlType urlType) with your specialized UrlType.
	at org.reflections.vfs.Vfs.fromURL(Vfs.java:113)
	at org.reflections.vfs.Vfs.fromURL(Vfs.java:95)
	at org.reflections.Reflections.lambda$scan$2(Reflections.java:176)
	at java.base/java.util.stream.ForEachOps$ForEachOp$OfRef.accept(ForEachOps.java:186)
	at java.base/java.util.HashMap$KeySpliterator.forEachRemaining(HashMap.java:1716)
	at java.base/java.util.stream.AbstractPipeline.copyInto(AbstractPipeline.java:570)
	at java.base/java.util.stream.ForEachOps$ForEachTask.compute(ForEachOps.java:293)
	at java.base/java.util.concurrent.CountedCompleter.exec(CountedCompleter.java:759)
	at java.base/java.util.concurrent.ForkJoinTask.doExec(ForkJoinTask.java:511)
	at java.base/java.util.concurrent.ForkJoinPool$WorkQueue.topLevelExec(ForkJoinPool.java:1450)
	at java.base/java.util.concurrent.ForkJoinPool.runWorker(ForkJoinPool.java:2019)
	at java.base/java.util.concurrent.ForkJoinWorkerThread.run(ForkJoinWorkerThread.java:187)
[ForkJoinPool.commonPool-worker-9] WARN org.reflections.Reflections - could not create Dir using com.thoughtworks.gauge.scan.ClasspathScanner$1@bd6a547 from url file:/C:/Users/a.basaleh/.jdks/openjdk-26.0.1!/jdk.naming.rmi. skipping.
java.lang.NullPointerException: Cannot invoke "java.io.File.isDirectory()" because "file" is null
	at com.thoughtworks.gauge.scan.ClasspathScanner$1.createDir(ClasspathScanner.java:48)
	at org.reflections.vfs.Vfs.fromURL(Vfs.java:103)
	at org.reflections.vfs.Vfs.fromURL(Vfs.java:95)
	at org.reflections.Reflections.lambda$scan$2(Reflections.java:176)
	at java.base/java.util.stream.ForEachOps$ForEachOp$OfRef.accept(ForEachOps.java:186)
	at java.base/java.util.HashMap$KeySpliterator.forEachRemaining(HashMap.java:1716)
	at java.base/java.util.stream.AbstractPipeline.copyInto(AbstractPipeline.java:570)
	at java.base/java.util.stream.ForEachOps$ForEachTask.compute(ForEachOps.java:293)
	at java.base/java.util.concurrent.CountedCompleter.exec(CountedCompleter.java:759)
	at java.base/java.util.concurrent.ForkJoinTask.doExec(ForkJoinTask.java:511)
	at java.base/java.util.concurrent.ForkJoinPool$WorkQueue.topLevelExec(ForkJoinPool.java:1450)
	at java.base/java.util.concurrent.ForkJoinPool.runWorker(ForkJoinPool.java:2019)
	at java.base/java.util.concurrent.ForkJoinWorkerThread.run(ForkJoinWorkerThread.java:187)
[ForkJoinPool.commonPool-worker-9] WARN org.reflections.Reflections - could not create Vfs.Dir from url. ignoring the exception and continuing
org.reflections.ReflectionsException: could not create Vfs.Dir from url, no matching UrlType was found [file:/C:/Users/a.basaleh/.jdks/openjdk-26.0.1!/jdk.naming.rmi]
either use fromURL(final URL url, final List<UrlType> urlTypes) or use the static setDefaultURLTypes(final List<UrlType> urlTypes) or addDefaultURLTypes(UrlType urlType) with your specialized UrlType.
	at org.reflections.vfs.Vfs.fromURL(Vfs.java:113)
	at org.reflections.vfs.Vfs.fromURL(Vfs.java:95)
	at org.reflections.Reflections.lambda$scan$2(Reflections.java:176)
	at java.base/java.util.stream.ForEachOps$ForEachOp$OfRef.accept(ForEachOps.java:186)
	at java.base/java.util.HashMap$KeySpliterator.forEachRemaining(HashMap.java:1716)
	at java.base/java.util.stream.AbstractPipeline.copyInto(AbstractPipeline.java:570)
	at java.base/java.util.stream.ForEachOps$ForEachTask.compute(ForEachOps.java:293)
	at java.base/java.util.concurrent.CountedCompleter.exec(CountedCompleter.java:759)
	at java.base/java.util.concurrent.ForkJoinTask.doExec(ForkJoinTask.java:511)
	at java.base/java.util.concurrent.ForkJoinPool$WorkQueue.topLevelExec(ForkJoinPool.java:1450)
	at java.base/java.util.concurrent.ForkJoinPool.runWorker(ForkJoinPool.java:2019)
	at java.base/java.util.concurrent.ForkJoinWorkerThread.run(ForkJoinWorkerThread.java:187)
[ForkJoinPool.commonPool-worker-11] WARN org.reflections.Reflections - could not create Dir using com.thoughtworks.gauge.scan.ClasspathScanner$1@bd6a547 from url file:/C:/Users/a.basaleh/.jdks/openjdk-26.0.1!/jdk.dynalink. skipping.
java.lang.NullPointerException: Cannot invoke "java.io.File.isDirectory()" because "file" is null
	at com.thoughtworks.gauge.scan.ClasspathScanner$1.createDir(ClasspathScanner.java:48)
	at org.reflections.vfs.Vfs.fromURL(Vfs.java:103)
	at org.reflections.vfs.Vfs.fromURL(Vfs.java:95)
	at org.reflections.Reflections.lambda$scan$2(Reflections.java:176)
	at java.base/java.util.stream.ForEachOps$ForEachOp$OfRef.accept(ForEachOps.java:186)
	at java.base/java.util.HashMap$KeySpliterator.forEachRemaining(HashMap.java:1716)
	at java.base/java.util.stream.AbstractPipeline.copyInto(AbstractPipeline.java:570)
	at java.base/java.util.stream.ForEachOps$ForEachTask.compute(ForEachOps.java:293)
	at java.base/java.util.concurrent.CountedCompleter.exec(CountedCompleter.java:759)
	at java.base/java.util.concurrent.ForkJoinTask.doExec(ForkJoinTask.java:511)
	at java.base/java.util.concurrent.ForkJoinPool$WorkQueue.topLevelExec(ForkJoinPool.java:1450)
	at java.base/java.util.concurrent.ForkJoinPool.runWorker(ForkJoinPool.java:2019)
	at java.base/java.util.concurrent.ForkJoinWorkerThread.run(ForkJoinWorkerThread.java:187)
[ForkJoinPool.commonPool-worker-2] WARN org.reflections.Reflections - could not create Vfs.Dir from url. ignoring the exception and continuing
org.reflections.ReflectionsException: could not create Vfs.Dir from url, no matching UrlType was found [file:/C:/Users/a.basaleh/.jdks/openjdk-26.0.1!/jdk.zipfs]
either use fromURL(final URL url, final List<UrlType> urlTypes) or use the static setDefaultURLTypes(final List<UrlType> urlTypes) or addDefaultURLTypes(UrlType urlType) with your specialized UrlType.
	at org.reflections.vfs.Vfs.fromURL(Vfs.java:113)
	at org.reflections.vfs.Vfs.fromURL(Vfs.java:95)
	at org.reflections.Reflections.lambda$scan$2(Reflections.java:176)
	at java.base/java.util.stream.ForEachOps$ForEachOp$OfRef.accept(ForEachOps.java:186)
	at java.base/java.util.HashMap$KeySpliterator.forEachRemaining(HashMap.java:1716)
	at java.base/java.util.stream.AbstractPipeline.copyInto(AbstractPipeline.java:570)
	at java.base/java.util.stream.ForEachOps$ForEachTask.compute(ForEachOps.java:293)
	at java.base/java.util.concurrent.CountedCompleter.exec(CountedCompleter.java:759)
	at java.base/java.util.concurrent.ForkJoinTask.doExec(ForkJoinTask.java:511)
	at java.base/java.util.concurrent.ForkJoinPool$WorkQueue.topLevelExec(ForkJoinPool.java:1450)
	at java.base/java.util.concurrent.ForkJoinPool.runWorker(ForkJoinPool.java:2019)
	at java.base/java.util.concurrent.ForkJoinWorkerThread.run(ForkJoinWorkerThread.java:187)
[ForkJoinPool.commonPool-worker-11] WARN org.reflections.Reflections - could not create Vfs.Dir from url. ignoring the exception and continuing
org.reflections.ReflectionsException: could not create Vfs.Dir from url, no matching UrlType was found [file:/C:/Users/a.basaleh/.jdks/openjdk-26.0.1!/jdk.dynalink]
either use fromURL(final URL url, final List<UrlType> urlTypes) or use the static setDefaultURLTypes(final List<UrlType> urlTypes) or addDefaultURLTypes(UrlType urlType) with your specialized UrlType.
	at org.reflections.vfs.Vfs.fromURL(Vfs.java:113)
	at org.reflections.vfs.Vfs.fromURL(Vfs.java:95)
	at org.reflections.Reflections.lambda$scan$2(Reflections.java:176)
	at java.base/java.util.stream.ForEachOps$ForEachOp$OfRef.accept(ForEachOps.java:186)
	at java.base/java.util.HashMap$KeySpliterator.forEachRemaining(HashMap.java:1716)
	at java.base/java.util.stream.AbstractPipeline.copyInto(AbstractPipeline.java:570)
	at java.base/java.util.stream.ForEachOps$ForEachTask.compute(ForEachOps.java:293)
	at java.base/java.util.concurrent.CountedCompleter.exec(CountedCompleter.java:759)
	at java.base/java.util.concurrent.ForkJoinTask.doExec(ForkJoinTask.java:511)
	at java.base/java.util.concurrent.ForkJoinPool$WorkQueue.topLevelExec(ForkJoinPool.java:1450)
	at java.base/java.util.concurrent.ForkJoinPool.runWorker(ForkJoinPool.java:2019)
	at java.base/java.util.concurrent.ForkJoinWorkerThread.run(ForkJoinWorkerThread.java:187)
[ForkJoinPool.commonPool-worker-3] WARN org.reflections.Reflections - could not create Vfs.Dir from url. ignoring the exception and continuing
org.reflections.ReflectionsException: could not create Vfs.Dir from url, no matching UrlType was found [file:/C:/Users/a.basaleh/.jdks/openjdk-26.0.1!/jdk.attach]
either use fromURL(final URL url, final List<UrlType> urlTypes) or use the static setDefaultURLTypes(final List<UrlType> urlTypes) or addDefaultURLTypes(UrlType urlType) with your specialized UrlType.
	at org.reflections.vfs.Vfs.fromURL(Vfs.java:113)
	at org.reflections.vfs.Vfs.fromURL(Vfs.java:95)
	at org.reflections.Reflections.lambda$scan$2(Reflections.java:176)
	at java.base/java.util.stream.ForEachOps$ForEachOp$OfRef.accept(ForEachOps.java:186)
	at java.base/java.util.HashMap$KeySpliterator.forEachRemaining(HashMap.java:1716)
	at java.base/java.util.stream.AbstractPipeline.copyInto(AbstractPipeline.java:570)
	at java.base/java.util.stream.ForEachOps$ForEachTask.compute(ForEachOps.java:293)
	at java.base/java.util.concurrent.CountedCompleter.exec(CountedCompleter.java:759)
	at java.base/java.util.concurrent.ForkJoinTask.doExec(ForkJoinTask.java:511)
	at java.base/java.util.concurrent.ForkJoinPool$WorkQueue.topLevelExec(ForkJoinPool.java:1450)
	at java.base/java.util.concurrent.ForkJoinPool.runWorker(ForkJoinPool.java:2019)
	at java.base/java.util.concurrent.ForkJoinWorkerThread.run(ForkJoinWorkerThread.java:187)
[ForkJoinPool.commonPool-worker-3] WARN org.reflections.Reflections - could not create Dir using com.thoughtworks.gauge.scan.ClasspathScanner$1@bd6a547 from url file:/C:/Users/a.basaleh/.jdks/openjdk-26.0.1!/jdk.charsets. skipping.
java.lang.NullPointerException: Cannot invoke "java.io.File.isDirectory()" because "file" is null
	at com.thoughtworks.gauge.scan.ClasspathScanner$1.createDir(ClasspathScanner.java:48)
	at org.reflections.vfs.Vfs.fromURL(Vfs.java:103)
	at org.reflections.vfs.Vfs.fromURL(Vfs.java:95)
	at org.reflections.Reflections.lambda$scan$2(Reflections.java:176)
	at java.base/java.util.stream.ForEachOps$ForEachOp$OfRef.accept(ForEachOps.java:186)
	at java.base/java.util.HashMap$KeySpliterator.forEachRemaining(HashMap.java:1716)
	at java.base/java.util.stream.AbstractPipeline.copyInto(AbstractPipeline.java:570)
	at java.base/java.util.stream.ForEachOps$ForEachTask.compute(ForEachOps.java:293)
	at java.base/java.util.concurrent.CountedCompleter.exec(CountedCompleter.java:759)
	at java.base/java.util.concurrent.ForkJoinTask.doExec(ForkJoinTask.java:511)
	at java.base/java.util.concurrent.ForkJoinPool$WorkQueue.topLevelExec(ForkJoinPool.java:1450)
	at java.base/java.util.concurrent.ForkJoinPool.runWorker(ForkJoinPool.java:2019)
	at java.base/java.util.concurrent.ForkJoinWorkerThread.run(ForkJoinWorkerThread.java:187)
[ForkJoinPool.commonPool-worker-4] WARN org.reflections.Reflections - could not create Vfs.Dir from url. ignoring the exception and continuing
org.reflections.ReflectionsException: could not create Vfs.Dir from url, no matching UrlType was found [file:/C:/Users/a.basaleh/.jdks/openjdk-26.0.1!/jdk.accessibility]
either use fromURL(final URL url, final List<UrlType> urlTypes) or use the static setDefaultURLTypes(final List<UrlType> urlTypes) or addDefaultURLTypes(UrlType urlType) with your specialized UrlType.
	at org.reflections.vfs.Vfs.fromURL(Vfs.java:113)
	at org.reflections.vfs.Vfs.fromURL(Vfs.java:95)
	at org.reflections.Reflections.lambda$scan$2(Reflections.java:176)
	at java.base/java.util.stream.ForEachOps$ForEachOp$OfRef.accept(ForEachOps.java:186)
	at java.base/java.util.HashMap$KeySpliterator.forEachRemaining(HashMap.java:1716)
	at java.base/java.util.stream.AbstractPipeline.copyInto(AbstractPipeline.java:570)
	at java.base/java.util.stream.ForEachOps$ForEachTask.compute(ForEachOps.java:293)
	at java.base/java.util.concurrent.CountedCompleter.exec(CountedCompleter.java:759)
	at java.base/java.util.concurrent.ForkJoinTask.doExec(ForkJoinTask.java:511)
	at java.base/java.util.concurrent.ForkJoinPool$WorkQueue.topLevelExec(ForkJoinPool.java:1450)
	at java.base/java.util.concurrent.ForkJoinPool.runWorker(ForkJoinPool.java:2019)
	at java.base/java.util.concurrent.ForkJoinWorkerThread.run(ForkJoinWorkerThread.java:187)
[ForkJoinPool.commonPool-worker-7] WARN org.reflections.Reflections - could not create Vfs.Dir from url. ignoring the exception and continuing
org.reflections.ReflectionsException: could not create Vfs.Dir from url, no matching UrlType was found [file:/C:/Users/a.basaleh/.jdks/openjdk-26.0.1!/java.net.http]
either use fromURL(final URL url, final List<UrlType> urlTypes) or use the static setDefaultURLTypes(final List<UrlType> urlTypes) or addDefaultURLTypes(UrlType urlType) with your specialized UrlType.
	at org.reflections.vfs.Vfs.fromURL(Vfs.java:113)
	at org.reflections.vfs.Vfs.fromURL(Vfs.java:95)
	at org.reflections.Reflections.lambda$scan$2(Reflections.java:176)
	at java.base/java.util.stream.ForEachOps$ForEachOp$OfRef.accept(ForEachOps.java:186)
	at java.base/java.util.HashMap$KeySpliterator.forEachRemaining(HashMap.java:1716)
	at java.base/java.util.stream.AbstractPipeline.copyInto(AbstractPipeline.java:570)
	at java.base/java.util.stream.ForEachOps$ForEachTask.compute(ForEachOps.java:293)
	at java.base/java.util.concurrent.CountedCompleter.exec(CountedCompleter.java:759)
	at java.base/java.util.concurrent.ForkJoinTask.doExec(ForkJoinTask.java:511)
	at java.base/java.util.concurrent.ForkJoinPool$WorkQueue.topLevelExec(ForkJoinPool.java:1450)
	at java.base/java.util.concurrent.ForkJoinPool.runWorker(ForkJoinPool.java:2019)
	at java.base/java.util.concurrent.ForkJoinWorkerThread.run(ForkJoinWorkerThread.java:187)
[ForkJoinPool.commonPool-worker-6] WARN org.reflections.Reflections - could not create Vfs.Dir from url. ignoring the exception and continuing
org.reflections.ReflectionsException: could not create Vfs.Dir from url, no matching UrlType was found [file:/C:/Users/a.basaleh/.jdks/openjdk-26.0.1!/jdk.internal.md]
either use fromURL(final URL url, final List<UrlType> urlTypes) or use the static setDefaultURLTypes(final List<UrlType> urlTypes) or addDefaultURLTypes(UrlType urlType) with your specialized UrlType.
	at org.reflections.vfs.Vfs.fromURL(Vfs.java:113)
	at org.reflections.vfs.Vfs.fromURL(Vfs.java:95)
	at org.reflections.Reflections.lambda$scan$2(Reflections.java:176)
	at java.base/java.util.stream.ForEachOps$ForEachOp$OfRef.accept(ForEachOps.java:186)
	at java.base/java.util.HashMap$KeySpliterator.forEachRemaining(HashMap.java:1716)
	at java.base/java.util.stream.AbstractPipeline.copyInto(AbstractPipeline.java:570)
	at java.base/java.util.stream.ForEachOps$ForEachTask.compute(ForEachOps.java:293)
	at java.base/java.util.concurrent.CountedCompleter.exec(CountedCompleter.java:759)
	at java.base/java.util.concurrent.ForkJoinTask.doExec(ForkJoinTask.java:511)
	at java.base/java.util.concurrent.ForkJoinPool$WorkQueue.topLevelExec(ForkJoinPool.java:1450)
	at java.base/java.util.concurrent.ForkJoinPool.runWorker(ForkJoinPool.java:2019)
	at java.base/java.util.concurrent.ForkJoinWorkerThread.run(ForkJoinWorkerThread.java:187)
[ForkJoinPool.commonPool-worker-3] WARN org.reflections.Reflections - could not create Vfs.Dir from url. ignoring the exception and continuing
org.reflections.ReflectionsException: could not create Vfs.Dir from url, no matching UrlType was found [file:/C:/Users/a.basaleh/.jdks/openjdk-26.0.1!/jdk.charsets]
either use fromURL(final URL url, final List<UrlType> urlTypes) or use the static setDefaultURLTypes(final List<UrlType> urlTypes) or addDefaultURLTypes(UrlType urlType) with your specialized UrlType.
	at org.reflections.vfs.Vfs.fromURL(Vfs.java:113)
	at org.reflections.vfs.Vfs.fromURL(Vfs.java:95)
	at org.reflections.Reflections.lambda$scan$2(Reflections.java:176)
	at java.base/java.util.stream.ForEachOps$ForEachOp$OfRef.accept(ForEachOps.java:186)
	at java.base/java.util.HashMap$KeySpliterator.forEachRemaining(HashMap.java:1716)
	at java.base/java.util.stream.AbstractPipeline.copyInto(AbstractPipeline.java:570)
	at java.base/java.util.stream.ForEachOps$ForEachTask.compute(ForEachOps.java:293)
	at java.base/java.util.concurrent.CountedCompleter.exec(CountedCompleter.java:759)
	at java.base/java.util.concurrent.ForkJoinTask.doExec(ForkJoinTask.java:511)
	at java.base/java.util.concurrent.ForkJoinPool$WorkQueue.topLevelExec(ForkJoinPool.java:1450)
	at java.base/java.util.concurrent.ForkJoinPool.runWorker(ForkJoinPool.java:2019)
	at java.base/java.util.concurrent.ForkJoinWorkerThread.run(ForkJoinWorkerThread.java:187)
[ForkJoinPool.commonPool-worker-7] WARN org.reflections.Reflections - could not create Dir using com.thoughtworks.gauge.scan.ClasspathScanner$1@bd6a547 from url file:/C:/Users/a.basaleh/.jdks/openjdk-26.0.1!/java.instrument. skipping.
java.lang.NullPointerException: Cannot invoke "java.io.File.isDirectory()" because "file" is null
	at com.thoughtworks.gauge.scan.ClasspathScanner$1.createDir(ClasspathScanner.java:48)
	at org.reflections.vfs.Vfs.fromURL(Vfs.java:103)
	at org.reflections.vfs.Vfs.fromURL(Vfs.java:95)
	at org.reflections.Reflections.lambda$scan$2(Reflections.java:176)
	at java.base/java.util.stream.ForEachOps$ForEachOp$OfRef.accept(ForEachOps.java:186)
	at java.base/java.util.HashMap$KeySpliterator.forEachRemaining(HashMap.java:1716)
	at java.base/java.util.stream.AbstractPipeline.copyInto(AbstractPipeline.java:570)
	at java.base/java.util.stream.ForEachOps$ForEachTask.compute(ForEachOps.java:293)
	at java.base/java.util.concurrent.CountedCompleter.exec(CountedCompleter.java:759)
	at java.base/java.util.concurrent.ForkJoinTask.doExec(ForkJoinTask.java:511)
	at java.base/java.util.concurrent.ForkJoinPool$WorkQueue.topLevelExec(ForkJoinPool.java:1450)
	at java.base/java.util.concurrent.ForkJoinPool.runWorker(ForkJoinPool.java:2019)
	at java.base/java.util.concurrent.ForkJoinWorkerThread.run(ForkJoinWorkerThread.java:187)
[ForkJoinPool.commonPool-worker-7] WARN org.reflections.Reflections - could not create Vfs.Dir from url. ignoring the exception and continuing
org.reflections.ReflectionsException: could not create Vfs.Dir from url, no matching UrlType was found [file:/C:/Users/a.basaleh/.jdks/openjdk-26.0.1!/java.instrument]
either use fromURL(final URL url, final List<UrlType> urlTypes) or use the static setDefaultURLTypes(final List<UrlType> urlTypes) or addDefaultURLTypes(UrlType urlType) with your specialized UrlType.
	at org.reflections.vfs.Vfs.fromURL(Vfs.java:113)
	at org.reflections.vfs.Vfs.fromURL(Vfs.java:95)
	at org.reflections.Reflections.lambda$scan$2(Reflections.java:176)
	at java.base/java.util.stream.ForEachOps$ForEachOp$OfRef.accept(ForEachOps.java:186)
	at java.base/java.util.HashMap$KeySpliterator.forEachRemaining(HashMap.java:1716)
	at java.base/java.util.stream.AbstractPipeline.copyInto(AbstractPipeline.java:570)
	at java.base/java.util.stream.ForEachOps$ForEachTask.compute(ForEachOps.java:293)
	at java.base/java.util.concurrent.CountedCompleter.exec(CountedCompleter.java:759)
	at java.base/java.util.concurrent.ForkJoinTask.doExec(ForkJoinTask.java:511)
	at java.base/java.util.concurrent.ForkJoinPool$WorkQueue.topLevelExec(ForkJoinPool.java:1450)
	at java.base/java.util.concurrent.ForkJoinPool.runWorker(ForkJoinPool.java:2019)
	at java.base/java.util.concurrent.ForkJoinWorkerThread.run(ForkJoinWorkerThread.java:187)
[ForkJoinPool.commonPool-worker-7] WARN org.reflections.Reflections - could not create Dir using com.thoughtworks.gauge.scan.ClasspathScanner$1@bd6a547 from url file:/C:/Users/a.basaleh/.jdks/openjdk-26.0.1!/java.transaction.xa. skipping.
java.lang.NullPointerException: Cannot invoke "java.io.File.isDirectory()" because "file" is null
	at com.thoughtworks.gauge.scan.ClasspathScanner$1.createDir(ClasspathScanner.java:48)
	at org.reflections.vfs.Vfs.fromURL(Vfs.java:103)
	at org.reflections.vfs.Vfs.fromURL(Vfs.java:95)
	at org.reflections.Reflections.lambda$scan$2(Reflections.java:176)
	at java.base/java.util.stream.ForEachOps$ForEachOp$OfRef.accept(ForEachOps.java:186)
	at java.base/java.util.HashMap$KeySpliterator.forEachRemaining(HashMap.java:1716)
	at java.base/java.util.stream.AbstractPipeline.copyInto(AbstractPipeline.java:570)
	at java.base/java.util.stream.ForEachOps$ForEachTask.compute(ForEachOps.java:293)
	at java.base/java.util.concurrent.CountedCompleter.exec(CountedCompleter.java:759)
	at java.base/java.util.concurrent.ForkJoinTask.doExec(ForkJoinTask.java:511)
	at java.base/java.util.concurrent.ForkJoinPool$WorkQueue.topLevelExec(ForkJoinPool.java:1450)
	at java.base/java.util.concurrent.ForkJoinPool.runWorker(ForkJoinPool.java:2019)
	at java.base/java.util.concurrent.ForkJoinWorkerThread.run(ForkJoinWorkerThread.java:187)
[ForkJoinPool.commonPool-worker-7] WARN org.reflections.Reflections - could not create Vfs.Dir from url. ignoring the exception and continuing
org.reflections.ReflectionsException: could not create Vfs.Dir from url, no matching UrlType was found [file:/C:/Users/a.basaleh/.jdks/openjdk-26.0.1!/java.transaction.xa]
either use fromURL(final URL url, final List<UrlType> urlTypes) or use the static setDefaultURLTypes(final List<UrlType> urlTypes) or addDefaultURLTypes(UrlType urlType) with your specialized UrlType.
	at org.reflections.vfs.Vfs.fromURL(Vfs.java:113)
	at org.reflections.vfs.Vfs.fromURL(Vfs.java:95)
	at org.reflections.Reflections.lambda$scan$2(Reflections.java:176)
	at java.base/java.util.stream.ForEachOps$ForEachOp$OfRef.accept(ForEachOps.java:186)
	at java.base/java.util.HashMap$KeySpliterator.forEachRemaining(HashMap.java:1716)
	at java.base/java.util.stream.AbstractPipeline.copyInto(AbstractPipeline.java:570)
	at java.base/java.util.stream.ForEachOps$ForEachTask.compute(ForEachOps.java:293)
	at java.base/java.util.concurrent.CountedCompleter.exec(CountedCompleter.java:759)
	at java.base/java.util.concurrent.ForkJoinTask.doExec(ForkJoinTask.java:511)
	at java.base/java.util.concurrent.ForkJoinPool$WorkQueue.topLevelExec(ForkJoinPool.java:1450)
	at java.base/java.util.concurrent.ForkJoinPool.runWorker(ForkJoinPool.java:2019)
	at java.base/java.util.concurrent.ForkJoinWorkerThread.run(ForkJoinWorkerThread.java:187)
[ForkJoinPool.commonPool-worker-7] WARN org.reflections.Reflections - could not create Dir using com.thoughtworks.gauge.scan.ClasspathScanner$1@bd6a547 from url file:/C:/Users/a.basaleh/.jdks/openjdk-26.0.1!/java.rmi. skipping.
java.lang.NullPointerException: Cannot invoke "java.io.File.isDirectory()" because "file" is null
	at com.thoughtworks.gauge.scan.ClasspathScanner$1.createDir(ClasspathScanner.java:48)
	at org.reflections.vfs.Vfs.fromURL(Vfs.java:103)
	at org.reflections.vfs.Vfs.fromURL(Vfs.java:95)
	at org.reflections.Reflections.lambda$scan$2(Reflections.java:176)
	at java.base/java.util.stream.ForEachOps$ForEachOp$OfRef.accept(ForEachOps.java:186)
	at java.base/java.util.HashMap$KeySpliterator.forEachRemaining(HashMap.java:1716)
	at java.base/java.util.stream.AbstractPipeline.copyInto(AbstractPipeline.java:570)
	at java.base/java.util.stream.ForEachOps$ForEachTask.compute(ForEachOps.java:293)
	at java.base/java.util.concurrent.CountedCompleter.exec(CountedCompleter.java:759)
	at java.base/java.util.concurrent.ForkJoinTask.doExec(ForkJoinTask.java:511)
	at java.base/java.util.concurrent.ForkJoinPool$WorkQueue.topLevelExec(ForkJoinPool.java:1450)
	at java.base/java.util.concurrent.ForkJoinPool.runWorker(ForkJoinPool.java:2019)
	at java.base/java.util.concurrent.ForkJoinWorkerThread.run(ForkJoinWorkerThread.java:187)
[ForkJoinPool.commonPool-worker-7] WARN org.reflections.Reflections - could not create Vfs.Dir from url. ignoring the exception and continuing
org.reflections.ReflectionsException: could not create Vfs.Dir from url, no matching UrlType was found [file:/C:/Users/a.basaleh/.jdks/openjdk-26.0.1!/java.rmi]
either use fromURL(final URL url, final List<UrlType> urlTypes) or use the static setDefaultURLTypes(final List<UrlType> urlTypes) or addDefaultURLTypes(UrlType urlType) with your specialized UrlType.
	at org.reflections.vfs.Vfs.fromURL(Vfs.java:113)
	at org.reflections.vfs.Vfs.fromURL(Vfs.java:95)
	at org.reflections.Reflections.lambda$scan$2(Reflections.java:176)
	at java.base/java.util.stream.ForEachOps$ForEachOp$OfRef.accept(ForEachOps.java:186)
	at java.base/java.util.HashMap$KeySpliterator.forEachRemaining(HashMap.java:1716)
	at java.base/java.util.stream.AbstractPipeline.copyInto(AbstractPipeline.java:570)
	at java.base/java.util.stream.ForEachOps$ForEachTask.compute(ForEachOps.java:293)
	at java.base/java.util.concurrent.CountedCompleter.exec(CountedCompleter.java:759)
	at java.base/java.util.concurrent.ForkJoinTask.doExec(ForkJoinTask.java:511)
	at java.base/java.util.concurrent.ForkJoinPool$WorkQueue.topLevelExec(ForkJoinPool.java:1450)
	at java.base/java.util.concurrent.ForkJoinPool.runWorker(ForkJoinPool.java:2019)
	at java.base/java.util.concurrent.ForkJoinWorkerThread.run(ForkJoinWorkerThread.java:187)
[ForkJoinPool.commonPool-worker-7] WARN org.reflections.Reflections - could not create Dir using com.thoughtworks.gauge.scan.ClasspathScanner$1@bd6a547 from url file:/C:/Users/a.basaleh/.jdks/openjdk-26.0.1!/jdk.internal.vm.ci. skipping.
java.lang.NullPointerException: Cannot invoke "java.io.File.isDirectory()" because "file" is null
	at com.thoughtworks.gauge.scan.ClasspathScanner$1.createDir(ClasspathScanner.java:48)
	at org.reflections.vfs.Vfs.fromURL(Vfs.java:103)
	at org.reflections.vfs.Vfs.fromURL(Vfs.java:95)
	at org.reflections.Reflections.lambda$scan$2(Reflections.java:176)
	at java.base/java.util.stream.ForEachOps$ForEachOp$OfRef.accept(ForEachOps.java:186)
	at java.base/java.util.HashMap$KeySpliterator.forEachRemaining(HashMap.java:1716)
	at java.base/java.util.stream.AbstractPipeline.copyInto(AbstractPipeline.java:570)
	at java.base/java.util.stream.ForEachOps$ForEachTask.compute(ForEachOps.java:293)
	at java.base/java.util.concurrent.CountedCompleter.exec(CountedCompleter.java:759)
	at java.base/java.util.concurrent.ForkJoinTask.doExec(ForkJoinTask.java:511)
	at java.base/java.util.concurrent.ForkJoinPool$WorkQueue.topLevelExec(ForkJoinPool.java:1450)
	at java.base/java.util.concurrent.ForkJoinPool.runWorker(ForkJoinPool.java:2019)
	at java.base/java.util.concurrent.ForkJoinWorkerThread.run(ForkJoinWorkerThread.java:187)
[ForkJoinPool.commonPool-worker-7] WARN org.reflections.Reflections - could not create Vfs.Dir from url. ignoring the exception and continuing
org.reflections.ReflectionsException: could not create Vfs.Dir from url, no matching UrlType was found [file:/C:/Users/a.basaleh/.jdks/openjdk-26.0.1!/jdk.internal.vm.ci]
either use fromURL(final URL url, final List<UrlType> urlTypes) or use the static setDefaultURLTypes(final List<UrlType> urlTypes) or addDefaultURLTypes(UrlType urlType) with your specialized UrlType.
	at org.reflections.vfs.Vfs.fromURL(Vfs.java:113)
	at org.reflections.vfs.Vfs.fromURL(Vfs.java:95)
	at org.reflections.Reflections.lambda$scan$2(Reflections.java:176)
	at java.base/java.util.stream.ForEachOps$ForEachOp$OfRef.accept(ForEachOps.java:186)
	at java.base/java.util.HashMap$KeySpliterator.forEachRemaining(HashMap.java:1716)
	at java.base/java.util.stream.AbstractPipeline.copyInto(AbstractPipeline.java:570)
	at java.base/java.util.stream.ForEachOps$ForEachTask.compute(ForEachOps.java:293)
	at java.base/java.util.concurrent.CountedCompleter.exec(CountedCompleter.java:759)
	at java.base/java.util.concurrent.ForkJoinTask.doExec(ForkJoinTask.java:511)
	at java.base/java.util.concurrent.ForkJoinPool$WorkQueue.topLevelExec(ForkJoinPool.java:1450)
	at java.base/java.util.concurrent.ForkJoinPool.runWorker(ForkJoinPool.java:2019)
	at java.base/java.util.concurrent.ForkJoinWorkerThread.run(ForkJoinWorkerThread.java:187)
[ForkJoinPool.commonPool-worker-7] WARN org.reflections.Reflections - could not create Dir using com.thoughtworks.gauge.scan.ClasspathScanner$1@bd6a547 from url file:/C:/Users/a.basaleh/.jdks/openjdk-26.0.1!/jdk.management.agent. skipping.
java.lang.NullPointerException: Cannot invoke "java.io.File.isDirectory()" because "file" is null
	at com.thoughtworks.gauge.scan.ClasspathScanner$1.createDir(ClasspathScanner.java:48)
	at org.reflections.vfs.Vfs.fromURL(Vfs.java:103)
	at org.reflections.vfs.Vfs.fromURL(Vfs.java:95)
	at org.reflections.Reflections.lambda$scan$2(Reflections.java:176)
	at java.base/java.util.stream.ForEachOps$ForEachOp$OfRef.accept(ForEachOps.java:186)
	at java.base/java.util.HashMap$KeySpliterator.forEachRemaining(HashMap.java:1716)
	at java.base/java.util.stream.AbstractPipeline.copyInto(AbstractPipeline.java:570)
	at java.base/java.util.stream.ForEachOps$ForEachTask.compute(ForEachOps.java:293)
	at java.base/java.util.concurrent.CountedCompleter.exec(CountedCompleter.java:759)
	at java.base/java.util.concurrent.ForkJoinTask.doExec(ForkJoinTask.java:511)
	at java.base/java.util.concurrent.ForkJoinPool$WorkQueue.topLevelExec(ForkJoinPool.java:1450)
	at java.base/java.util.concurrent.ForkJoinPool.runWorker(ForkJoinPool.java:2019)
	at java.base/java.util.concurrent.ForkJoinWorkerThread.run(ForkJoinWorkerThread.java:187)
[ForkJoinPool.commonPool-worker-7] WARN org.reflections.Reflections - could not create Vfs.Dir from url. ignoring the exception and continuing
org.reflections.ReflectionsException: could not create Vfs.Dir from url, no matching UrlType was found [file:/C:/Users/a.basaleh/.jdks/openjdk-26.0.1!/jdk.management.agent]
either use fromURL(final URL url, final List<UrlType> urlTypes) or use the static setDefaultURLTypes(final List<UrlType> urlTypes) or addDefaultURLTypes(UrlType urlType) with your specialized UrlType.
	at org.reflections.vfs.Vfs.fromURL(Vfs.java:113)
	at org.reflections.vfs.Vfs.fromURL(Vfs.java:95)
	at org.reflections.Reflections.lambda$scan$2(Reflections.java:176)
	at java.base/java.util.stream.ForEachOps$ForEachOp$OfRef.accept(ForEachOps.java:186)
	at java.base/java.util.HashMap$KeySpliterator.forEachRemaining(HashMap.java:1716)
	at java.base/java.util.stream.AbstractPipeline.copyInto(AbstractPipeline.java:570)
	at java.base/java.util.stream.ForEachOps$ForEachTask.compute(ForEachOps.java:293)
	at java.base/java.util.concurrent.CountedCompleter.exec(CountedCompleter.java:759)
	at java.base/java.util.concurrent.ForkJoinTask.doExec(ForkJoinTask.java:511)
	at java.base/java.util.concurrent.ForkJoinPool$WorkQueue.topLevelExec(ForkJoinPool.java:1450)
	at java.base/java.util.concurrent.ForkJoinPool.runWorker(ForkJoinPool.java:2019)
	at java.base/java.util.concurrent.ForkJoinWorkerThread.run(ForkJoinWorkerThread.java:187)
[ForkJoinPool.commonPool-worker-7] WARN org.reflections.Reflections - could not create Dir using com.thoughtworks.gauge.scan.ClasspathScanner$1@bd6a547 from url file:/C:/Users/a.basaleh/.jdks/openjdk-26.0.1!/jdk.crypto.cryptoki. skipping.
java.lang.NullPointerException: Cannot invoke "java.io.File.isDirectory()" because "file" is null
	at com.thoughtworks.gauge.scan.ClasspathScanner$1.createDir(ClasspathScanner.java:48)
	at org.reflections.vfs.Vfs.fromURL(Vfs.java:103)
	at org.reflections.vfs.Vfs.fromURL(Vfs.java:95)
	at org.reflections.Reflections.lambda$scan$2(Reflections.java:176)
	at java.base/java.util.stream.ForEachOps$ForEachOp$OfRef.accept(ForEachOps.java:186)
	at java.base/java.util.HashMap$KeySpliterator.forEachRemaining(HashMap.java:1716)
	at java.base/java.util.stream.AbstractPipeline.copyInto(AbstractPipeline.java:570)
	at java.base/java.util.stream.ForEachOps$ForEachTask.compute(ForEachOps.java:293)
	at java.base/java.util.concurrent.CountedCompleter.exec(CountedCompleter.java:759)
	at java.base/java.util.concurrent.ForkJoinTask.doExec(ForkJoinTask.java:511)
	at java.base/java.util.concurrent.ForkJoinPool$WorkQueue.topLevelExec(ForkJoinPool.java:1450)
	at java.base/java.util.concurrent.ForkJoinPool.runWorker(ForkJoinPool.java:2019)
	at java.base/java.util.concurrent.ForkJoinWorkerThread.run(ForkJoinWorkerThread.java:187)
[ForkJoinPool.commonPool-worker-7] WARN org.reflections.Reflections - could not create Vfs.Dir from url. ignoring the exception and continuing
org.reflections.ReflectionsException: could not create Vfs.Dir from url, no matching UrlType was found [file:/C:/Users/a.basaleh/.jdks/openjdk-26.0.1!/jdk.crypto.cryptoki]
either use fromURL(final URL url, final List<UrlType> urlTypes) or use the static setDefaultURLTypes(final List<UrlType> urlTypes) or addDefaultURLTypes(UrlType urlType) with your specialized UrlType.
	at org.reflections.vfs.Vfs.fromURL(Vfs.java:113)
	at org.reflections.vfs.Vfs.fromURL(Vfs.java:95)
	at org.reflections.Reflections.lambda$scan$2(Reflections.java:176)
	at java.base/java.util.stream.ForEachOps$ForEachOp$OfRef.accept(ForEachOps.java:186)
	at java.base/java.util.HashMap$KeySpliterator.forEachRemaining(HashMap.java:1716)
	at java.base/java.util.stream.AbstractPipeline.copyInto(AbstractPipeline.java:570)
	at java.base/java.util.stream.ForEachOps$ForEachTask.compute(ForEachOps.java:293)
	at java.base/java.util.concurrent.CountedCompleter.exec(CountedCompleter.java:759)
	at java.base/java.util.concurrent.ForkJoinTask.doExec(ForkJoinTask.java:511)
	at java.base/java.util.concurrent.ForkJoinPool$WorkQueue.topLevelExec(ForkJoinPool.java:1450)
	at java.base/java.util.concurrent.ForkJoinPool.runWorker(ForkJoinPool.java:2019)
	at java.base/java.util.concurrent.ForkJoinWorkerThread.run(ForkJoinWorkerThread.java:187)
[ForkJoinPool.commonPool-worker-6] WARN org.reflections.Reflections - could not create Dir using com.thoughtworks.gauge.scan.ClasspathScanner$1@bd6a547 from url file:/C:/Users/a.basaleh/.jdks/openjdk-26.0.1!/jdk.compiler. skipping.
java.lang.NullPointerException: Cannot invoke "java.io.File.isDirectory()" because "file" is null
	at com.thoughtworks.gauge.scan.ClasspathScanner$1.createDir(ClasspathScanner.java:48)
	at org.reflections.vfs.Vfs.fromURL(Vfs.java:103)
	at org.reflections.vfs.Vfs.fromURL(Vfs.java:95)
	at org.reflections.Reflections.lambda$scan$2(Reflections.java:176)
	at java.base/java.util.stream.ForEachOps$ForEachOp$OfRef.accept(ForEachOps.java:186)
	at java.base/java.util.HashMap$KeySpliterator.forEachRemaining(HashMap.java:1716)
	at java.base/java.util.stream.AbstractPipeline.copyInto(AbstractPipeline.java:570)
	at java.base/java.util.stream.ForEachOps$ForEachTask.compute(ForEachOps.java:293)
	at java.base/java.util.concurrent.CountedCompleter.exec(CountedCompleter.java:759)
	at java.base/java.util.concurrent.ForkJoinTask.doExec(ForkJoinTask.java:511)
	at java.base/java.util.concurrent.ForkJoinPool$WorkQueue.topLevelExec(ForkJoinPool.java:1450)
	at java.base/java.util.concurrent.ForkJoinPool.runWorker(ForkJoinPool.java:2019)
	at java.base/java.util.concurrent.ForkJoinWorkerThread.run(ForkJoinWorkerThread.java:187)
[ForkJoinPool.commonPool-worker-6] WARN org.reflections.Reflections - could not create Vfs.Dir from url. ignoring the exception and continuing
org.reflections.ReflectionsException: could not create Vfs.Dir from url, no matching UrlType was found [file:/C:/Users/a.basaleh/.jdks/openjdk-26.0.1!/jdk.compiler]
either use fromURL(final URL url, final List<UrlType> urlTypes) or use the static setDefaultURLTypes(final List<UrlType> urlTypes) or addDefaultURLTypes(UrlType urlType) with your specialized UrlType.
	at org.reflections.vfs.Vfs.fromURL(Vfs.java:113)
	at org.reflections.vfs.Vfs.fromURL(Vfs.java:95)
	at org.reflections.Reflections.lambda$scan$2(Reflections.java:176)
	at java.base/java.util.stream.ForEachOps$ForEachOp$OfRef.accept(ForEachOps.java:186)
	at java.base/java.util.HashMap$KeySpliterator.forEachRemaining(HashMap.java:1716)
	at java.base/java.util.stream.AbstractPipeline.copyInto(AbstractPipeline.java:570)
	at java.base/java.util.stream.ForEachOps$ForEachTask.compute(ForEachOps.java:293)
	at java.base/java.util.concurrent.CountedCompleter.exec(CountedCompleter.java:759)
	at java.base/java.util.concurrent.ForkJoinTask.doExec(ForkJoinTask.java:511)
	at java.base/java.util.concurrent.ForkJoinPool$WorkQueue.topLevelExec(ForkJoinPool.java:1450)
	at java.base/java.util.concurrent.ForkJoinPool.runWorker(ForkJoinPool.java:2019)
	at java.base/java.util.concurrent.ForkJoinWorkerThread.run(ForkJoinWorkerThread.java:187)
[ForkJoinPool.commonPool-worker-6] WARN org.reflections.Reflections - could not create Dir using com.thoughtworks.gauge.scan.ClasspathScanner$1@bd6a547 from url file:/C:/Users/a.basaleh/.jdks/openjdk-26.0.1!/jdk.net. skipping.
java.lang.NullPointerException: Cannot invoke "java.io.File.isDirectory()" because "file" is null
	at com.thoughtworks.gauge.scan.ClasspathScanner$1.createDir(ClasspathScanner.java:48)
	at org.reflections.vfs.Vfs.fromURL(Vfs.java:103)
	at org.reflections.vfs.Vfs.fromURL(Vfs.java:95)
	at org.reflections.Reflections.lambda$scan$2(Reflections.java:176)
	at java.base/java.util.stream.ForEachOps$ForEachOp$OfRef.accept(ForEachOps.java:186)
	at java.base/java.util.HashMap$KeySpliterator.forEachRemaining(HashMap.java:1716)
	at java.base/java.util.stream.AbstractPipeline.copyInto(AbstractPipeline.java:570)
	at java.base/java.util.stream.ForEachOps$ForEachTask.compute(ForEachOps.java:293)
	at java.base/java.util.concurrent.CountedCompleter.exec(CountedCompleter.java:759)
	at java.base/java.util.concurrent.ForkJoinTask.doExec(ForkJoinTask.java:511)
	at java.base/java.util.concurrent.ForkJoinPool$WorkQueue.topLevelExec(ForkJoinPool.java:1450)
	at java.base/java.util.concurrent.ForkJoinPool.runWorker(ForkJoinPool.java:2019)
	at java.base/java.util.concurrent.ForkJoinWorkerThread.run(ForkJoinWorkerThread.java:187)
[ForkJoinPool.commonPool-worker-6] WARN org.reflections.Reflections - could not create Vfs.Dir from url. ignoring the exception and continuing
org.reflections.ReflectionsException: could not create Vfs.Dir from url, no matching UrlType was found [file:/C:/Users/a.basaleh/.jdks/openjdk-26.0.1!/jdk.net]
either use fromURL(final URL url, final List<UrlType> urlTypes) or use the static setDefaultURLTypes(final List<UrlType> urlTypes) or addDefaultURLTypes(UrlType urlType) with your specialized UrlType.
	at org.reflections.vfs.Vfs.fromURL(Vfs.java:113)
	at org.reflections.vfs.Vfs.fromURL(Vfs.java:95)
	at org.reflections.Reflections.lambda$scan$2(Reflections.java:176)
	at java.base/java.util.stream.ForEachOps$ForEachOp$OfRef.accept(ForEachOps.java:186)
	at java.base/java.util.HashMap$KeySpliterator.forEachRemaining(HashMap.java:1716)
	at java.base/java.util.stream.AbstractPipeline.copyInto(AbstractPipeline.java:570)
	at java.base/java.util.stream.ForEachOps$ForEachTask.compute(ForEachOps.java:293)
	at java.base/java.util.concurrent.CountedCompleter.exec(CountedCompleter.java:759)
	at java.base/java.util.concurrent.ForkJoinTask.doExec(ForkJoinTask.java:511)
	at java.base/java.util.concurrent.ForkJoinPool$WorkQueue.topLevelExec(ForkJoinPool.java:1450)
	at java.base/java.util.concurrent.ForkJoinPool.runWorker(ForkJoinPool.java:2019)
	at java.base/java.util.concurrent.ForkJoinWorkerThread.run(ForkJoinWorkerThread.java:187)
[ForkJoinPool.commonPool-worker-8] WARN org.reflections.Reflections - could not create Dir using com.thoughtworks.gauge.scan.ClasspathScanner$1@bd6a547 from url file:/C:/Users/a.basaleh/.jdks/openjdk-26.0.1!/java.scripting. skipping.
java.lang.NullPointerException: Cannot invoke "java.io.File.isDirectory()" because "file" is null
	at com.thoughtworks.gauge.scan.ClasspathScanner$1.createDir(ClasspathScanner.java:48)
	at org.reflections.vfs.Vfs.fromURL(Vfs.java:103)
	at org.reflections.vfs.Vfs.fromURL(Vfs.java:95)
	at org.reflections.Reflections.lambda$scan$2(Reflections.java:176)
	at java.base/java.util.stream.ForEachOps$ForEachOp$OfRef.accept(ForEachOps.java:186)
	at java.base/java.util.HashMap$KeySpliterator.forEachRemaining(HashMap.java:1716)
	at java.base/java.util.stream.AbstractPipeline.copyInto(AbstractPipeline.java:570)
	at java.base/java.util.stream.ForEachOps$ForEachTask.compute(ForEachOps.java:293)
	at java.base/java.util.concurrent.CountedCompleter.exec(CountedCompleter.java:759)
	at java.base/java.util.concurrent.ForkJoinTask.doExec(ForkJoinTask.java:511)
	at java.base/java.util.concurrent.ForkJoinPool$WorkQueue.topLevelExec(ForkJoinPool.java:1450)
	at java.base/java.util.concurrent.ForkJoinPool.runWorker(ForkJoinPool.java:2019)
	at java.base/java.util.concurrent.ForkJoinWorkerThread.run(ForkJoinWorkerThread.java:187)
[ForkJoinPool.commonPool-worker-8] WARN org.reflections.Reflections - could not create Vfs.Dir from url. ignoring the exception and continuing
org.reflections.ReflectionsException: could not create Vfs.Dir from url, no matching UrlType was found [file:/C:/Users/a.basaleh/.jdks/openjdk-26.0.1!/java.scripting]
either use fromURL(final URL url, final List<UrlType> urlTypes) or use the static setDefaultURLTypes(final List<UrlType> urlTypes) or addDefaultURLTypes(UrlType urlType) with your specialized UrlType.
	at org.reflections.vfs.Vfs.fromURL(Vfs.java:113)
	at org.reflections.vfs.Vfs.fromURL(Vfs.java:95)
	at org.reflections.Reflections.lambda$scan$2(Reflections.java:176)
	at java.base/java.util.stream.ForEachOps$ForEachOp$OfRef.accept(ForEachOps.java:186)
	at java.base/java.util.HashMap$KeySpliterator.forEachRemaining(HashMap.java:1716)
	at java.base/java.util.stream.AbstractPipeline.copyInto(AbstractPipeline.java:570)
	at java.base/java.util.stream.ForEachOps$ForEachTask.compute(ForEachOps.java:293)
	at java.base/java.util.concurrent.CountedCompleter.exec(CountedCompleter.java:759)
	at java.base/java.util.concurrent.ForkJoinTask.doExec(ForkJoinTask.java:511)
	at java.base/java.util.concurrent.ForkJoinPool$WorkQueue.topLevelExec(ForkJoinPool.java:1450)
	at java.base/java.util.concurrent.ForkJoinPool.runWorker(ForkJoinPool.java:2019)
	at java.base/java.util.concurrent.ForkJoinWorkerThread.run(ForkJoinWorkerThread.java:187)
[ForkJoinPool.commonPool-worker-8] WARN org.reflections.Reflections - could not create Dir using com.thoughtworks.gauge.scan.ClasspathScanner$1@bd6a547 from url file:/C:/Users/a.basaleh/.jdks/openjdk-26.0.1!/jdk.hotspot.agent. skipping.
java.lang.NullPointerException: Cannot invoke "java.io.File.isDirectory()" because "file" is null
	at com.thoughtworks.gauge.scan.ClasspathScanner$1.createDir(ClasspathScanner.java:48)
	at org.reflections.vfs.Vfs.fromURL(Vfs.java:103)
	at org.reflections.vfs.Vfs.fromURL(Vfs.java:95)
	at org.reflections.Reflections.lambda$scan$2(Reflections.java:176)
	at java.base/java.util.stream.ForEachOps$ForEachOp$OfRef.accept(ForEachOps.java:186)
	at java.base/java.util.HashMap$KeySpliterator.forEachRemaining(HashMap.java:1716)
	at java.base/java.util.stream.AbstractPipeline.copyInto(AbstractPipeline.java:570)
	at java.base/java.util.stream.ForEachOps$ForEachTask.compute(ForEachOps.java:293)
	at java.base/java.util.concurrent.CountedCompleter.exec(CountedCompleter.java:759)
	at java.base/java.util.concurrent.ForkJoinTask.doExec(ForkJoinTask.java:511)
	at java.base/java.util.concurrent.ForkJoinPool$WorkQueue.topLevelExec(ForkJoinPool.java:1450)
	at java.base/java.util.concurrent.ForkJoinPool.runWorker(ForkJoinPool.java:2019)
	at java.base/java.util.concurrent.ForkJoinWorkerThread.run(ForkJoinWorkerThread.java:187)
[ForkJoinPool.commonPool-worker-8] WARN org.reflections.Reflections - could not create Vfs.Dir from url. ignoring the exception and continuing
org.reflections.ReflectionsException: could not create Vfs.Dir from url, no matching UrlType was found [file:/C:/Users/a.basaleh/.jdks/openjdk-26.0.1!/jdk.hotspot.agent]
either use fromURL(final URL url, final List<UrlType> urlTypes) or use the static setDefaultURLTypes(final List<UrlType> urlTypes) or addDefaultURLTypes(UrlType urlType) with your specialized UrlType.
	at org.reflections.vfs.Vfs.fromURL(Vfs.java:113)
	at org.reflections.vfs.Vfs.fromURL(Vfs.java:95)
	at org.reflections.Reflections.lambda$scan$2(Reflections.java:176)
	at java.base/java.util.stream.ForEachOps$ForEachOp$OfRef.accept(ForEachOps.java:186)
	at java.base/java.util.HashMap$KeySpliterator.forEachRemaining(HashMap.java:1716)
	at java.base/java.util.stream.AbstractPipeline.copyInto(AbstractPipeline.java:570)
	at java.base/java.util.stream.ForEachOps$ForEachTask.compute(ForEachOps.java:293)
	at java.base/java.util.concurrent.CountedCompleter.exec(CountedCompleter.java:759)
	at java.base/java.util.concurrent.ForkJoinTask.doExec(ForkJoinTask.java:511)
	at java.base/java.util.concurrent.ForkJoinPool$WorkQueue.topLevelExec(ForkJoinPool.java:1450)
	at java.base/java.util.concurrent.ForkJoinPool.runWorker(ForkJoinPool.java:2019)
	at java.base/java.util.concurrent.ForkJoinWorkerThread.run(ForkJoinWorkerThread.java:187)
[ForkJoinPool.commonPool-worker-8] WARN org.reflections.Reflections - could not create Dir using com.thoughtworks.gauge.scan.ClasspathScanner$1@bd6a547 from url file:/C:/Users/a.basaleh/.jdks/openjdk-26.0.1!/jdk.localedata. skipping.
java.lang.NullPointerException: Cannot invoke "java.io.File.isDirectory()" because "file" is null
	at com.thoughtworks.gauge.scan.ClasspathScanner$1.createDir(ClasspathScanner.java:48)
	at org.reflections.vfs.Vfs.fromURL(Vfs.java:103)
	at org.reflections.vfs.Vfs.fromURL(Vfs.java:95)
	at org.reflections.Reflections.lambda$scan$2(Reflections.java:176)
	at java.base/java.util.stream.ForEachOps$ForEachOp$OfRef.accept(ForEachOps.java:186)
	at java.base/java.util.HashMap$KeySpliterator.forEachRemaining(HashMap.java:1716)
	at java.base/java.util.stream.AbstractPipeline.copyInto(AbstractPipeline.java:570)
	at java.base/java.util.stream.ForEachOps$ForEachTask.compute(ForEachOps.java:293)
	at java.base/java.util.concurrent.CountedCompleter.exec(CountedCompleter.java:759)
	at java.base/java.util.concurrent.ForkJoinTask.doExec(ForkJoinTask.java:511)
	at java.base/java.util.concurrent.ForkJoinPool$WorkQueue.topLevelExec(ForkJoinPool.java:1450)
	at java.base/java.util.concurrent.ForkJoinPool.runWorker(ForkJoinPool.java:2019)
	at java.base/java.util.concurrent.ForkJoinWorkerThread.run(ForkJoinWorkerThread.java:187)
[ForkJoinPool.commonPool-worker-8] WARN org.reflections.Reflections - could not create Vfs.Dir from url. ignoring the exception and continuing
org.reflections.ReflectionsException: could not create Vfs.Dir from url, no matching UrlType was found [file:/C:/Users/a.basaleh/.jdks/openjdk-26.0.1!/jdk.localedata]
either use fromURL(final URL url, final List<UrlType> urlTypes) or use the static setDefaultURLTypes(final List<UrlType> urlTypes) or addDefaultURLTypes(UrlType urlType) with your specialized UrlType.
	at org.reflections.vfs.Vfs.fromURL(Vfs.java:113)
	at org.reflections.vfs.Vfs.fromURL(Vfs.java:95)
	at org.reflections.Reflections.lambda$scan$2(Reflections.java:176)
	at java.base/java.util.stream.ForEachOps$ForEachOp$OfRef.accept(ForEachOps.java:186)
	at java.base/java.util.HashMap$KeySpliterator.forEachRemaining(HashMap.java:1716)
	at java.base/java.util.stream.AbstractPipeline.copyInto(AbstractPipeline.java:570)
	at java.base/java.util.stream.ForEachOps$ForEachTask.compute(ForEachOps.java:293)
	at java.base/java.util.concurrent.CountedCompleter.exec(CountedCompleter.java:759)
	at java.base/java.util.concurrent.ForkJoinTask.doExec(ForkJoinTask.java:511)
	at java.base/java.util.concurrent.ForkJoinPool$WorkQueue.topLevelExec(ForkJoinPool.java:1450)
	at java.base/java.util.concurrent.ForkJoinPool.runWorker(ForkJoinPool.java:2019)
	at java.base/java.util.concurrent.ForkJoinWorkerThread.run(ForkJoinWorkerThread.java:187)
[pool-1-thread-1] WARN org.reflections.Reflections - could not create Dir using com.thoughtworks.gauge.scan.ClasspathScanner$1@bd6a547 from url file:/C:/Users/a.basaleh/.jdks/openjdk-26.0.1!/java.sql. skipping.
java.lang.NullPointerException: Cannot invoke "java.io.File.isDirectory()" because "file" is null
	at com.thoughtworks.gauge.scan.ClasspathScanner$1.createDir(ClasspathScanner.java:48)
	at org.reflections.vfs.Vfs.fromURL(Vfs.java:103)
	at org.reflections.vfs.Vfs.fromURL(Vfs.java:95)
	at org.reflections.Reflections.lambda$scan$2(Reflections.java:176)
	at java.base/java.util.stream.ForEachOps$ForEachOp$OfRef.accept(ForEachOps.java:186)
	at java.base/java.util.HashMap$KeySpliterator.forEachRemaining(HashMap.java:1716)
	at java.base/java.util.stream.AbstractPipeline.copyInto(AbstractPipeline.java:570)
	at java.base/java.util.stream.ForEachOps$ForEachTask.compute(ForEachOps.java:293)
	at java.base/java.util.concurrent.CountedCompleter.exec(CountedCompleter.java:759)
	at java.base/java.util.concurrent.ForkJoinTask.doExec(ForkJoinTask.java:511)
	at java.base/java.util.concurrent.ForkJoinPool$WorkQueue.helpComplete(ForkJoinPool.java:1537)
	at java.base/java.util.concurrent.ForkJoinPool.helpComplete(ForkJoinPool.java:2332)
	at java.base/java.util.concurrent.ForkJoinTask.awaitDone(ForkJoinTask.java:497)
	at java.base/java.util.concurrent.ForkJoinTask.join(ForkJoinTask.java:669)
	at java.base/java.util.concurrent.ForkJoinTask.invoke(ForkJoinTask.java:684)
	at java.base/java.util.stream.ForEachOps$ForEachOp.evaluateParallel(ForEachOps.java:162)
	at java.base/java.util.stream.ForEachOps$ForEachOp$OfRef.evaluateParallel(ForEachOps.java:176)
	at java.base/java.util.stream.AbstractPipeline.evaluate(AbstractPipeline.java:264)
	at java.base/java.util.stream.ReferencePipeline.forEach(ReferencePipeline.java:632)
	at java.base/java.util.stream.ReferencePipeline$Head.forEach(ReferencePipeline.java:806)
	at org.reflections.Reflections.scan(Reflections.java:173)
	at org.reflections.Reflections.<init>(Reflections.java:126)
	at com.thoughtworks.gauge.scan.ClasspathScanner.createReflections(ClasspathScanner.java:57)
	at com.thoughtworks.gauge.scan.ClasspathScanner.scan(ClasspathScanner.java:32)
	at com.thoughtworks.gauge.connection.MessageProcessorFactory.lambda$new$0(MessageProcessorFactory.java:49)
	at java.base/java.util.concurrent.Executors$RunnableAdapter.call(Executors.java:545)
	at java.base/java.util.concurrent.FutureTask.run(FutureTask.java:330)
	at java.base/java.util.concurrent.ThreadPoolExecutor.runWorker(ThreadPoolExecutor.java:1090)
	at java.base/java.util.concurrent.ThreadPoolExecutor$Worker.run(ThreadPoolExecutor.java:614)
	at java.base/java.lang.Thread.run(Thread.java:1516)
[pool-1-thread-1] WARN org.reflections.Reflections - could not create Vfs.Dir from url. ignoring the exception and continuing
org.reflections.ReflectionsException: could not create Vfs.Dir from url, no matching UrlType was found [file:/C:/Users/a.basaleh/.jdks/openjdk-26.0.1!/java.sql]
either use fromURL(final URL url, final List<UrlType> urlTypes) or use the static setDefaultURLTypes(final List<UrlType> urlTypes) or addDefaultURLTypes(UrlType urlType) with your specialized UrlType.
	at org.reflections.vfs.Vfs.fromURL(Vfs.java:113)
	at org.reflections.vfs.Vfs.fromURL(Vfs.java:95)
	at org.reflections.Reflections.lambda$scan$2(Reflections.java:176)
	at java.base/java.util.stream.ForEachOps$ForEachOp$OfRef.accept(ForEachOps.java:186)
	at java.base/java.util.HashMap$KeySpliterator.forEachRemaining(HashMap.java:1716)
	at java.base/java.util.stream.AbstractPipeline.copyInto(AbstractPipeline.java:570)
	at java.base/java.util.stream.ForEachOps$ForEachTask.compute(ForEachOps.java:293)
	at java.base/java.util.concurrent.CountedCompleter.exec(CountedCompleter.java:759)
	at java.base/java.util.concurrent.ForkJoinTask.doExec(ForkJoinTask.java:511)
	at java.base/java.util.concurrent.ForkJoinPool$WorkQueue.helpComplete(ForkJoinPool.java:1537)
	at java.base/java.util.concurrent.ForkJoinPool.helpComplete(ForkJoinPool.java:2332)
	at java.base/java.util.concurrent.ForkJoinTask.awaitDone(ForkJoinTask.java:497)
	at java.base/java.util.concurrent.ForkJoinTask.join(ForkJoinTask.java:669)
	at java.base/java.util.concurrent.ForkJoinTask.invoke(ForkJoinTask.java:684)
	at java.base/java.util.stream.ForEachOps$ForEachOp.evaluateParallel(ForEachOps.java:162)
	at java.base/java.util.stream.ForEachOps$ForEachOp$OfRef.evaluateParallel(ForEachOps.java:176)
	at java.base/java.util.stream.AbstractPipeline.evaluate(AbstractPipeline.java:264)
	at java.base/java.util.stream.ReferencePipeline.forEach(ReferencePipeline.java:632)
	at java.base/java.util.stream.ReferencePipeline$Head.forEach(ReferencePipeline.java:806)
	at org.reflections.Reflections.scan(Reflections.java:173)
	at org.reflections.Reflections.<init>(Reflections.java:126)
	at com.thoughtworks.gauge.scan.ClasspathScanner.createReflections(ClasspathScanner.java:57)
	at com.thoughtworks.gauge.scan.ClasspathScanner.scan(ClasspathScanner.java:32)
	at com.thoughtworks.gauge.connection.MessageProcessorFactory.lambda$new$0(MessageProcessorFactory.java:49)
	at java.base/java.util.concurrent.Executors$RunnableAdapter.call(Executors.java:545)
	at java.base/java.util.concurrent.FutureTask.run(FutureTask.java:330)
	at java.base/java.util.concurrent.ThreadPoolExecutor.runWorker(ThreadPoolExecutor.java:1090)
	at java.base/java.util.concurrent.ThreadPoolExecutor$Worker.run(ThreadPoolExecutor.java:614)
	at java.base/java.lang.Thread.run(Thread.java:1516)
[ForkJoinPool.commonPool-worker-4] WARN org.reflections.Reflections - could not create Dir using com.thoughtworks.gauge.scan.ClasspathScanner$1@bd6a547 from url file:/C:/Users/a.basaleh/.jdks/openjdk-26.0.1!/jdk.jdeps. skipping.
java.lang.NullPointerException: Cannot invoke "java.io.File.isDirectory()" because "file" is null
	at com.thoughtworks.gauge.scan.ClasspathScanner$1.createDir(ClasspathScanner.java:48)
	at org.reflections.vfs.Vfs.fromURL(Vfs.java:103)
	at org.reflections.vfs.Vfs.fromURL(Vfs.java:95)
	at org.reflections.Reflections.lambda$scan$2(Reflections.java:176)
	at java.base/java.util.stream.ForEachOps$ForEachOp$OfRef.accept(ForEachOps.java:186)
	at java.base/java.util.HashMap$KeySpliterator.forEachRemaining(HashMap.java:1716)
	at java.base/java.util.stream.AbstractPipeline.copyInto(AbstractPipeline.java:570)
	at java.base/java.util.stream.ForEachOps$ForEachTask.compute(ForEachOps.java:293)
	at java.base/java.util.concurrent.CountedCompleter.exec(CountedCompleter.java:759)
	at java.base/java.util.concurrent.ForkJoinTask.doExec(ForkJoinTask.java:511)
	at java.base/java.util.concurrent.ForkJoinPool$WorkQueue.topLevelExec(ForkJoinPool.java:1450)
	at java.base/java.util.concurrent.ForkJoinPool.runWorker(ForkJoinPool.java:2019)
	at java.base/java.util.concurrent.ForkJoinWorkerThread.run(ForkJoinWorkerThread.java:187)
[ForkJoinPool.commonPool-worker-4] WARN org.reflections.Reflections - could not create Vfs.Dir from url. ignoring the exception and continuing
org.reflections.ReflectionsException: could not create Vfs.Dir from url, no matching UrlType was found [file:/C:/Users/a.basaleh/.jdks/openjdk-26.0.1!/jdk.jdeps]
either use fromURL(final URL url, final List<UrlType> urlTypes) or use the static setDefaultURLTypes(final List<UrlType> urlTypes) or addDefaultURLTypes(UrlType urlType) with your specialized UrlType.
	at org.reflections.vfs.Vfs.fromURL(Vfs.java:113)
	at org.reflections.vfs.Vfs.fromURL(Vfs.java:95)
	at org.reflections.Reflections.lambda$scan$2(Reflections.java:176)
	at java.base/java.util.stream.ForEachOps$ForEachOp$OfRef.accept(ForEachOps.java:186)
	at java.base/java.util.HashMap$KeySpliterator.forEachRemaining(HashMap.java:1716)
	at java.base/java.util.stream.AbstractPipeline.copyInto(AbstractPipeline.java:570)
	at java.base/java.util.stream.ForEachOps$ForEachTask.compute(ForEachOps.java:293)
	at java.base/java.util.concurrent.CountedCompleter.exec(CountedCompleter.java:759)
	at java.base/java.util.concurrent.ForkJoinTask.doExec(ForkJoinTask.java:511)
	at java.base/java.util.concurrent.ForkJoinPool$WorkQueue.topLevelExec(ForkJoinPool.java:1450)
	at java.base/java.util.concurrent.ForkJoinPool.runWorker(ForkJoinPool.java:2019)
	at java.base/java.util.concurrent.ForkJoinWorkerThread.run(ForkJoinWorkerThread.java:187)
[ForkJoinPool.commonPool-worker-9] WARN org.reflections.Reflections - could not create Dir using com.thoughtworks.gauge.scan.ClasspathScanner$1@bd6a547 from url file:/C:/Users/a.basaleh/.jdks/openjdk-26.0.1!/java.compiler. skipping.
java.lang.NullPointerException: Cannot invoke "java.io.File.isDirectory()" because "file" is null
	at com.thoughtworks.gauge.scan.ClasspathScanner$1.createDir(ClasspathScanner.java:48)
	at org.reflections.vfs.Vfs.fromURL(Vfs.java:103)
	at org.reflections.vfs.Vfs.fromURL(Vfs.java:95)
	at org.reflections.Reflections.lambda$scan$2(Reflections.java:176)
	at java.base/java.util.stream.ForEachOps$ForEachOp$OfRef.accept(ForEachOps.java:186)
	at java.base/java.util.HashMap$KeySpliterator.forEachRemaining(HashMap.java:1716)
	at java.base/java.util.stream.AbstractPipeline.copyInto(AbstractPipeline.java:570)
	at java.base/java.util.stream.ForEachOps$ForEachTask.compute(ForEachOps.java:293)
	at java.base/java.util.concurrent.CountedCompleter.exec(CountedCompleter.java:759)
	at java.base/java.util.concurrent.ForkJoinTask.doExec(ForkJoinTask.java:511)
	at java.base/java.util.concurrent.ForkJoinPool$WorkQueue.topLevelExec(ForkJoinPool.java:1450)
	at java.base/java.util.concurrent.ForkJoinPool.runWorker(ForkJoinPool.java:2019)
	at java.base/java.util.concurrent.ForkJoinWorkerThread.run(ForkJoinWorkerThread.java:187)
[ForkJoinPool.commonPool-worker-9] WARN org.reflections.Reflections - could not create Vfs.Dir from url. ignoring the exception and continuing
org.reflections.ReflectionsException: could not create Vfs.Dir from url, no matching UrlType was found [file:/C:/Users/a.basaleh/.jdks/openjdk-26.0.1!/java.compiler]
either use fromURL(final URL url, final List<UrlType> urlTypes) or use the static setDefaultURLTypes(final List<UrlType> urlTypes) or addDefaultURLTypes(UrlType urlType) with your specialized UrlType.
	at org.reflections.vfs.Vfs.fromURL(Vfs.java:113)
	at org.reflections.vfs.Vfs.fromURL(Vfs.java:95)
	at org.reflections.Reflections.lambda$scan$2(Reflections.java:176)
	at java.base/java.util.stream.ForEachOps$ForEachOp$OfRef.accept(ForEachOps.java:186)
	at java.base/java.util.HashMap$KeySpliterator.forEachRemaining(HashMap.java:1716)
	at java.base/java.util.stream.AbstractPipeline.copyInto(AbstractPipeline.java:570)
	at java.base/java.util.stream.ForEachOps$ForEachTask.compute(ForEachOps.java:293)
	at java.base/java.util.concurrent.CountedCompleter.exec(CountedCompleter.java:759)
	at java.base/java.util.concurrent.ForkJoinTask.doExec(ForkJoinTask.java:511)
	at java.base/java.util.concurrent.ForkJoinPool$WorkQueue.topLevelExec(ForkJoinPool.java:1450)
	at java.base/java.util.concurrent.ForkJoinPool.runWorker(ForkJoinPool.java:2019)
	at java.base/java.util.concurrent.ForkJoinWorkerThread.run(ForkJoinWorkerThread.java:187)
[ForkJoinPool.commonPool-worker-6] WARN org.reflections.Reflections - could not create Dir using com.thoughtworks.gauge.scan.ClasspathScanner$1@bd6a547 from url file:/C:/Users/a.basaleh/.jdks/openjdk-26.0.1!/java.desktop. skipping.
java.lang.NullPointerException: Cannot invoke "java.io.File.isDirectory()" because "file" is null
	at com.thoughtworks.gauge.scan.ClasspathScanner$1.createDir(ClasspathScanner.java:48)
	at org.reflections.vfs.Vfs.fromURL(Vfs.java:103)
	at org.reflections.vfs.Vfs.fromURL(Vfs.java:95)
	at org.reflections.Reflections.lambda$scan$2(Reflections.java:176)
	at java.base/java.util.stream.ForEachOps$ForEachOp$OfRef.accept(ForEachOps.java:186)
	at java.base/java.util.HashMap$KeySpliterator.forEachRemaining(HashMap.java:1716)
	at java.base/java.util.stream.AbstractPipeline.copyInto(AbstractPipeline.java:570)
	at java.base/java.util.stream.ForEachOps$ForEachTask.compute(ForEachOps.java:293)
	at java.base/java.util.concurrent.CountedCompleter.exec(CountedCompleter.java:759)
	at java.base/java.util.concurrent.ForkJoinTask.doExec(ForkJoinTask.java:511)
	at java.base/java.util.concurrent.ForkJoinPool$WorkQueue.topLevelExec(ForkJoinPool.java:1450)
	at java.base/java.util.concurrent.ForkJoinPool.runWorker(ForkJoinPool.java:2019)
	at java.base/java.util.concurrent.ForkJoinWorkerThread.run(ForkJoinWorkerThread.java:187)
[pool-1-thread-1] WARN org.reflections.Reflections - could not create Dir using com.thoughtworks.gauge.scan.ClasspathScanner$1@bd6a547 from url file:/C:/Users/a.basaleh/.jdks/openjdk-26.0.1!/jdk.jartool. skipping.
java.lang.NullPointerException: Cannot invoke "java.io.File.isDirectory()" because "file" is null
	at com.thoughtworks.gauge.scan.ClasspathScanner$1.createDir(ClasspathScanner.java:48)
	at org.reflections.vfs.Vfs.fromURL(Vfs.java:103)
	at org.reflections.vfs.Vfs.fromURL(Vfs.java:95)
	at org.reflections.Reflections.lambda$scan$2(Reflections.java:176)
	at java.base/java.util.stream.ForEachOps$ForEachOp$OfRef.accept(ForEachOps.java:186)
	at java.base/java.util.HashMap$KeySpliterator.forEachRemaining(HashMap.java:1716)
	at java.base/java.util.stream.AbstractPipeline.copyInto(AbstractPipeline.java:570)
	at java.base/java.util.stream.ForEachOps$ForEachTask.compute(ForEachOps.java:293)
	at java.base/java.util.concurrent.CountedCompleter.exec(CountedCompleter.java:759)
	at java.base/java.util.concurrent.ForkJoinTask.doExec(ForkJoinTask.java:511)
	at java.base/java.util.concurrent.ForkJoinPool$WorkQueue.helpComplete(ForkJoinPool.java:1537)
	at java.base/java.util.concurrent.ForkJoinPool.helpComplete(ForkJoinPool.java:2332)
	at java.base/java.util.concurrent.ForkJoinTask.awaitDone(ForkJoinTask.java:497)
	at java.base/java.util.concurrent.ForkJoinTask.join(ForkJoinTask.java:669)
	at java.base/java.util.concurrent.ForkJoinTask.invoke(ForkJoinTask.java:684)
	at java.base/java.util.stream.ForEachOps$ForEachOp.evaluateParallel(ForEachOps.java:162)
	at java.base/java.util.stream.ForEachOps$ForEachOp$OfRef.evaluateParallel(ForEachOps.java:176)
	at java.base/java.util.stream.AbstractPipeline.evaluate(AbstractPipeline.java:264)
	at java.base/java.util.stream.ReferencePipeline.forEach(ReferencePipeline.java:632)
	at java.base/java.util.stream.ReferencePipeline$Head.forEach(ReferencePipeline.java:806)
	at org.reflections.Reflections.scan(Reflections.java:173)
	at org.reflections.Reflections.<init>(Reflections.java:126)
	at com.thoughtworks.gauge.scan.ClasspathScanner.createReflections(ClasspathScanner.java:57)
	at com.thoughtworks.gauge.scan.ClasspathScanner.scan(ClasspathScanner.java:32)
	at com.thoughtworks.gauge.connection.MessageProcessorFactory.lambda$new$0(MessageProcessorFactory.java:49)
	at java.base/java.util.concurrent.Executors$RunnableAdapter.call(Executors.java:545)
	at java.base/java.util.concurrent.FutureTask.run(FutureTask.java:330)
	at java.base/java.util.concurrent.ThreadPoolExecutor.runWorker(ThreadPoolExecutor.java:1090)
	at java.base/java.util.concurrent.ThreadPoolExecutor$Worker.run(ThreadPoolExecutor.java:614)
	at java.base/java.lang.Thread.run(Thread.java:1516)
[ForkJoinPool.commonPool-worker-6] WARN org.reflections.Reflections - could not create Vfs.Dir from url. ignoring the exception and continuing
org.reflections.ReflectionsException: could not create Vfs.Dir from url, no matching UrlType was found [file:/C:/Users/a.basaleh/.jdks/openjdk-26.0.1!/java.desktop]
either use fromURL(final URL url, final List<UrlType> urlTypes) or use the static setDefaultURLTypes(final List<UrlType> urlTypes) or addDefaultURLTypes(UrlType urlType) with your specialized UrlType.
	at org.reflections.vfs.Vfs.fromURL(Vfs.java:113)
	at org.reflections.vfs.Vfs.fromURL(Vfs.java:95)
	at org.reflections.Reflections.lambda$scan$2(Reflections.java:176)
	at java.base/java.util.stream.ForEachOps$ForEachOp$OfRef.accept(ForEachOps.java:186)
	at java.base/java.util.HashMap$KeySpliterator.forEachRemaining(HashMap.java:1716)
	at java.base/java.util.stream.AbstractPipeline.copyInto(AbstractPipeline.java:570)
	at java.base/java.util.stream.ForEachOps$ForEachTask.compute(ForEachOps.java:293)
	at java.base/java.util.concurrent.CountedCompleter.exec(CountedCompleter.java:759)
	at java.base/java.util.concurrent.ForkJoinTask.doExec(ForkJoinTask.java:511)
	at java.base/java.util.concurrent.ForkJoinPool$WorkQueue.topLevelExec(ForkJoinPool.java:1450)
	at java.base/java.util.concurrent.ForkJoinPool.runWorker(ForkJoinPool.java:2019)
	at java.base/java.util.concurrent.ForkJoinWorkerThread.run(ForkJoinWorkerThread.java:187)
[ForkJoinPool.commonPool-worker-1] WARN org.reflections.Reflections - could not create Dir using com.thoughtworks.gauge.scan.ClasspathScanner$1@bd6a547 from url file:/C:/Users/a.basaleh/.jdks/openjdk-26.0.1!/jdk.security.jgss. skipping.
java.lang.NullPointerException: Cannot invoke "java.io.File.isDirectory()" because "file" is null
	at com.thoughtworks.gauge.scan.ClasspathScanner$1.createDir(ClasspathScanner.java:48)
	at org.reflections.vfs.Vfs.fromURL(Vfs.java:103)
	at org.reflections.vfs.Vfs.fromURL(Vfs.java:95)
	at org.reflections.Reflections.lambda$scan$2(Reflections.java:176)
	at java.base/java.util.stream.ForEachOps$ForEachOp$OfRef.accept(ForEachOps.java:186)
	at java.base/java.util.HashMap$KeySpliterator.forEachRemaining(HashMap.java:1716)
	at java.base/java.util.stream.AbstractPipeline.copyInto(AbstractPipeline.java:570)
	at java.base/java.util.stream.ForEachOps$ForEachTask.compute(ForEachOps.java:293)
	at java.base/java.util.concurrent.CountedCompleter.exec(CountedCompleter.java:759)
	at java.base/java.util.concurrent.ForkJoinTask.doExec(ForkJoinTask.java:511)
	at java.base/java.util.concurrent.ForkJoinPool$WorkQueue.topLevelExec(ForkJoinPool.java:1450)
	at java.base/java.util.concurrent.ForkJoinPool.runWorker(ForkJoinPool.java:2019)
	at java.base/java.util.concurrent.ForkJoinWorkerThread.run(ForkJoinWorkerThread.java:187)
[pool-1-thread-1] WARN org.reflections.Reflections - could not create Vfs.Dir from url. ignoring the exception and continuing
org.reflections.ReflectionsException: Could not open url connection
	at org.reflections.vfs.JarInputDir$1.<init>(JarInputDir.java:31)
	at org.reflections.vfs.JarInputDir.lambda$getFiles$0(JarInputDir.java:28)
	at org.reflections.Reflections.lambda$scan$2(Reflections.java:177)
	at java.base/java.util.stream.ForEachOps$ForEachOp$OfRef.accept(ForEachOps.java:186)
	at java.base/java.util.HashMap$KeySpliterator.forEachRemaining(HashMap.java:1716)
	at java.base/java.util.stream.AbstractPipeline.copyInto(AbstractPipeline.java:570)
	at java.base/java.util.stream.ForEachOps$ForEachTask.compute(ForEachOps.java:293)
	at java.base/java.util.concurrent.CountedCompleter.exec(CountedCompleter.java:759)
	at java.base/java.util.concurrent.ForkJoinTask.doExec(ForkJoinTask.java:511)
	at java.base/java.util.concurrent.ForkJoinPool$WorkQueue.helpComplete(ForkJoinPool.java:1537)
	at java.base/java.util.concurrent.ForkJoinPool.helpComplete(ForkJoinPool.java:2332)
	at java.base/java.util.concurrent.ForkJoinTask.awaitDone(ForkJoinTask.java:497)
	at java.base/java.util.concurrent.ForkJoinTask.join(ForkJoinTask.java:669)
	at java.base/java.util.concurrent.ForkJoinTask.invoke(ForkJoinTask.java:684)
	at java.base/java.util.stream.ForEachOps$ForEachOp.evaluateParallel(ForEachOps.java:162)
	at java.base/java.util.stream.ForEachOps$ForEachOp$OfRef.evaluateParallel(ForEachOps.java:176)
	at java.base/java.util.stream.AbstractPipeline.evaluate(AbstractPipeline.java:264)
	at java.base/java.util.stream.ReferencePipeline.forEach(ReferencePipeline.java:632)
	at java.base/java.util.stream.ReferencePipeline$Head.forEach(ReferencePipeline.java:806)
	at org.reflections.Reflections.scan(Reflections.java:173)
	at org.reflections.Reflections.<init>(Reflections.java:126)
	at com.thoughtworks.gauge.scan.ClasspathScanner.createReflections(ClasspathScanner.java:57)
	at com.thoughtworks.gauge.scan.ClasspathScanner.scan(ClasspathScanner.java:32)
	at com.thoughtworks.gauge.connection.MessageProcessorFactory.lambda$new$0(MessageProcessorFactory.java:49)
	at java.base/java.util.concurrent.Executors$RunnableAdapter.call(Executors.java:545)
	at java.base/java.util.concurrent.FutureTask.run(FutureTask.java:330)
	at java.base/java.util.concurrent.ThreadPoolExecutor.runWorker(ThreadPoolExecutor.java:1090)
	at java.base/java.util.concurrent.ThreadPoolExecutor$Worker.run(ThreadPoolExecutor.java:614)
	at java.base/java.lang.Thread.run(Thread.java:1516)
Caused by: java.io.FileNotFoundException: C:\Users\a.basaleh\.jdks\openjdk-26.0.1!\jdk.jartool (Sistem belirtilen yolu bulamýyor)
	at java.base/java.io.FileInputStream.open0(Native Method)
	at java.base/java.io.FileInputStream.open(FileInputStream.java:185)
	at java.base/java.io.FileInputStream.<init>(FileInputStream.java:139)
	at java.base/java.io.FileInputStream.<init>(FileInputStream.java:109)
	at java.base/sun.net.www.protocol.file.FileURLConnection.connect(FileURLConnection.java:126)
	at java.base/sun.net.www.protocol.file.FileURLConnection.getInputStream(FileURLConnection.java:231)
	at org.reflections.vfs.JarInputDir$1.<init>(JarInputDir.java:30)
	... 28 more
[ForkJoinPool.commonPool-worker-1] WARN org.reflections.Reflections - could not create Vfs.Dir from url. ignoring the exception and continuing
org.reflections.ReflectionsException: could not create Vfs.Dir from url, no matching UrlType was found [file:/C:/Users/a.basaleh/.jdks/openjdk-26.0.1!/jdk.security.jgss]
either use fromURL(final URL url, final List<UrlType> urlTypes) or use the static setDefaultURLTypes(final List<UrlType> urlTypes) or addDefaultURLTypes(UrlType urlType) with your specialized UrlType.
	at org.reflections.vfs.Vfs.fromURL(Vfs.java:113)
	at org.reflections.vfs.Vfs.fromURL(Vfs.java:95)
	at org.reflections.Reflections.lambda$scan$2(Reflections.java:176)
	at java.base/java.util.stream.ForEachOps$ForEachOp$OfRef.accept(ForEachOps.java:186)
	at java.base/java.util.HashMap$KeySpliterator.forEachRemaining(HashMap.java:1716)
	at java.base/java.util.stream.AbstractPipeline.copyInto(AbstractPipeline.java:570)
	at java.base/java.util.stream.ForEachOps$ForEachTask.compute(ForEachOps.java:293)
	at java.base/java.util.concurrent.CountedCompleter.exec(CountedCompleter.java:759)
	at java.base/java.util.concurrent.ForkJoinTask.doExec(ForkJoinTask.java:511)
	at java.base/java.util.concurrent.ForkJoinPool$WorkQueue.topLevelExec(ForkJoinPool.java:1450)
	at java.base/java.util.concurrent.ForkJoinPool.runWorker(ForkJoinPool.java:2019)
	at java.base/java.util.concurrent.ForkJoinWorkerThread.run(ForkJoinWorkerThread.java:187)
[pool-1-thread-1] WARN org.reflections.Reflections - could not create Dir using com.thoughtworks.gauge.scan.ClasspathScanner$1@bd6a547 from url file:/C:/Users/a.basaleh/.jdks/openjdk-26.0.1!/jdk.unsupported.desktop. skipping.
java.lang.NullPointerException: Cannot invoke "java.io.File.isDirectory()" because "file" is null
	at com.thoughtworks.gauge.scan.ClasspathScanner$1.createDir(ClasspathScanner.java:48)
	at org.reflections.vfs.Vfs.fromURL(Vfs.java:103)
	at org.reflections.vfs.Vfs.fromURL(Vfs.java:95)
	at org.reflections.Reflections.lambda$scan$2(Reflections.java:176)
	at java.base/java.util.stream.ForEachOps$ForEachOp$OfRef.accept(ForEachOps.java:186)
	at java.base/java.util.HashMap$KeySpliterator.forEachRemaining(HashMap.java:1716)
	at java.base/java.util.stream.AbstractPipeline.copyInto(AbstractPipeline.java:570)
	at java.base/java.util.stream.ForEachOps$ForEachTask.compute(ForEachOps.java:293)
	at java.base/java.util.concurrent.CountedCompleter.exec(CountedCompleter.java:759)
	at java.base/java.util.concurrent.ForkJoinTask.doExec(ForkJoinTask.java:511)
	at java.base/java.util.concurrent.ForkJoinPool$WorkQueue.helpComplete(ForkJoinPool.java:1537)
	at java.base/java.util.concurrent.ForkJoinPool.helpComplete(ForkJoinPool.java:2332)
	at java.base/java.util.concurrent.ForkJoinTask.awaitDone(ForkJoinTask.java:497)
	at java.base/java.util.concurrent.ForkJoinTask.join(ForkJoinTask.java:669)
	at java.base/java.util.concurrent.ForkJoinTask.invoke(ForkJoinTask.java:684)
	at java.base/java.util.stream.ForEachOps$ForEachOp.evaluateParallel(ForEachOps.java:162)
	at java.base/java.util.stream.ForEachOps$ForEachOp$OfRef.evaluateParallel(ForEachOps.java:176)
	at java.base/java.util.stream.AbstractPipeline.evaluate(AbstractPipeline.java:264)
	at java.base/java.util.stream.ReferencePipeline.forEach(ReferencePipeline.java:632)
	at java.base/java.util.stream.ReferencePipeline$Head.forEach(ReferencePipeline.java:806)
	at org.reflections.Reflections.scan(Reflections.java:173)
	at org.reflections.Reflections.<init>(Reflections.java:126)
	at com.thoughtworks.gauge.scan.ClasspathScanner.createReflections(ClasspathScanner.java:57)
	at com.thoughtworks.gauge.scan.ClasspathScanner.scan(ClasspathScanner.java:32)
	at com.thoughtworks.gauge.connection.MessageProcessorFactory.lambda$new$0(MessageProcessorFactory.java:49)
	at java.base/java.util.concurrent.Executors$RunnableAdapter.call(Executors.java:545)
	at java.base/java.util.concurrent.FutureTask.run(FutureTask.java:330)
	at java.base/java.util.concurrent.ThreadPoolExecutor.runWorker(ThreadPoolExecutor.java:1090)
	at java.base/java.util.concurrent.ThreadPoolExecutor$Worker.run(ThreadPoolExecutor.java:614)
	at java.base/java.lang.Thread.run(Thread.java:1516)
[ForkJoinPool.commonPool-worker-1] WARN org.reflections.Reflections - could not create Dir using com.thoughtworks.gauge.scan.ClasspathScanner$1@bd6a547 from url file:/C:/Users/a.basaleh/.jdks/openjdk-26.0.1!/jdk.jfr. skipping.
java.lang.NullPointerException: Cannot invoke "java.io.File.isDirectory()" because "file" is null
	at com.thoughtworks.gauge.scan.ClasspathScanner$1.createDir(ClasspathScanner.java:48)
	at org.reflections.vfs.Vfs.fromURL(Vfs.java:103)
	at org.reflections.vfs.Vfs.fromURL(Vfs.java:95)
	at org.reflections.Reflections.lambda$scan$2(Reflections.java:176)
	at java.base/java.util.stream.ForEachOps$ForEachOp$OfRef.accept(ForEachOps.java:186)
	at java.base/java.util.HashMap$KeySpliterator.forEachRemaining(HashMap.java:1716)
	at java.base/java.util.stream.AbstractPipeline.copyInto(AbstractPipeline.java:570)
	at java.base/java.util.stream.ForEachOps$ForEachTask.compute(ForEachOps.java:293)
	at java.base/java.util.concurrent.CountedCompleter.exec(CountedCompleter.java:759)
	at java.base/java.util.concurrent.ForkJoinTask.doExec(ForkJoinTask.java:511)
	at java.base/java.util.concurrent.ForkJoinPool$WorkQueue.topLevelExec(ForkJoinPool.java:1450)
	at java.base/java.util.concurrent.ForkJoinPool.runWorker(ForkJoinPool.java:2019)
	at java.base/java.util.concurrent.ForkJoinWorkerThread.run(ForkJoinWorkerThread.java:187)
[pool-1-thread-1] WARN org.reflections.Reflections - could not create Vfs.Dir from url. ignoring the exception and continuing
org.reflections.ReflectionsException: could not create Vfs.Dir from url, no matching UrlType was found [file:/C:/Users/a.basaleh/.jdks/openjdk-26.0.1!/jdk.unsupported.desktop]
either use fromURL(final URL url, final List<UrlType> urlTypes) or use the static setDefaultURLTypes(final List<UrlType> urlTypes) or addDefaultURLTypes(UrlType urlType) with your specialized UrlType.
	at org.reflections.vfs.Vfs.fromURL(Vfs.java:113)
	at org.reflections.vfs.Vfs.fromURL(Vfs.java:95)
	at org.reflections.Reflections.lambda$scan$2(Reflections.java:176)
	at java.base/java.util.stream.ForEachOps$ForEachOp$OfRef.accept(ForEachOps.java:186)
	at java.base/java.util.HashMap$KeySpliterator.forEachRemaining(HashMap.java:1716)
	at java.base/java.util.stream.AbstractPipeline.copyInto(AbstractPipeline.java:570)
	at java.base/java.util.stream.ForEachOps$ForEachTask.compute(ForEachOps.java:293)
	at java.base/java.util.concurrent.CountedCompleter.exec(CountedCompleter.java:759)
	at java.base/java.util.concurrent.ForkJoinTask.doExec(ForkJoinTask.java:511)
	at java.base/java.util.concurrent.ForkJoinPool$WorkQueue.helpComplete(ForkJoinPool.java:1537)
	at java.base/java.util.concurrent.ForkJoinPool.helpComplete(ForkJoinPool.java:2332)
	at java.base/java.util.concurrent.ForkJoinTask.awaitDone(ForkJoinTask.java:497)
	at java.base/java.util.concurrent.ForkJoinTask.join(ForkJoinTask.java:669)
	at java.base/java.util.concurrent.ForkJoinTask.invoke(ForkJoinTask.java:684)
	at java.base/java.util.stream.ForEachOps$ForEachOp.evaluateParallel(ForEachOps.java:162)
	at java.base/java.util.stream.ForEachOps$ForEachOp$OfRef.evaluateParallel(ForEachOps.java:176)
	at java.base/java.util.stream.AbstractPipeline.evaluate(AbstractPipeline.java:264)
	at java.base/java.util.stream.ReferencePipeline.forEach(ReferencePipeline.java:632)
	at java.base/java.util.stream.ReferencePipeline$Head.forEach(ReferencePipeline.java:806)
	at org.reflections.Reflections.scan(Reflections.java:173)
	at org.reflections.Reflections.<init>(Reflections.java:126)
	at com.thoughtworks.gauge.scan.ClasspathScanner.createReflections(ClasspathScanner.java:57)
	at com.thoughtworks.gauge.scan.ClasspathScanner.scan(ClasspathScanner.java:32)
	at com.thoughtworks.gauge.connection.MessageProcessorFactory.lambda$new$0(MessageProcessorFactory.java:49)
	at java.base/java.util.concurrent.Executors$RunnableAdapter.call(Executors.java:545)
	at java.base/java.util.concurrent.FutureTask.run(FutureTask.java:330)
	at java.base/java.util.concurrent.ThreadPoolExecutor.runWorker(ThreadPoolExecutor.java:1090)
	at java.base/java.util.concurrent.ThreadPoolExecutor$Worker.run(ThreadPoolExecutor.java:614)
	at java.base/java.lang.Thread.run(Thread.java:1516)
[ForkJoinPool.commonPool-worker-1] WARN org.reflections.Reflections - could not create Vfs.Dir from url. ignoring the exception and continuing
org.reflections.ReflectionsException: could not create Vfs.Dir from url, no matching UrlType was found [file:/C:/Users/a.basaleh/.jdks/openjdk-26.0.1!/jdk.jfr]
either use fromURL(final URL url, final List<UrlType> urlTypes) or use the static setDefaultURLTypes(final List<UrlType> urlTypes) or addDefaultURLTypes(UrlType urlType) with your specialized UrlType.
	at org.reflections.vfs.Vfs.fromURL(Vfs.java:113)
	at org.reflections.vfs.Vfs.fromURL(Vfs.java:95)
	at org.reflections.Reflections.lambda$scan$2(Reflections.java:176)
	at java.base/java.util.stream.ForEachOps$ForEachOp$OfRef.accept(ForEachOps.java:186)
	at java.base/java.util.HashMap$KeySpliterator.forEachRemaining(HashMap.java:1716)
	at java.base/java.util.stream.AbstractPipeline.copyInto(AbstractPipeline.java:570)
	at java.base/java.util.stream.ForEachOps$ForEachTask.compute(ForEachOps.java:293)
	at java.base/java.util.concurrent.CountedCompleter.exec(CountedCompleter.java:759)
	at java.base/java.util.concurrent.ForkJoinTask.doExec(ForkJoinTask.java:511)
	at java.base/java.util.concurrent.ForkJoinPool$WorkQueue.topLevelExec(ForkJoinPool.java:1450)
	at java.base/java.util.concurrent.ForkJoinPool.runWorker(ForkJoinPool.java:2019)
	at java.base/java.util.concurrent.ForkJoinWorkerThread.run(ForkJoinWorkerThread.java:187)
[pool-1-thread-1] WARN org.reflections.Reflections - could not create Dir using com.thoughtworks.gauge.scan.ClasspathScanner$1@bd6a547 from url file:/C:/Users/a.basaleh/.jdks/openjdk-26.0.1!/java.security.jgss. skipping.
java.lang.NullPointerException: Cannot invoke "java.io.File.isDirectory()" because "file" is null
	at com.thoughtworks.gauge.scan.ClasspathScanner$1.createDir(ClasspathScanner.java:48)
	at org.reflections.vfs.Vfs.fromURL(Vfs.java:103)
	at org.reflections.vfs.Vfs.fromURL(Vfs.java:95)
	at org.reflections.Reflections.lambda$scan$2(Reflections.java:176)
	at java.base/java.util.stream.ForEachOps$ForEachOp$OfRef.accept(ForEachOps.java:186)
	at java.base/java.util.HashMap$KeySpliterator.forEachRemaining(HashMap.java:1716)
	at java.base/java.util.stream.AbstractPipeline.copyInto(AbstractPipeline.java:570)
	at java.base/java.util.stream.ForEachOps$ForEachTask.compute(ForEachOps.java:293)
	at java.base/java.util.concurrent.CountedCompleter.exec(CountedCompleter.java:759)
	at java.base/java.util.concurrent.ForkJoinTask.doExec(ForkJoinTask.java:511)
	at java.base/java.util.concurrent.ForkJoinPool$WorkQueue.helpComplete(ForkJoinPool.java:1537)
	at java.base/java.util.concurrent.ForkJoinPool.helpComplete(ForkJoinPool.java:2332)
	at java.base/java.util.concurrent.ForkJoinTask.awaitDone(ForkJoinTask.java:497)
	at java.base/java.util.concurrent.ForkJoinTask.join(ForkJoinTask.java:669)
	at java.base/java.util.concurrent.ForkJoinTask.invoke(ForkJoinTask.java:684)
	at java.base/java.util.stream.ForEachOps$ForEachOp.evaluateParallel(ForEachOps.java:162)
	at java.base/java.util.stream.ForEachOps$ForEachOp$OfRef.evaluateParallel(ForEachOps.java:176)
	at java.base/java.util.stream.AbstractPipeline.evaluate(AbstractPipeline.java:264)
	at java.base/java.util.stream.ReferencePipeline.forEach(ReferencePipeline.java:632)
	at java.base/java.util.stream.ReferencePipeline$Head.forEach(ReferencePipeline.java:806)
	at org.reflections.Reflections.scan(Reflections.java:173)
	at org.reflections.Reflections.<init>(Reflections.java:126)
	at com.thoughtworks.gauge.scan.ClasspathScanner.createReflections(ClasspathScanner.java:57)
	at com.thoughtworks.gauge.scan.ClasspathScanner.scan(ClasspathScanner.java:32)
	at com.thoughtworks.gauge.connection.MessageProcessorFactory.lambda$new$0(MessageProcessorFactory.java:49)
	at java.base/java.util.concurrent.Executors$RunnableAdapter.call(Executors.java:545)
	at java.base/java.util.concurrent.FutureTask.run(FutureTask.java:330)
	at java.base/java.util.concurrent.ThreadPoolExecutor.runWorker(ThreadPoolExecutor.java:1090)
	at java.base/java.util.concurrent.ThreadPoolExecutor$Worker.run(ThreadPoolExecutor.java:614)
	at java.base/java.lang.Thread.run(Thread.java:1516)
[ForkJoinPool.commonPool-worker-1] WARN org.reflections.Reflections - could not create Dir using com.thoughtworks.gauge.scan.ClasspathScanner$1@bd6a547 from url file:/C:/Users/a.basaleh/.jdks/openjdk-26.0.1!/jdk.management. skipping.
java.lang.NullPointerException: Cannot invoke "java.io.File.isDirectory()" because "file" is null
	at com.thoughtworks.gauge.scan.ClasspathScanner$1.createDir(ClasspathScanner.java:48)
	at org.reflections.vfs.Vfs.fromURL(Vfs.java:103)
	at org.reflections.vfs.Vfs.fromURL(Vfs.java:95)
	at org.reflections.Reflections.lambda$scan$2(Reflections.java:176)
	at java.base/java.util.stream.ForEachOps$ForEachOp$OfRef.accept(ForEachOps.java:186)
	at java.base/java.util.HashMap$KeySpliterator.forEachRemaining(HashMap.java:1716)
	at java.base/java.util.stream.AbstractPipeline.copyInto(AbstractPipeline.java:570)
	at java.base/java.util.stream.ForEachOps$ForEachTask.compute(ForEachOps.java:293)
	at java.base/java.util.concurrent.CountedCompleter.exec(CountedCompleter.java:759)
	at java.base/java.util.concurrent.ForkJoinTask.doExec(ForkJoinTask.java:511)
	at java.base/java.util.concurrent.ForkJoinPool$WorkQueue.topLevelExec(ForkJoinPool.java:1450)
	at java.base/java.util.concurrent.ForkJoinPool.runWorker(ForkJoinPool.java:2019)
	at java.base/java.util.concurrent.ForkJoinWorkerThread.run(ForkJoinWorkerThread.java:187)
[pool-1-thread-1] WARN org.reflections.Reflections - could not create Vfs.Dir from url. ignoring the exception and continuing
org.reflections.ReflectionsException: could not create Vfs.Dir from url, no matching UrlType was found [file:/C:/Users/a.basaleh/.jdks/openjdk-26.0.1!/java.security.jgss]
either use fromURL(final URL url, final List<UrlType> urlTypes) or use the static setDefaultURLTypes(final List<UrlType> urlTypes) or addDefaultURLTypes(UrlType urlType) with your specialized UrlType.
	at org.reflections.vfs.Vfs.fromURL(Vfs.java:113)
	at org.reflections.vfs.Vfs.fromURL(Vfs.java:95)
	at org.reflections.Reflections.lambda$scan$2(Reflections.java:176)
	at java.base/java.util.stream.ForEachOps$ForEachOp$OfRef.accept(ForEachOps.java:186)
	at java.base/java.util.HashMap$KeySpliterator.forEachRemaining(HashMap.java:1716)
	at java.base/java.util.stream.AbstractPipeline.copyInto(AbstractPipeline.java:570)
	at java.base/java.util.stream.ForEachOps$ForEachTask.compute(ForEachOps.java:293)
	at java.base/java.util.concurrent.CountedCompleter.exec(CountedCompleter.java:759)
	at java.base/java.util.concurrent.ForkJoinTask.doExec(ForkJoinTask.java:511)
	at java.base/java.util.concurrent.ForkJoinPool$WorkQueue.helpComplete(ForkJoinPool.java:1537)
	at java.base/java.util.concurrent.ForkJoinPool.helpComplete(ForkJoinPool.java:2332)
	at java.base/java.util.concurrent.ForkJoinTask.awaitDone(ForkJoinTask.java:497)
	at java.base/java.util.concurrent.ForkJoinTask.join(ForkJoinTask.java:669)
	at java.base/java.util.concurrent.ForkJoinTask.invoke(ForkJoinTask.java:684)
	at java.base/java.util.stream.ForEachOps$ForEachOp.evaluateParallel(ForEachOps.java:162)
	at java.base/java.util.stream.ForEachOps$ForEachOp$OfRef.evaluateParallel(ForEachOps.java:176)
	at java.base/java.util.stream.AbstractPipeline.evaluate(AbstractPipeline.java:264)
	at java.base/java.util.stream.ReferencePipeline.forEach(ReferencePipeline.java:632)
	at java.base/java.util.stream.ReferencePipeline$Head.forEach(ReferencePipeline.java:806)
	at org.reflections.Reflections.scan(Reflections.java:173)
	at org.reflections.Reflections.<init>(Reflections.java:126)
	at com.thoughtworks.gauge.scan.ClasspathScanner.createReflections(ClasspathScanner.java:57)
	at com.thoughtworks.gauge.scan.ClasspathScanner.scan(ClasspathScanner.java:32)
	at com.thoughtworks.gauge.connection.MessageProcessorFactory.lambda$new$0(MessageProcessorFactory.java:49)
	at java.base/java.util.concurrent.Executors$RunnableAdapter.call(Executors.java:545)
	at java.base/java.util.concurrent.FutureTask.run(FutureTask.java:330)
	at java.base/java.util.concurrent.ThreadPoolExecutor.runWorker(ThreadPoolExecutor.java:1090)
	at java.base/java.util.concurrent.ThreadPoolExecutor$Worker.run(ThreadPoolExecutor.java:614)
	at java.base/java.lang.Thread.run(Thread.java:1516)
[ForkJoinPool.commonPool-worker-9] WARN org.reflections.Reflections - could not create Dir using com.thoughtworks.gauge.scan.ClasspathScanner$1@bd6a547 from url file:/C:/Users/a.basaleh/.jdks/openjdk-26.0.1!/jdk.httpserver. skipping.
java.lang.NullPointerException: Cannot invoke "java.io.File.isDirectory()" because "file" is null
	at com.thoughtworks.gauge.scan.ClasspathScanner$1.createDir(ClasspathScanner.java:48)
	at org.reflections.vfs.Vfs.fromURL(Vfs.java:103)
	at org.reflections.vfs.Vfs.fromURL(Vfs.java:95)
	at org.reflections.Reflections.lambda$scan$2(Reflections.java:176)
	at java.base/java.util.stream.ForEachOps$ForEachOp$OfRef.accept(ForEachOps.java:186)
	at java.base/java.util.HashMap$KeySpliterator.forEachRemaining(HashMap.java:1716)
	at java.base/java.util.stream.AbstractPipeline.copyInto(AbstractPipeline.java:570)
	at java.base/java.util.stream.ForEachOps$ForEachTask.compute(ForEachOps.java:293)
	at java.base/java.util.concurrent.CountedCompleter.exec(CountedCompleter.java:759)
	at java.base/java.util.concurrent.ForkJoinTask.doExec(ForkJoinTask.java:511)
	at java.base/java.util.concurrent.ForkJoinPool$WorkQueue.topLevelExec(ForkJoinPool.java:1450)
	at java.base/java.util.concurrent.ForkJoinPool.runWorker(ForkJoinPool.java:2019)
	at java.base/java.util.concurrent.ForkJoinWorkerThread.run(ForkJoinWorkerThread.java:187)
[ForkJoinPool.commonPool-worker-9] WARN org.reflections.Reflections - could not create Vfs.Dir from url. ignoring the exception and continuing
org.reflections.ReflectionsException: could not create Vfs.Dir from url, no matching UrlType was found [file:/C:/Users/a.basaleh/.jdks/openjdk-26.0.1!/jdk.httpserver]
either use fromURL(final URL url, final List<UrlType> urlTypes) or use the static setDefaultURLTypes(final List<UrlType> urlTypes) or addDefaultURLTypes(UrlType urlType) with your specialized UrlType.
	at org.reflections.vfs.Vfs.fromURL(Vfs.java:113)
	at org.reflections.vfs.Vfs.fromURL(Vfs.java:95)
	at org.reflections.Reflections.lambda$scan$2(Reflections.java:176)
	at java.base/java.util.stream.ForEachOps$ForEachOp$OfRef.accept(ForEachOps.java:186)
	at java.base/java.util.HashMap$KeySpliterator.forEachRemaining(HashMap.java:1716)
	at java.base/java.util.stream.AbstractPipeline.copyInto(AbstractPipeline.java:570)
	at java.base/java.util.stream.ForEachOps$ForEachTask.compute(ForEachOps.java:293)
	at java.base/java.util.concurrent.CountedCompleter.exec(CountedCompleter.java:759)
	at java.base/java.util.concurrent.ForkJoinTask.doExec(ForkJoinTask.java:511)
	at java.base/java.util.concurrent.ForkJoinPool$WorkQueue.topLevelExec(ForkJoinPool.java:1450)
	at java.base/java.util.concurrent.ForkJoinPool.runWorker(ForkJoinPool.java:2019)
	at java.base/java.util.concurrent.ForkJoinWorkerThread.run(ForkJoinWorkerThread.java:187)
[ForkJoinPool.commonPool-worker-9] WARN org.reflections.Reflections - could not create Dir using com.thoughtworks.gauge.scan.ClasspathScanner$1@bd6a547 from url file:/C:/Users/a.basaleh/.jdks/openjdk-26.0.1!/jdk.jlink. skipping.
java.lang.NullPointerException: Cannot invoke "java.io.File.isDirectory()" because "file" is null
	at com.thoughtworks.gauge.scan.ClasspathScanner$1.createDir(ClasspathScanner.java:48)
	at org.reflections.vfs.Vfs.fromURL(Vfs.java:103)
	at org.reflections.vfs.Vfs.fromURL(Vfs.java:95)
	at org.reflections.Reflections.lambda$scan$2(Reflections.java:176)
	at java.base/java.util.stream.ForEachOps$ForEachOp$OfRef.accept(ForEachOps.java:186)
	at java.base/java.util.HashMap$KeySpliterator.forEachRemaining(HashMap.java:1716)
	at java.base/java.util.stream.AbstractPipeline.copyInto(AbstractPipeline.java:570)
	at java.base/java.util.stream.ForEachOps$ForEachTask.compute(ForEachOps.java:293)
	at java.base/java.util.concurrent.CountedCompleter.exec(CountedCompleter.java:759)
	at java.base/java.util.concurrent.ForkJoinTask.doExec(ForkJoinTask.java:511)
	at java.base/java.util.concurrent.ForkJoinPool$WorkQueue.topLevelExec(ForkJoinPool.java:1450)
	at java.base/java.util.concurrent.ForkJoinPool.runWorker(ForkJoinPool.java:2019)
	at java.base/java.util.concurrent.ForkJoinWorkerThread.run(ForkJoinWorkerThread.java:187)
[ForkJoinPool.commonPool-worker-9] WARN org.reflections.Reflections - could not create Vfs.Dir from url. ignoring the exception and continuing
org.reflections.ReflectionsException: could not create Vfs.Dir from url, no matching UrlType was found [file:/C:/Users/a.basaleh/.jdks/openjdk-26.0.1!/jdk.jlink]
either use fromURL(final URL url, final List<UrlType> urlTypes) or use the static setDefaultURLTypes(final List<UrlType> urlTypes) or addDefaultURLTypes(UrlType urlType) with your specialized UrlType.
	at org.reflections.vfs.Vfs.fromURL(Vfs.java:113)
	at org.reflections.vfs.Vfs.fromURL(Vfs.java:95)
	at org.reflections.Reflections.lambda$scan$2(Reflections.java:176)
	at java.base/java.util.stream.ForEachOps$ForEachOp$OfRef.accept(ForEachOps.java:186)
	at java.base/java.util.HashMap$KeySpliterator.forEachRemaining(HashMap.java:1716)
	at java.base/java.util.stream.AbstractPipeline.copyInto(AbstractPipeline.java:570)
	at java.base/java.util.stream.ForEachOps$ForEachTask.compute(ForEachOps.java:293)
	at java.base/java.util.concurrent.CountedCompleter.exec(CountedCompleter.java:759)
	at java.base/java.util.concurrent.ForkJoinTask.doExec(ForkJoinTask.java:511)
	at java.base/java.util.concurrent.ForkJoinPool$WorkQueue.topLevelExec(ForkJoinPool.java:1450)
	at java.base/java.util.concurrent.ForkJoinPool.runWorker(ForkJoinPool.java:2019)
	at java.base/java.util.concurrent.ForkJoinWorkerThread.run(ForkJoinWorkerThread.java:187)
[ForkJoinPool.commonPool-worker-6] WARN org.reflections.Reflections - could not create Dir using com.thoughtworks.gauge.scan.ClasspathScanner$1@bd6a547 from url file:/C:/Users/a.basaleh/.jdks/openjdk-26.0.1!/jdk.jstatd. skipping.
java.lang.NullPointerException: Cannot invoke "java.io.File.isDirectory()" because "file" is null
	at com.thoughtworks.gauge.scan.ClasspathScanner$1.createDir(ClasspathScanner.java:48)
	at org.reflections.vfs.Vfs.fromURL(Vfs.java:103)
	at org.reflections.vfs.Vfs.fromURL(Vfs.java:95)
	at org.reflections.Reflections.lambda$scan$2(Reflections.java:176)
	at java.base/java.util.stream.ForEachOps$ForEachOp$OfRef.accept(ForEachOps.java:186)
	at java.base/java.util.HashMap$KeySpliterator.forEachRemaining(HashMap.java:1716)
	at java.base/java.util.stream.AbstractPipeline.copyInto(AbstractPipeline.java:570)
	at java.base/java.util.stream.ForEachOps$ForEachTask.compute(ForEachOps.java:293)
	at java.base/java.util.concurrent.CountedCompleter.exec(CountedCompleter.java:759)
	at java.base/java.util.concurrent.ForkJoinTask.doExec(ForkJoinTask.java:511)
	at java.base/java.util.concurrent.ForkJoinPool$WorkQueue.topLevelExec(ForkJoinPool.java:1450)
	at java.base/java.util.concurrent.ForkJoinPool.runWorker(ForkJoinPool.java:2019)
	at java.base/java.util.concurrent.ForkJoinWorkerThread.run(ForkJoinWorkerThread.java:187)
[ForkJoinPool.commonPool-worker-6] WARN org.reflections.Reflections - could not create Vfs.Dir from url. ignoring the exception and continuing
org.reflections.ReflectionsException: could not create Vfs.Dir from url, no matching UrlType was found [file:/C:/Users/a.basaleh/.jdks/openjdk-26.0.1!/jdk.jstatd]
either use fromURL(final URL url, final List<UrlType> urlTypes) or use the static setDefaultURLTypes(final List<UrlType> urlTypes) or addDefaultURLTypes(UrlType urlType) with your specialized UrlType.
	at org.reflections.vfs.Vfs.fromURL(Vfs.java:113)
	at org.reflections.vfs.Vfs.fromURL(Vfs.java:95)
	at org.reflections.Reflections.lambda$scan$2(Reflections.java:176)
	at java.base/java.util.stream.ForEachOps$ForEachOp$OfRef.accept(ForEachOps.java:186)
	at java.base/java.util.HashMap$KeySpliterator.forEachRemaining(HashMap.java:1716)
	at java.base/java.util.stream.AbstractPipeline.copyInto(AbstractPipeline.java:570)
	at java.base/java.util.stream.ForEachOps$ForEachTask.compute(ForEachOps.java:293)
	at java.base/java.util.concurrent.CountedCompleter.exec(CountedCompleter.java:759)
	at java.base/java.util.concurrent.ForkJoinTask.doExec(ForkJoinTask.java:511)
	at java.base/java.util.concurrent.ForkJoinPool$WorkQueue.topLevelExec(ForkJoinPool.java:1450)
	at java.base/java.util.concurrent.ForkJoinPool.runWorker(ForkJoinPool.java:2019)
	at java.base/java.util.concurrent.ForkJoinWorkerThread.run(ForkJoinWorkerThread.java:187)
[ForkJoinPool.commonPool-worker-1] WARN org.reflections.Reflections - could not create Vfs.Dir from url. ignoring the exception and continuing
org.reflections.ReflectionsException: could not create Vfs.Dir from url, no matching UrlType was found [file:/C:/Users/a.basaleh/.jdks/openjdk-26.0.1!/jdk.management]
either use fromURL(final URL url, final List<UrlType> urlTypes) or use the static setDefaultURLTypes(final List<UrlType> urlTypes) or addDefaultURLTypes(UrlType urlType) with your specialized UrlType.
	at org.reflections.vfs.Vfs.fromURL(Vfs.java:113)
	at org.reflections.vfs.Vfs.fromURL(Vfs.java:95)
	at org.reflections.Reflections.lambda$scan$2(Reflections.java:176)
	at java.base/java.util.stream.ForEachOps$ForEachOp$OfRef.accept(ForEachOps.java:186)
	at java.base/java.util.HashMap$KeySpliterator.forEachRemaining(HashMap.java:1716)
	at java.base/java.util.stream.AbstractPipeline.copyInto(AbstractPipeline.java:570)
	at java.base/java.util.stream.ForEachOps$ForEachTask.compute(ForEachOps.java:293)
	at java.base/java.util.concurrent.CountedCompleter.exec(CountedCompleter.java:759)
	at java.base/java.util.concurrent.ForkJoinTask.doExec(ForkJoinTask.java:511)
	at java.base/java.util.concurrent.ForkJoinPool$WorkQueue.topLevelExec(ForkJoinPool.java:1450)
	at java.base/java.util.concurrent.ForkJoinPool.runWorker(ForkJoinPool.java:2019)
	at java.base/java.util.concurrent.ForkJoinWorkerThread.run(ForkJoinWorkerThread.java:187)
[ForkJoinPool.commonPool-worker-2] WARN org.reflections.Reflections - could not create Dir using com.thoughtworks.gauge.scan.ClasspathScanner$1@bd6a547 from url file:/C:/Users/a.basaleh/.jdks/openjdk-26.0.1!/jdk.internal.jvmstat. skipping.
java.lang.NullPointerException: Cannot invoke "java.io.File.isDirectory()" because "file" is null
	at com.thoughtworks.gauge.scan.ClasspathScanner$1.createDir(ClasspathScanner.java:48)
	at org.reflections.vfs.Vfs.fromURL(Vfs.java:103)
	at org.reflections.vfs.Vfs.fromURL(Vfs.java:95)
	at org.reflections.Reflections.lambda$scan$2(Reflections.java:176)
	at java.base/java.util.stream.ForEachOps$ForEachOp$OfRef.accept(ForEachOps.java:186)
	at java.base/java.util.HashMap$KeySpliterator.forEachRemaining(HashMap.java:1716)
	at java.base/java.util.stream.AbstractPipeline.copyInto(AbstractPipeline.java:570)
	at java.base/java.util.stream.ForEachOps$ForEachTask.compute(ForEachOps.java:293)
	at java.base/java.util.concurrent.CountedCompleter.exec(CountedCompleter.java:759)
	at java.base/java.util.concurrent.ForkJoinTask.doExec(ForkJoinTask.java:511)
	at java.base/java.util.concurrent.ForkJoinPool$WorkQueue.topLevelExec(ForkJoinPool.java:1450)
	at java.base/java.util.concurrent.ForkJoinPool.runWorker(ForkJoinPool.java:2019)
	at java.base/java.util.concurrent.ForkJoinWorkerThread.run(ForkJoinWorkerThread.java:187)
[pool-1-thread-1] WARN org.reflections.Reflections - could not create Dir using com.thoughtworks.gauge.scan.ClasspathScanner$1@bd6a547 from url file:/C:/Users/a.basaleh/.jdks/openjdk-26.0.1!/jdk.management.jfr. skipping.
java.lang.NullPointerException: Cannot invoke "java.io.File.isDirectory()" because "file" is null
	at com.thoughtworks.gauge.scan.ClasspathScanner$1.createDir(ClasspathScanner.java:48)
	at org.reflections.vfs.Vfs.fromURL(Vfs.java:103)
	at org.reflections.vfs.Vfs.fromURL(Vfs.java:95)
	at org.reflections.Reflections.lambda$scan$2(Reflections.java:176)
	at java.base/java.util.stream.ForEachOps$ForEachOp$OfRef.accept(ForEachOps.java:186)
	at java.base/java.util.HashMap$KeySpliterator.forEachRemaining(HashMap.java:1716)
	at java.base/java.util.stream.AbstractPipeline.copyInto(AbstractPipeline.java:570)
	at java.base/java.util.stream.ForEachOps$ForEachTask.compute(ForEachOps.java:293)
	at java.base/java.util.concurrent.CountedCompleter.exec(CountedCompleter.java:759)
	at java.base/java.util.concurrent.ForkJoinTask.doExec(ForkJoinTask.java:511)
	at java.base/java.util.concurrent.ForkJoinPool$WorkQueue.helpComplete(ForkJoinPool.java:1537)
	at java.base/java.util.concurrent.ForkJoinPool.helpComplete(ForkJoinPool.java:2332)
	at java.base/java.util.concurrent.ForkJoinTask.awaitDone(ForkJoinTask.java:497)
	at java.base/java.util.concurrent.ForkJoinTask.join(ForkJoinTask.java:669)
	at java.base/java.util.concurrent.ForkJoinTask.invoke(ForkJoinTask.java:684)
	at java.base/java.util.stream.ForEachOps$ForEachOp.evaluateParallel(ForEachOps.java:162)
	at java.base/java.util.stream.ForEachOps$ForEachOp$OfRef.evaluateParallel(ForEachOps.java:176)
	at java.base/java.util.stream.AbstractPipeline.evaluate(AbstractPipeline.java:264)
	at java.base/java.util.stream.ReferencePipeline.forEach(ReferencePipeline.java:632)
	at java.base/java.util.stream.ReferencePipeline$Head.forEach(ReferencePipeline.java:806)
	at org.reflections.Reflections.scan(Reflections.java:173)
	at org.reflections.Reflections.<init>(Reflections.java:126)
	at com.thoughtworks.gauge.scan.ClasspathScanner.createReflections(ClasspathScanner.java:57)
	at com.thoughtworks.gauge.scan.ClasspathScanner.scan(ClasspathScanner.java:32)
	at com.thoughtworks.gauge.connection.MessageProcessorFactory.lambda$new$0(MessageProcessorFactory.java:49)
	at java.base/java.util.concurrent.Executors$RunnableAdapter.call(Executors.java:545)
	at java.base/java.util.concurrent.FutureTask.run(FutureTask.java:330)
	at java.base/java.util.concurrent.ThreadPoolExecutor.runWorker(ThreadPoolExecutor.java:1090)
	at java.base/java.util.concurrent.ThreadPoolExecutor$Worker.run(ThreadPoolExecutor.java:614)
	at java.base/java.lang.Thread.run(Thread.java:1516)
[ForkJoinPool.commonPool-worker-7] WARN org.reflections.Reflections - could not create Dir using com.thoughtworks.gauge.scan.ClasspathScanner$1@bd6a547 from url file:/C:/Users/a.basaleh/.jdks/openjdk-26.0.1!/jdk.editpad. skipping.
java.lang.NullPointerException: Cannot invoke "java.io.File.isDirectory()" because "file" is null
	at com.thoughtworks.gauge.scan.ClasspathScanner$1.createDir(ClasspathScanner.java:48)
	at org.reflections.vfs.Vfs.fromURL(Vfs.java:103)
	at org.reflections.vfs.Vfs.fromURL(Vfs.java:95)
	at org.reflections.Reflections.lambda$scan$2(Reflections.java:176)
	at java.base/java.util.stream.ForEachOps$ForEachOp$OfRef.accept(ForEachOps.java:186)
	at java.base/java.util.HashMap$KeySpliterator.forEachRemaining(HashMap.java:1716)
	at java.base/java.util.stream.AbstractPipeline.copyInto(AbstractPipeline.java:570)
	at java.base/java.util.stream.ForEachOps$ForEachTask.compute(ForEachOps.java:293)
	at java.base/java.util.concurrent.CountedCompleter.exec(CountedCompleter.java:759)
	at java.base/java.util.concurrent.ForkJoinTask.doExec(ForkJoinTask.java:511)
	at java.base/java.util.concurrent.ForkJoinPool$WorkQueue.topLevelExec(ForkJoinPool.java:1450)
	at java.base/java.util.concurrent.ForkJoinPool.runWorker(ForkJoinPool.java:2019)
	at java.base/java.util.concurrent.ForkJoinWorkerThread.run(ForkJoinWorkerThread.java:187)
[ForkJoinPool.commonPool-worker-6] WARN org.reflections.Reflections - could not create Dir using com.thoughtworks.gauge.scan.ClasspathScanner$1@bd6a547 from url file:/C:/Users/a.basaleh/.jdks/openjdk-26.0.1!/jdk.internal.ed. skipping.
java.lang.NullPointerException: Cannot invoke "java.io.File.isDirectory()" because "file" is null
	at com.thoughtworks.gauge.scan.ClasspathScanner$1.createDir(ClasspathScanner.java:48)
	at org.reflections.vfs.Vfs.fromURL(Vfs.java:103)
	at org.reflections.vfs.Vfs.fromURL(Vfs.java:95)
	at org.reflections.Reflections.lambda$scan$2(Reflections.java:176)
	at java.base/java.util.stream.ForEachOps$ForEachOp$OfRef.accept(ForEachOps.java:186)
	at java.base/java.util.HashMap$KeySpliterator.forEachRemaining(HashMap.java:1716)
	at java.base/java.util.stream.AbstractPipeline.copyInto(AbstractPipeline.java:570)
	at java.base/java.util.stream.ForEachOps$ForEachTask.compute(ForEachOps.java:293)
	at java.base/java.util.concurrent.CountedCompleter.exec(CountedCompleter.java:759)
	at java.base/java.util.concurrent.ForkJoinTask.doExec(ForkJoinTask.java:511)
	at java.base/java.util.concurrent.ForkJoinPool$WorkQueue.topLevelExec(ForkJoinPool.java:1450)
	at java.base/java.util.concurrent.ForkJoinPool.runWorker(ForkJoinPool.java:2019)
	at java.base/java.util.concurrent.ForkJoinWorkerThread.run(ForkJoinWorkerThread.java:187)
[ForkJoinPool.commonPool-worker-1] WARN org.reflections.Reflections - could not create Dir using com.thoughtworks.gauge.scan.ClasspathScanner$1@bd6a547 from url file:/C:/Users/a.basaleh/.jdks/openjdk-26.0.1!/java.smartcardio. skipping.
java.lang.NullPointerException: Cannot invoke "java.io.File.isDirectory()" because "file" is null
	at com.thoughtworks.gauge.scan.ClasspathScanner$1.createDir(ClasspathScanner.java:48)
	at org.reflections.vfs.Vfs.fromURL(Vfs.java:103)
	at org.reflections.vfs.Vfs.fromURL(Vfs.java:95)
	at org.reflections.Reflections.lambda$scan$2(Reflections.java:176)
	at java.base/java.util.stream.ForEachOps$ForEachOp$OfRef.accept(ForEachOps.java:186)
	at java.base/java.util.HashMap$KeySpliterator.forEachRemaining(HashMap.java:1716)
	at java.base/java.util.stream.AbstractPipeline.copyInto(AbstractPipeline.java:570)
	at java.base/java.util.stream.ForEachOps$ForEachTask.compute(ForEachOps.java:293)
	at java.base/java.util.concurrent.CountedCompleter.exec(CountedCompleter.java:759)
	at java.base/java.util.concurrent.ForkJoinTask.doExec(ForkJoinTask.java:511)
	at java.base/java.util.concurrent.ForkJoinPool$WorkQueue.topLevelExec(ForkJoinPool.java:1450)
	at java.base/java.util.concurrent.ForkJoinPool.runWorker(ForkJoinPool.java:2019)
	at java.base/java.util.concurrent.ForkJoinWorkerThread.run(ForkJoinWorkerThread.java:187)
[ForkJoinPool.commonPool-worker-1] WARN org.reflections.Reflections - could not create Vfs.Dir from url. ignoring the exception and continuing
org.reflections.ReflectionsException: could not create Vfs.Dir from url, no matching UrlType was found [file:/C:/Users/a.basaleh/.jdks/openjdk-26.0.1!/java.smartcardio]
either use fromURL(final URL url, final List<UrlType> urlTypes) or use the static setDefaultURLTypes(final List<UrlType> urlTypes) or addDefaultURLTypes(UrlType urlType) with your specialized UrlType.
	at org.reflections.vfs.Vfs.fromURL(Vfs.java:113)
	at org.reflections.vfs.Vfs.fromURL(Vfs.java:95)
	at org.reflections.Reflections.lambda$scan$2(Reflections.java:176)
	at java.base/java.util.stream.ForEachOps$ForEachOp$OfRef.accept(ForEachOps.java:186)
	at java.base/java.util.HashMap$KeySpliterator.forEachRemaining(HashMap.java:1716)
	at java.base/java.util.stream.AbstractPipeline.copyInto(AbstractPipeline.java:570)
	at java.base/java.util.stream.ForEachOps$ForEachTask.compute(ForEachOps.java:293)
	at java.base/java.util.concurrent.CountedCompleter.exec(CountedCompleter.java:759)
	at java.base/java.util.concurrent.ForkJoinTask.doExec(ForkJoinTask.java:511)
	at java.base/java.util.concurrent.ForkJoinPool$WorkQueue.topLevelExec(ForkJoinPool.java:1450)
	at java.base/java.util.concurrent.ForkJoinPool.runWorker(ForkJoinPool.java:2019)
	at java.base/java.util.concurrent.ForkJoinWorkerThread.run(ForkJoinWorkerThread.java:187)
[ForkJoinPool.commonPool-worker-1] WARN org.reflections.Reflections - could not create Dir using com.thoughtworks.gauge.scan.ClasspathScanner$1@bd6a547 from url file:/C:/Users/a.basaleh/.jdks/openjdk-26.0.1!/jdk.naming.dns. skipping.
java.lang.NullPointerException: Cannot invoke "java.io.File.isDirectory()" because "file" is null
	at com.thoughtworks.gauge.scan.ClasspathScanner$1.createDir(ClasspathScanner.java:48)
	at org.reflections.vfs.Vfs.fromURL(Vfs.java:103)
	at org.reflections.vfs.Vfs.fromURL(Vfs.java:95)
	at org.reflections.Reflections.lambda$scan$2(Reflections.java:176)
	at java.base/java.util.stream.ForEachOps$ForEachOp$OfRef.accept(ForEachOps.java:186)
	at java.base/java.util.HashMap$KeySpliterator.forEachRemaining(HashMap.java:1716)
	at java.base/java.util.stream.AbstractPipeline.copyInto(AbstractPipeline.java:570)
	at java.base/java.util.stream.ForEachOps$ForEachTask.compute(ForEachOps.java:293)
	at java.base/java.util.concurrent.CountedCompleter.exec(CountedCompleter.java:759)
	at java.base/java.util.concurrent.ForkJoinTask.doExec(ForkJoinTask.java:511)
	at java.base/java.util.concurrent.ForkJoinPool$WorkQueue.topLevelExec(ForkJoinPool.java:1450)
	at java.base/java.util.concurrent.ForkJoinPool.runWorker(ForkJoinPool.java:2019)
	at java.base/java.util.concurrent.ForkJoinWorkerThread.run(ForkJoinWorkerThread.java:187)
[ForkJoinPool.commonPool-worker-1] WARN org.reflections.Reflections - could not create Vfs.Dir from url. ignoring the exception and continuing
org.reflections.ReflectionsException: could not create Vfs.Dir from url, no matching UrlType was found [file:/C:/Users/a.basaleh/.jdks/openjdk-26.0.1!/jdk.naming.dns]
either use fromURL(final URL url, final List<UrlType> urlTypes) or use the static setDefaultURLTypes(final List<UrlType> urlTypes) or addDefaultURLTypes(UrlType urlType) with your specialized UrlType.
	at org.reflections.vfs.Vfs.fromURL(Vfs.java:113)
	at org.reflections.vfs.Vfs.fromURL(Vfs.java:95)
	at org.reflections.Reflections.lambda$scan$2(Reflections.java:176)
	at java.base/java.util.stream.ForEachOps$ForEachOp$OfRef.accept(ForEachOps.java:186)
	at java.base/java.util.HashMap$KeySpliterator.forEachRemaining(HashMap.java:1716)
	at java.base/java.util.stream.AbstractPipeline.copyInto(AbstractPipeline.java:570)
	at java.base/java.util.stream.ForEachOps$ForEachTask.compute(ForEachOps.java:293)
	at java.base/java.util.concurrent.CountedCompleter.exec(CountedCompleter.java:759)
	at java.base/java.util.concurrent.ForkJoinTask.doExec(ForkJoinTask.java:511)
	at java.base/java.util.concurrent.ForkJoinPool$WorkQueue.topLevelExec(ForkJoinPool.java:1450)
	at java.base/java.util.concurrent.ForkJoinPool.runWorker(ForkJoinPool.java:2019)
	at java.base/java.util.concurrent.ForkJoinWorkerThread.run(ForkJoinWorkerThread.java:187)
[ForkJoinPool.commonPool-worker-2] WARN org.reflections.Reflections - could not create Vfs.Dir from url. ignoring the exception and continuing
org.reflections.ReflectionsException: could not create Vfs.Dir from url, no matching UrlType was found [file:/C:/Users/a.basaleh/.jdks/openjdk-26.0.1!/jdk.internal.jvmstat]
either use fromURL(final URL url, final List<UrlType> urlTypes) or use the static setDefaultURLTypes(final List<UrlType> urlTypes) or addDefaultURLTypes(UrlType urlType) with your specialized UrlType.
	at org.reflections.vfs.Vfs.fromURL(Vfs.java:113)
	at org.reflections.vfs.Vfs.fromURL(Vfs.java:95)
	at org.reflections.Reflections.lambda$scan$2(Reflections.java:176)
	at java.base/java.util.stream.ForEachOps$ForEachOp$OfRef.accept(ForEachOps.java:186)
	at java.base/java.util.HashMap$KeySpliterator.forEachRemaining(HashMap.java:1716)
	at java.base/java.util.stream.AbstractPipeline.copyInto(AbstractPipeline.java:570)
	at java.base/java.util.stream.ForEachOps$ForEachTask.compute(ForEachOps.java:293)
	at java.base/java.util.concurrent.CountedCompleter.exec(CountedCompleter.java:759)
	at java.base/java.util.concurrent.ForkJoinTask.doExec(ForkJoinTask.java:511)
	at java.base/java.util.concurrent.ForkJoinPool$WorkQueue.topLevelExec(ForkJoinPool.java:1450)
	at java.base/java.util.concurrent.ForkJoinPool.runWorker(ForkJoinPool.java:2019)
	at java.base/java.util.concurrent.ForkJoinWorkerThread.run(ForkJoinWorkerThread.java:187)
[ForkJoinPool.commonPool-worker-1] WARN org.reflections.Reflections - could not create Dir using com.thoughtworks.gauge.scan.ClasspathScanner$1@bd6a547 from url file:/C:/Users/a.basaleh/.jdks/openjdk-26.0.1!/java.logging. skipping.
java.lang.NullPointerException: Cannot invoke "java.io.File.isDirectory()" because "file" is null
	at com.thoughtworks.gauge.scan.ClasspathScanner$1.createDir(ClasspathScanner.java:48)
	at org.reflections.vfs.Vfs.fromURL(Vfs.java:103)
	at org.reflections.vfs.Vfs.fromURL(Vfs.java:95)
	at org.reflections.Reflections.lambda$scan$2(Reflections.java:176)
	at java.base/java.util.stream.ForEachOps$ForEachOp$OfRef.accept(ForEachOps.java:186)
	at java.base/java.util.HashMap$KeySpliterator.forEachRemaining(HashMap.java:1716)
	at java.base/java.util.stream.AbstractPipeline.copyInto(AbstractPipeline.java:570)
	at java.base/java.util.stream.ForEachOps$ForEachTask.compute(ForEachOps.java:293)
	at java.base/java.util.concurrent.CountedCompleter.exec(CountedCompleter.java:759)
	at java.base/java.util.concurrent.ForkJoinTask.doExec(ForkJoinTask.java:511)
	at java.base/java.util.concurrent.ForkJoinPool$WorkQueue.topLevelExec(ForkJoinPool.java:1450)
	at java.base/java.util.concurrent.ForkJoinPool.runWorker(ForkJoinPool.java:2019)
	at java.base/java.util.concurrent.ForkJoinWorkerThread.run(ForkJoinWorkerThread.java:187)
[pool-1-thread-1] WARN org.reflections.Reflections - could not create Vfs.Dir from url. ignoring the exception and continuing
org.reflections.ReflectionsException: could not create Vfs.Dir from url, no matching UrlType was found [file:/C:/Users/a.basaleh/.jdks/openjdk-26.0.1!/jdk.management.jfr]
either use fromURL(final URL url, final List<UrlType> urlTypes) or use the static setDefaultURLTypes(final List<UrlType> urlTypes) or addDefaultURLTypes(UrlType urlType) with your specialized UrlType.
	at org.reflections.vfs.Vfs.fromURL(Vfs.java:113)
	at org.reflections.vfs.Vfs.fromURL(Vfs.java:95)
	at org.reflections.Reflections.lambda$scan$2(Reflections.java:176)
	at java.base/java.util.stream.ForEachOps$ForEachOp$OfRef.accept(ForEachOps.java:186)
	at java.base/java.util.HashMap$KeySpliterator.forEachRemaining(HashMap.java:1716)
	at java.base/java.util.stream.AbstractPipeline.copyInto(AbstractPipeline.java:570)
	at java.base/java.util.stream.ForEachOps$ForEachTask.compute(ForEachOps.java:293)
	at java.base/java.util.concurrent.CountedCompleter.exec(CountedCompleter.java:759)
	at java.base/java.util.concurrent.ForkJoinTask.doExec(ForkJoinTask.java:511)
	at java.base/java.util.concurrent.ForkJoinPool$WorkQueue.helpComplete(ForkJoinPool.java:1537)
	at java.base/java.util.concurrent.ForkJoinPool.helpComplete(ForkJoinPool.java:2332)
	at java.base/java.util.concurrent.ForkJoinTask.awaitDone(ForkJoinTask.java:497)
	at java.base/java.util.concurrent.ForkJoinTask.join(ForkJoinTask.java:669)
	at java.base/java.util.concurrent.ForkJoinTask.invoke(ForkJoinTask.java:684)
	at java.base/java.util.stream.ForEachOps$ForEachOp.evaluateParallel(ForEachOps.java:162)
	at java.base/java.util.stream.ForEachOps$ForEachOp$OfRef.evaluateParallel(ForEachOps.java:176)
	at java.base/java.util.stream.AbstractPipeline.evaluate(AbstractPipeline.java:264)
	at java.base/java.util.stream.ReferencePipeline.forEach(ReferencePipeline.java:632)
	at java.base/java.util.stream.ReferencePipeline$Head.forEach(ReferencePipeline.java:806)
	at org.reflections.Reflections.scan(Reflections.java:173)
	at org.reflections.Reflections.<init>(Reflections.java:126)
	at com.thoughtworks.gauge.scan.ClasspathScanner.createReflections(ClasspathScanner.java:57)
	at com.thoughtworks.gauge.scan.ClasspathScanner.scan(ClasspathScanner.java:32)
	at com.thoughtworks.gauge.connection.MessageProcessorFactory.lambda$new$0(MessageProcessorFactory.java:49)
	at java.base/java.util.concurrent.Executors$RunnableAdapter.call(Executors.java:545)
	at java.base/java.util.concurrent.FutureTask.run(FutureTask.java:330)
	at java.base/java.util.concurrent.ThreadPoolExecutor.runWorker(ThreadPoolExecutor.java:1090)
	at java.base/java.util.concurrent.ThreadPoolExecutor$Worker.run(ThreadPoolExecutor.java:614)
	at java.base/java.lang.Thread.run(Thread.java:1516)
[ForkJoinPool.commonPool-worker-1] WARN org.reflections.Reflections - could not create Vfs.Dir from url. ignoring the exception and continuing
org.reflections.ReflectionsException: could not create Vfs.Dir from url, no matching UrlType was found [file:/C:/Users/a.basaleh/.jdks/openjdk-26.0.1!/java.logging]
either use fromURL(final URL url, final List<UrlType> urlTypes) or use the static setDefaultURLTypes(final List<UrlType> urlTypes) or addDefaultURLTypes(UrlType urlType) with your specialized UrlType.
	at org.reflections.vfs.Vfs.fromURL(Vfs.java:113)
	at org.reflections.vfs.Vfs.fromURL(Vfs.java:95)
	at org.reflections.Reflections.lambda$scan$2(Reflections.java:176)
	at java.base/java.util.stream.ForEachOps$ForEachOp$OfRef.accept(ForEachOps.java:186)
	at java.base/java.util.HashMap$KeySpliterator.forEachRemaining(HashMap.java:1716)
	at java.base/java.util.stream.AbstractPipeline.copyInto(AbstractPipeline.java:570)
	at java.base/java.util.stream.ForEachOps$ForEachTask.compute(ForEachOps.java:293)
	at java.base/java.util.concurrent.CountedCompleter.exec(CountedCompleter.java:759)
	at java.base/java.util.concurrent.ForkJoinTask.doExec(ForkJoinTask.java:511)
	at java.base/java.util.concurrent.ForkJoinPool$WorkQueue.topLevelExec(ForkJoinPool.java:1450)
	at java.base/java.util.concurrent.ForkJoinPool.runWorker(ForkJoinPool.java:2019)
	at java.base/java.util.concurrent.ForkJoinWorkerThread.run(ForkJoinWorkerThread.java:187)
[ForkJoinPool.commonPool-worker-7] WARN org.reflections.Reflections - could not create Vfs.Dir from url. ignoring the exception and continuing
org.reflections.ReflectionsException: could not create Vfs.Dir from url, no matching UrlType was found [file:/C:/Users/a.basaleh/.jdks/openjdk-26.0.1!/jdk.editpad]
either use fromURL(final URL url, final List<UrlType> urlTypes) or use the static setDefaultURLTypes(final List<UrlType> urlTypes) or addDefaultURLTypes(UrlType urlType) with your specialized UrlType.
	at org.reflections.vfs.Vfs.fromURL(Vfs.java:113)
	at org.reflections.vfs.Vfs.fromURL(Vfs.java:95)
	at org.reflections.Reflections.lambda$scan$2(Reflections.java:176)
	at java.base/java.util.stream.ForEachOps$ForEachOp$OfRef.accept(ForEachOps.java:186)
	at java.base/java.util.HashMap$KeySpliterator.forEachRemaining(HashMap.java:1716)
	at java.base/java.util.stream.AbstractPipeline.copyInto(AbstractPipeline.java:570)
	at java.base/java.util.stream.ForEachOps$ForEachTask.compute(ForEachOps.java:293)
	at java.base/java.util.concurrent.CountedCompleter.exec(CountedCompleter.java:759)
	at java.base/java.util.concurrent.ForkJoinTask.doExec(ForkJoinTask.java:511)
	at java.base/java.util.concurrent.ForkJoinPool$WorkQueue.topLevelExec(ForkJoinPool.java:1450)
	at java.base/java.util.concurrent.ForkJoinPool.runWorker(ForkJoinPool.java:2019)
	at java.base/java.util.concurrent.ForkJoinWorkerThread.run(ForkJoinWorkerThread.java:187)
[ForkJoinPool.commonPool-worker-3] WARN org.reflections.Reflections - could not create Dir using com.thoughtworks.gauge.scan.ClasspathScanner$1@bd6a547 from url file:/C:/Users/a.basaleh/.jdks/openjdk-26.0.1!/java.base. skipping.
java.lang.NullPointerException: Cannot invoke "java.io.File.isDirectory()" because "file" is null
	at com.thoughtworks.gauge.scan.ClasspathScanner$1.createDir(ClasspathScanner.java:48)
	at org.reflections.vfs.Vfs.fromURL(Vfs.java:103)
	at org.reflections.vfs.Vfs.fromURL(Vfs.java:95)
	at org.reflections.Reflections.lambda$scan$2(Reflections.java:176)
	at java.base/java.util.stream.ForEachOps$ForEachOp$OfRef.accept(ForEachOps.java:186)
	at java.base/java.util.HashMap$KeySpliterator.forEachRemaining(HashMap.java:1716)
	at java.base/java.util.stream.AbstractPipeline.copyInto(AbstractPipeline.java:570)
	at java.base/java.util.stream.ForEachOps$ForEachTask.compute(ForEachOps.java:293)
	at java.base/java.util.concurrent.CountedCompleter.exec(CountedCompleter.java:759)
	at java.base/java.util.concurrent.ForkJoinTask.doExec(ForkJoinTask.java:511)
	at java.base/java.util.concurrent.ForkJoinPool$WorkQueue.topLevelExec(ForkJoinPool.java:1450)
	at java.base/java.util.concurrent.ForkJoinPool.runWorker(ForkJoinPool.java:2019)
	at java.base/java.util.concurrent.ForkJoinWorkerThread.run(ForkJoinWorkerThread.java:187)
[ForkJoinPool.commonPool-worker-3] WARN org.reflections.Reflections - could not create Vfs.Dir from url. ignoring the exception and continuing
org.reflections.ReflectionsException: could not create Vfs.Dir from url, no matching UrlType was found [file:/C:/Users/a.basaleh/.jdks/openjdk-26.0.1!/java.base]
either use fromURL(final URL url, final List<UrlType> urlTypes) or use the static setDefaultURLTypes(final List<UrlType> urlTypes) or addDefaultURLTypes(UrlType urlType) with your specialized UrlType.
	at org.reflections.vfs.Vfs.fromURL(Vfs.java:113)
	at org.reflections.vfs.Vfs.fromURL(Vfs.java:95)
	at org.reflections.Reflections.lambda$scan$2(Reflections.java:176)
	at java.base/java.util.stream.ForEachOps$ForEachOp$OfRef.accept(ForEachOps.java:186)
	at java.base/java.util.HashMap$KeySpliterator.forEachRemaining(HashMap.java:1716)
	at java.base/java.util.stream.AbstractPipeline.copyInto(AbstractPipeline.java:570)
	at java.base/java.util.stream.ForEachOps$ForEachTask.compute(ForEachOps.java:293)
	at java.base/java.util.concurrent.CountedCompleter.exec(CountedCompleter.java:759)
	at java.base/java.util.concurrent.ForkJoinTask.doExec(ForkJoinTask.java:511)
	at java.base/java.util.concurrent.ForkJoinPool$WorkQueue.topLevelExec(ForkJoinPool.java:1450)
	at java.base/java.util.concurrent.ForkJoinPool.runWorker(ForkJoinPool.java:2019)
	at java.base/java.util.concurrent.ForkJoinWorkerThread.run(ForkJoinWorkerThread.java:187)
[ForkJoinPool.commonPool-worker-3] WARN org.reflections.Reflections - could not create Dir using com.thoughtworks.gauge.scan.ClasspathScanner$1@bd6a547 from url file:/C:/Users/a.basaleh/.jdks/openjdk-26.0.1!/java.prefs. skipping.
java.lang.NullPointerException: Cannot invoke "java.io.File.isDirectory()" because "file" is null
	at com.thoughtworks.gauge.scan.ClasspathScanner$1.createDir(ClasspathScanner.java:48)
	at org.reflections.vfs.Vfs.fromURL(Vfs.java:103)
	at org.reflections.vfs.Vfs.fromURL(Vfs.java:95)
	at org.reflections.Reflections.lambda$scan$2(Reflections.java:176)
	at java.base/java.util.stream.ForEachOps$ForEachOp$OfRef.accept(ForEachOps.java:186)
	at java.base/java.util.HashMap$KeySpliterator.forEachRemaining(HashMap.java:1716)
	at java.base/java.util.stream.AbstractPipeline.copyInto(AbstractPipeline.java:570)
	at java.base/java.util.stream.ForEachOps$ForEachTask.compute(ForEachOps.java:293)
	at java.base/java.util.concurrent.CountedCompleter.exec(CountedCompleter.java:759)
	at java.base/java.util.concurrent.ForkJoinTask.doExec(ForkJoinTask.java:511)
	at java.base/java.util.concurrent.ForkJoinPool$WorkQueue.topLevelExec(ForkJoinPool.java:1450)
	at java.base/java.util.concurrent.ForkJoinPool.runWorker(ForkJoinPool.java:2019)
	at java.base/java.util.concurrent.ForkJoinWorkerThread.run(ForkJoinWorkerThread.java:187)
[ForkJoinPool.commonPool-worker-1] WARN org.reflections.Reflections - could not create Dir using com.thoughtworks.gauge.scan.ClasspathScanner$1@bd6a547 from url file:/C:/Users/a.basaleh/.jdks/openjdk-26.0.1!/java.xml.crypto. skipping.
java.lang.NullPointerException: Cannot invoke "java.io.File.isDirectory()" because "file" is null
	at com.thoughtworks.gauge.scan.ClasspathScanner$1.createDir(ClasspathScanner.java:48)
	at org.reflections.vfs.Vfs.fromURL(Vfs.java:103)
	at org.reflections.vfs.Vfs.fromURL(Vfs.java:95)
	at org.reflections.Reflections.lambda$scan$2(Reflections.java:176)
	at java.base/java.util.stream.ForEachOps$ForEachOp$OfRef.accept(ForEachOps.java:186)
	at java.base/java.util.HashMap$KeySpliterator.forEachRemaining(HashMap.java:1716)
	at java.base/java.util.stream.AbstractPipeline.copyInto(AbstractPipeline.java:570)
	at java.base/java.util.stream.ForEachOps$ForEachTask.compute(ForEachOps.java:293)
	at java.base/java.util.concurrent.CountedCompleter.exec(CountedCompleter.java:759)
	at java.base/java.util.concurrent.ForkJoinTask.doExec(ForkJoinTask.java:511)
	at java.base/java.util.concurrent.ForkJoinPool$WorkQueue.topLevelExec(ForkJoinPool.java:1450)
	at java.base/java.util.concurrent.ForkJoinPool.runWorker(ForkJoinPool.java:2019)
	at java.base/java.util.concurrent.ForkJoinWorkerThread.run(ForkJoinWorkerThread.java:187)
[ForkJoinPool.commonPool-worker-6] WARN org.reflections.Reflections - could not create Vfs.Dir from url. ignoring the exception and continuing
org.reflections.ReflectionsException: could not create Vfs.Dir from url, no matching UrlType was found [file:/C:/Users/a.basaleh/.jdks/openjdk-26.0.1!/jdk.internal.ed]
either use fromURL(final URL url, final List<UrlType> urlTypes) or use the static setDefaultURLTypes(final List<UrlType> urlTypes) or addDefaultURLTypes(UrlType urlType) with your specialized UrlType.
	at org.reflections.vfs.Vfs.fromURL(Vfs.java:113)
	at org.reflections.vfs.Vfs.fromURL(Vfs.java:95)
	at org.reflections.Reflections.lambda$scan$2(Reflections.java:176)
	at java.base/java.util.stream.ForEachOps$ForEachOp$OfRef.accept(ForEachOps.java:186)
	at java.base/java.util.HashMap$KeySpliterator.forEachRemaining(HashMap.java:1716)
	at java.base/java.util.stream.AbstractPipeline.copyInto(AbstractPipeline.java:570)
	at java.base/java.util.stream.ForEachOps$ForEachTask.compute(ForEachOps.java:293)
	at java.base/java.util.concurrent.CountedCompleter.exec(CountedCompleter.java:759)
	at java.base/java.util.concurrent.ForkJoinTask.doExec(ForkJoinTask.java:511)
	at java.base/java.util.concurrent.ForkJoinPool$WorkQueue.topLevelExec(ForkJoinPool.java:1450)
	at java.base/java.util.concurrent.ForkJoinPool.runWorker(ForkJoinPool.java:2019)
	at java.base/java.util.concurrent.ForkJoinWorkerThread.run(ForkJoinWorkerThread.java:187)
[ForkJoinPool.commonPool-worker-3] WARN org.reflections.Reflections - could not create Vfs.Dir from url. ignoring the exception and continuing
org.reflections.ReflectionsException: could not create Vfs.Dir from url, no matching UrlType was found [file:/C:/Users/a.basaleh/.jdks/openjdk-26.0.1!/java.prefs]
either use fromURL(final URL url, final List<UrlType> urlTypes) or use the static setDefaultURLTypes(final List<UrlType> urlTypes) or addDefaultURLTypes(UrlType urlType) with your specialized UrlType.
	at org.reflections.vfs.Vfs.fromURL(Vfs.java:113)
	at org.reflections.vfs.Vfs.fromURL(Vfs.java:95)
	at org.reflections.Reflections.lambda$scan$2(Reflections.java:176)
	at java.base/java.util.stream.ForEachOps$ForEachOp$OfRef.accept(ForEachOps.java:186)
	at java.base/java.util.HashMap$KeySpliterator.forEachRemaining(HashMap.java:1716)
	at java.base/java.util.stream.AbstractPipeline.copyInto(AbstractPipeline.java:570)
	at java.base/java.util.stream.ForEachOps$ForEachTask.compute(ForEachOps.java:293)
	at java.base/java.util.concurrent.CountedCompleter.exec(CountedCompleter.java:759)
	at java.base/java.util.concurrent.ForkJoinTask.doExec(ForkJoinTask.java:511)
	at java.base/java.util.concurrent.ForkJoinPool$WorkQueue.topLevelExec(ForkJoinPool.java:1450)
	at java.base/java.util.concurrent.ForkJoinPool.runWorker(ForkJoinPool.java:2019)
	at java.base/java.util.concurrent.ForkJoinWorkerThread.run(ForkJoinWorkerThread.java:187)
[ForkJoinPool.commonPool-worker-1] WARN org.reflections.Reflections - could not create Vfs.Dir from url. ignoring the exception and continuing
org.reflections.ReflectionsException: could not create Vfs.Dir from url, no matching UrlType was found [file:/C:/Users/a.basaleh/.jdks/openjdk-26.0.1!/java.xml.crypto]
either use fromURL(final URL url, final List<UrlType> urlTypes) or use the static setDefaultURLTypes(final List<UrlType> urlTypes) or addDefaultURLTypes(UrlType urlType) with your specialized UrlType.
	at org.reflections.vfs.Vfs.fromURL(Vfs.java:113)
	at org.reflections.vfs.Vfs.fromURL(Vfs.java:95)
	at org.reflections.Reflections.lambda$scan$2(Reflections.java:176)
	at java.base/java.util.stream.ForEachOps$ForEachOp$OfRef.accept(ForEachOps.java:186)
	at java.base/java.util.HashMap$KeySpliterator.forEachRemaining(HashMap.java:1716)
	at java.base/java.util.stream.AbstractPipeline.copyInto(AbstractPipeline.java:570)
	at java.base/java.util.stream.ForEachOps$ForEachTask.compute(ForEachOps.java:293)
	at java.base/java.util.concurrent.CountedCompleter.exec(CountedCompleter.java:759)
	at java.base/java.util.concurrent.ForkJoinTask.doExec(ForkJoinTask.java:511)
	at java.base/java.util.concurrent.ForkJoinPool$WorkQueue.topLevelExec(ForkJoinPool.java:1450)
	at java.base/java.util.concurrent.ForkJoinPool.runWorker(ForkJoinPool.java:2019)
	at java.base/java.util.concurrent.ForkJoinWorkerThread.run(ForkJoinWorkerThread.java:187)
[ForkJoinPool.commonPool-worker-7] WARN org.reflections.Reflections - could not create Dir using com.thoughtworks.gauge.scan.ClasspathScanner$1@bd6a547 from url file:/C:/Users/a.basaleh/.jdks/openjdk-26.0.1!/java.security.sasl. skipping.
java.lang.NullPointerException: Cannot invoke "java.io.File.isDirectory()" because "file" is null
	at com.thoughtworks.gauge.scan.ClasspathScanner$1.createDir(ClasspathScanner.java:48)
	at org.reflections.vfs.Vfs.fromURL(Vfs.java:103)
	at org.reflections.vfs.Vfs.fromURL(Vfs.java:95)
	at org.reflections.Reflections.lambda$scan$2(Reflections.java:176)
	at java.base/java.util.stream.ForEachOps$ForEachOp$OfRef.accept(ForEachOps.java:186)
	at java.base/java.util.HashMap$KeySpliterator.forEachRemaining(HashMap.java:1716)
	at java.base/java.util.stream.AbstractPipeline.copyInto(AbstractPipeline.java:570)
	at java.base/java.util.stream.ForEachOps$ForEachTask.compute(ForEachOps.java:293)
	at java.base/java.util.concurrent.CountedCompleter.exec(CountedCompleter.java:759)
	at java.base/java.util.concurrent.ForkJoinTask.doExec(ForkJoinTask.java:511)
	at java.base/java.util.concurrent.ForkJoinPool$WorkQueue.topLevelExec(ForkJoinPool.java:1450)
	at java.base/java.util.concurrent.ForkJoinPool.runWorker(ForkJoinPool.java:2019)
	at java.base/java.util.concurrent.ForkJoinWorkerThread.run(ForkJoinWorkerThread.java:187)
[ForkJoinPool.commonPool-worker-1] WARN org.reflections.Reflections - could not create Dir using com.thoughtworks.gauge.scan.ClasspathScanner$1@bd6a547 from url file:/C:/Users/a.basaleh/.jdks/openjdk-26.0.1!/jdk.crypto.mscapi. skipping.
java.lang.NullPointerException: Cannot invoke "java.io.File.isDirectory()" because "file" is null
	at com.thoughtworks.gauge.scan.ClasspathScanner$1.createDir(ClasspathScanner.java:48)
	at org.reflections.vfs.Vfs.fromURL(Vfs.java:103)
	at org.reflections.vfs.Vfs.fromURL(Vfs.java:95)
	at org.reflections.Reflections.lambda$scan$2(Reflections.java:176)
	at java.base/java.util.stream.ForEachOps$ForEachOp$OfRef.accept(ForEachOps.java:186)
	at java.base/java.util.HashMap$KeySpliterator.forEachRemaining(HashMap.java:1716)
	at java.base/java.util.stream.AbstractPipeline.copyInto(AbstractPipeline.java:570)
	at java.base/java.util.stream.ForEachOps$ForEachTask.compute(ForEachOps.java:293)
	at java.base/java.util.concurrent.CountedCompleter.exec(CountedCompleter.java:759)
	at java.base/java.util.concurrent.ForkJoinTask.doExec(ForkJoinTask.java:511)
	at java.base/java.util.concurrent.ForkJoinPool$WorkQueue.topLevelExec(ForkJoinPool.java:1450)
	at java.base/java.util.concurrent.ForkJoinPool.runWorker(ForkJoinPool.java:2019)
	at java.base/java.util.concurrent.ForkJoinWorkerThread.run(ForkJoinWorkerThread.java:187)
[ForkJoinPool.commonPool-worker-7] WARN org.reflections.Reflections - could not create Vfs.Dir from url. ignoring the exception and continuing
org.reflections.ReflectionsException: could not create Vfs.Dir from url, no matching UrlType was found [file:/C:/Users/a.basaleh/.jdks/openjdk-26.0.1!/java.security.sasl]
either use fromURL(final URL url, final List<UrlType> urlTypes) or use the static setDefaultURLTypes(final List<UrlType> urlTypes) or addDefaultURLTypes(UrlType urlType) with your specialized UrlType.
	at org.reflections.vfs.Vfs.fromURL(Vfs.java:113)
	at org.reflections.vfs.Vfs.fromURL(Vfs.java:95)
	at org.reflections.Reflections.lambda$scan$2(Reflections.java:176)
	at java.base/java.util.stream.ForEachOps$ForEachOp$OfRef.accept(ForEachOps.java:186)
	at java.base/java.util.HashMap$KeySpliterator.forEachRemaining(HashMap.java:1716)
	at java.base/java.util.stream.AbstractPipeline.copyInto(AbstractPipeline.java:570)
	at java.base/java.util.stream.ForEachOps$ForEachTask.compute(ForEachOps.java:293)
	at java.base/java.util.concurrent.CountedCompleter.exec(CountedCompleter.java:759)
	at java.base/java.util.concurrent.ForkJoinTask.doExec(ForkJoinTask.java:511)
	at java.base/java.util.concurrent.ForkJoinPool$WorkQueue.topLevelExec(ForkJoinPool.java:1450)
	at java.base/java.util.concurrent.ForkJoinPool.runWorker(ForkJoinPool.java:2019)
	at java.base/java.util.concurrent.ForkJoinWorkerThread.run(ForkJoinWorkerThread.java:187)
[ForkJoinPool.commonPool-worker-6] WARN org.reflections.Reflections - could not create Dir using com.thoughtworks.gauge.scan.ClasspathScanner$1@bd6a547 from url file:/C:/Users/a.basaleh/.jdks/openjdk-26.0.1!/java.xml. skipping.
java.lang.NullPointerException: Cannot invoke "java.io.File.isDirectory()" because "file" is null
	at com.thoughtworks.gauge.scan.ClasspathScanner$1.createDir(ClasspathScanner.java:48)
	at org.reflections.vfs.Vfs.fromURL(Vfs.java:103)
	at org.reflections.vfs.Vfs.fromURL(Vfs.java:95)
	at org.reflections.Reflections.lambda$scan$2(Reflections.java:176)
	at java.base/java.util.stream.ForEachOps$ForEachOp$OfRef.accept(ForEachOps.java:186)
	at java.base/java.util.HashMap$KeySpliterator.forEachRemaining(HashMap.java:1716)
	at java.base/java.util.stream.AbstractPipeline.copyInto(AbstractPipeline.java:570)
	at java.base/java.util.stream.ForEachOps$ForEachTask.compute(ForEachOps.java:293)
	at java.base/java.util.concurrent.CountedCompleter.exec(CountedCompleter.java:759)
	at java.base/java.util.concurrent.ForkJoinTask.doExec(ForkJoinTask.java:511)
	at java.base/java.util.concurrent.ForkJoinPool$WorkQueue.topLevelExec(ForkJoinPool.java:1450)
	at java.base/java.util.concurrent.ForkJoinPool.runWorker(ForkJoinPool.java:2019)
	at java.base/java.util.concurrent.ForkJoinWorkerThread.run(ForkJoinWorkerThread.java:187)
[ForkJoinPool.commonPool-worker-1] WARN org.reflections.Reflections - could not create Vfs.Dir from url. ignoring the exception and continuing
org.reflections.ReflectionsException: could not create Vfs.Dir from url, no matching UrlType was found [file:/C:/Users/a.basaleh/.jdks/openjdk-26.0.1!/jdk.crypto.mscapi]
either use fromURL(final URL url, final List<UrlType> urlTypes) or use the static setDefaultURLTypes(final List<UrlType> urlTypes) or addDefaultURLTypes(UrlType urlType) with your specialized UrlType.
	at org.reflections.vfs.Vfs.fromURL(Vfs.java:113)
	at org.reflections.vfs.Vfs.fromURL(Vfs.java:95)
	at org.reflections.Reflections.lambda$scan$2(Reflections.java:176)
	at java.base/java.util.stream.ForEachOps$ForEachOp$OfRef.accept(ForEachOps.java:186)
	at java.base/java.util.HashMap$KeySpliterator.forEachRemaining(HashMap.java:1716)
	at java.base/java.util.stream.AbstractPipeline.copyInto(AbstractPipeline.java:570)
	at java.base/java.util.stream.ForEachOps$ForEachTask.compute(ForEachOps.java:293)
	at java.base/java.util.concurrent.CountedCompleter.exec(CountedCompleter.java:759)
	at java.base/java.util.concurrent.ForkJoinTask.doExec(ForkJoinTask.java:511)
	at java.base/java.util.concurrent.ForkJoinPool$WorkQueue.topLevelExec(ForkJoinPool.java:1450)
	at java.base/java.util.concurrent.ForkJoinPool.runWorker(ForkJoinPool.java:2019)
	at java.base/java.util.concurrent.ForkJoinWorkerThread.run(ForkJoinWorkerThread.java:187)
[ForkJoinPool.commonPool-worker-2] WARN org.reflections.Reflections - could not create Dir using com.thoughtworks.gauge.scan.ClasspathScanner$1@bd6a547 from url file:/C:/Users/a.basaleh/.jdks/openjdk-26.0.1!/jdk.crypto.ec. skipping.
java.lang.NullPointerException: Cannot invoke "java.io.File.isDirectory()" because "file" is null
	at com.thoughtworks.gauge.scan.ClasspathScanner$1.createDir(ClasspathScanner.java:48)
	at org.reflections.vfs.Vfs.fromURL(Vfs.java:103)
	at org.reflections.vfs.Vfs.fromURL(Vfs.java:95)
	at org.reflections.Reflections.lambda$scan$2(Reflections.java:176)
	at java.base/java.util.stream.ForEachOps$ForEachOp$OfRef.accept(ForEachOps.java:186)
	at java.base/java.util.HashMap$KeySpliterator.forEachRemaining(HashMap.java:1716)
	at java.base/java.util.stream.AbstractPipeline.copyInto(AbstractPipeline.java:570)
	at java.base/java.util.stream.ForEachOps$ForEachTask.compute(ForEachOps.java:293)
	at java.base/java.util.concurrent.CountedCompleter.exec(CountedCompleter.java:759)
	at java.base/java.util.concurrent.ForkJoinTask.doExec(ForkJoinTask.java:511)
	at java.base/java.util.concurrent.ForkJoinPool$WorkQueue.topLevelExec(ForkJoinPool.java:1450)
	at java.base/java.util.concurrent.ForkJoinPool.runWorker(ForkJoinPool.java:2019)
	at java.base/java.util.concurrent.ForkJoinWorkerThread.run(ForkJoinWorkerThread.java:187)
[ForkJoinPool.commonPool-worker-3] WARN org.reflections.Reflections - could not create Dir using com.thoughtworks.gauge.scan.ClasspathScanner$1@bd6a547 from url file:/C:/Users/a.basaleh/.jdks/openjdk-26.0.1!/jdk.jconsole. skipping.
java.lang.NullPointerException: Cannot invoke "java.io.File.isDirectory()" because "file" is null
	at com.thoughtworks.gauge.scan.ClasspathScanner$1.createDir(ClasspathScanner.java:48)
	at org.reflections.vfs.Vfs.fromURL(Vfs.java:103)
	at org.reflections.vfs.Vfs.fromURL(Vfs.java:95)
	at org.reflections.Reflections.lambda$scan$2(Reflections.java:176)
	at java.base/java.util.stream.ForEachOps$ForEachOp$OfRef.accept(ForEachOps.java:186)
	at java.base/java.util.HashMap$KeySpliterator.forEachRemaining(HashMap.java:1716)
	at java.base/java.util.stream.AbstractPipeline.copyInto(AbstractPipeline.java:570)
	at java.base/java.util.stream.ForEachOps$ForEachTask.compute(ForEachOps.java:293)
	at java.base/java.util.concurrent.CountedCompleter.exec(CountedCompleter.java:759)
	at java.base/java.util.concurrent.ForkJoinTask.doExec(ForkJoinTask.java:511)
	at java.base/java.util.concurrent.ForkJoinPool$WorkQueue.topLevelExec(ForkJoinPool.java:1450)
	at java.base/java.util.concurrent.ForkJoinPool.runWorker(ForkJoinPool.java:2019)
	at java.base/java.util.concurrent.ForkJoinWorkerThread.run(ForkJoinWorkerThread.java:187)
[ForkJoinPool.commonPool-worker-7] WARN org.reflections.Reflections - could not create Dir using com.thoughtworks.gauge.scan.ClasspathScanner$1@bd6a547 from url file:/C:/Users/a.basaleh/.jdks/openjdk-26.0.1!/jdk.jshell. skipping.
java.lang.NullPointerException: Cannot invoke "java.io.File.isDirectory()" because "file" is null
	at com.thoughtworks.gauge.scan.ClasspathScanner$1.createDir(ClasspathScanner.java:48)
	at org.reflections.vfs.Vfs.fromURL(Vfs.java:103)
	at org.reflections.vfs.Vfs.fromURL(Vfs.java:95)
	at org.reflections.Reflections.lambda$scan$2(Reflections.java:176)
	at java.base/java.util.stream.ForEachOps$ForEachOp$OfRef.accept(ForEachOps.java:186)
	at java.base/java.util.HashMap$KeySpliterator.forEachRemaining(HashMap.java:1716)
	at java.base/java.util.stream.AbstractPipeline.copyInto(AbstractPipeline.java:570)
	at java.base/java.util.stream.ForEachOps$ForEachTask.compute(ForEachOps.java:293)
	at java.base/java.util.concurrent.CountedCompleter.exec(CountedCompleter.java:759)
	at java.base/java.util.concurrent.ForkJoinTask.doExec(ForkJoinTask.java:511)
	at java.base/java.util.concurrent.ForkJoinPool$WorkQueue.topLevelExec(ForkJoinPool.java:1450)
	at java.base/java.util.concurrent.ForkJoinPool.runWorker(ForkJoinPool.java:2019)
	at java.base/java.util.concurrent.ForkJoinWorkerThread.run(ForkJoinWorkerThread.java:187)
[ForkJoinPool.commonPool-worker-6] WARN org.reflections.Reflections - could not create Vfs.Dir from url. ignoring the exception and continuing
org.reflections.ReflectionsException: could not create Vfs.Dir from url, no matching UrlType was found [file:/C:/Users/a.basaleh/.jdks/openjdk-26.0.1!/java.xml]
either use fromURL(final URL url, final List<UrlType> urlTypes) or use the static setDefaultURLTypes(final List<UrlType> urlTypes) or addDefaultURLTypes(UrlType urlType) with your specialized UrlType.
	at org.reflections.vfs.Vfs.fromURL(Vfs.java:113)
	at org.reflections.vfs.Vfs.fromURL(Vfs.java:95)
	at org.reflections.Reflections.lambda$scan$2(Reflections.java:176)
	at java.base/java.util.stream.ForEachOps$ForEachOp$OfRef.accept(ForEachOps.java:186)
	at java.base/java.util.HashMap$KeySpliterator.forEachRemaining(HashMap.java:1716)
	at java.base/java.util.stream.AbstractPipeline.copyInto(AbstractPipeline.java:570)
	at java.base/java.util.stream.ForEachOps$ForEachTask.compute(ForEachOps.java:293)
	at java.base/java.util.concurrent.CountedCompleter.exec(CountedCompleter.java:759)
	at java.base/java.util.concurrent.ForkJoinTask.doExec(ForkJoinTask.java:511)
	at java.base/java.util.concurrent.ForkJoinPool$WorkQueue.topLevelExec(ForkJoinPool.java:1450)
	at java.base/java.util.concurrent.ForkJoinPool.runWorker(ForkJoinPool.java:2019)
	at java.base/java.util.concurrent.ForkJoinWorkerThread.run(ForkJoinWorkerThread.java:187)
[ForkJoinPool.commonPool-worker-11] WARN org.reflections.Reflections - could not create Dir using com.thoughtworks.gauge.scan.ClasspathScanner$1@bd6a547 from url file:/C:/Users/a.basaleh/.jdks/openjdk-26.0.1!/jdk.xml.dom. skipping.
java.lang.NullPointerException: Cannot invoke "java.io.File.isDirectory()" because "file" is null
	at com.thoughtworks.gauge.scan.ClasspathScanner$1.createDir(ClasspathScanner.java:48)
	at org.reflections.vfs.Vfs.fromURL(Vfs.java:103)
	at org.reflections.vfs.Vfs.fromURL(Vfs.java:95)
	at org.reflections.Reflections.lambda$scan$2(Reflections.java:176)
	at java.base/java.util.stream.ForEachOps$ForEachOp$OfRef.accept(ForEachOps.java:186)
	at java.base/java.util.HashMap$KeySpliterator.forEachRemaining(HashMap.java:1716)
	at java.base/java.util.stream.AbstractPipeline.copyInto(AbstractPipeline.java:570)
	at java.base/java.util.stream.ForEachOps$ForEachTask.compute(ForEachOps.java:293)
	at java.base/java.util.concurrent.CountedCompleter.exec(CountedCompleter.java:759)
	at java.base/java.util.concurrent.ForkJoinTask.doExec(ForkJoinTask.java:511)
	at java.base/java.util.concurrent.ForkJoinPool$WorkQueue.topLevelExec(ForkJoinPool.java:1450)
	at java.base/java.util.concurrent.ForkJoinPool.runWorker(ForkJoinPool.java:2019)
	at java.base/java.util.concurrent.ForkJoinWorkerThread.run(ForkJoinWorkerThread.java:187)
[ForkJoinPool.commonPool-worker-5] WARN org.reflections.Reflections - could not create Dir using com.thoughtworks.gauge.scan.ClasspathScanner$1@bd6a547 from url file:/C:/Users/a.basaleh/.jdks/openjdk-26.0.1!/jdk.nio.mapmode. skipping.
java.lang.NullPointerException: Cannot invoke "java.io.File.isDirectory()" because "file" is null
	at com.thoughtworks.gauge.scan.ClasspathScanner$1.createDir(ClasspathScanner.java:48)
	at org.reflections.vfs.Vfs.fromURL(Vfs.java:103)
	at org.reflections.vfs.Vfs.fromURL(Vfs.java:95)
	at org.reflections.Reflections.lambda$scan$2(Reflections.java:176)
	at java.base/java.util.stream.ForEachOps$ForEachOp$OfRef.accept(ForEachOps.java:186)
	at java.base/java.util.HashMap$KeySpliterator.forEachRemaining(HashMap.java:1716)
	at java.base/java.util.stream.AbstractPipeline.copyInto(AbstractPipeline.java:570)
	at java.base/java.util.stream.ForEachOps$ForEachTask.compute(ForEachOps.java:293)
	at java.base/java.util.concurrent.CountedCompleter.exec(CountedCompleter.java:759)
	at java.base/java.util.concurrent.ForkJoinTask.doExec(ForkJoinTask.java:511)
	at java.base/java.util.concurrent.ForkJoinPool$WorkQueue.topLevelExec(ForkJoinPool.java:1450)
	at java.base/java.util.concurrent.ForkJoinPool.runWorker(ForkJoinPool.java:2019)
	at java.base/java.util.concurrent.ForkJoinWorkerThread.run(ForkJoinWorkerThread.java:187)
[ForkJoinPool.commonPool-worker-2] WARN org.reflections.Reflections - could not create Vfs.Dir from url. ignoring the exception and continuing
org.reflections.ReflectionsException: could not create Vfs.Dir from url, no matching UrlType was found [file:/C:/Users/a.basaleh/.jdks/openjdk-26.0.1!/jdk.crypto.ec]
either use fromURL(final URL url, final List<UrlType> urlTypes) or use the static setDefaultURLTypes(final List<UrlType> urlTypes) or addDefaultURLTypes(UrlType urlType) with your specialized UrlType.
	at org.reflections.vfs.Vfs.fromURL(Vfs.java:113)
	at org.reflections.vfs.Vfs.fromURL(Vfs.java:95)
	at org.reflections.Reflections.lambda$scan$2(Reflections.java:176)
	at java.base/java.util.stream.ForEachOps$ForEachOp$OfRef.accept(ForEachOps.java:186)
	at java.base/java.util.HashMap$KeySpliterator.forEachRemaining(HashMap.java:1716)
	at java.base/java.util.stream.AbstractPipeline.copyInto(AbstractPipeline.java:570)
	at java.base/java.util.stream.ForEachOps$ForEachTask.compute(ForEachOps.java:293)
	at java.base/java.util.concurrent.CountedCompleter.exec(CountedCompleter.java:759)
	at java.base/java.util.concurrent.ForkJoinTask.doExec(ForkJoinTask.java:511)
	at java.base/java.util.concurrent.ForkJoinPool$WorkQueue.topLevelExec(ForkJoinPool.java:1450)
	at java.base/java.util.concurrent.ForkJoinPool.runWorker(ForkJoinPool.java:2019)
	at java.base/java.util.concurrent.ForkJoinWorkerThread.run(ForkJoinWorkerThread.java:187)
[ForkJoinPool.commonPool-worker-3] WARN org.reflections.Reflections - could not create Vfs.Dir from url. ignoring the exception and continuing
org.reflections.ReflectionsException: could not create Vfs.Dir from url, no matching UrlType was found [file:/C:/Users/a.basaleh/.jdks/openjdk-26.0.1!/jdk.jconsole]
either use fromURL(final URL url, final List<UrlType> urlTypes) or use the static setDefaultURLTypes(final List<UrlType> urlTypes) or addDefaultURLTypes(UrlType urlType) with your specialized UrlType.
	at org.reflections.vfs.Vfs.fromURL(Vfs.java:113)
	at org.reflections.vfs.Vfs.fromURL(Vfs.java:95)
	at org.reflections.Reflections.lambda$scan$2(Reflections.java:176)
	at java.base/java.util.stream.ForEachOps$ForEachOp$OfRef.accept(ForEachOps.java:186)
	at java.base/java.util.HashMap$KeySpliterator.forEachRemaining(HashMap.java:1716)
	at java.base/java.util.stream.AbstractPipeline.copyInto(AbstractPipeline.java:570)
	at java.base/java.util.stream.ForEachOps$ForEachTask.compute(ForEachOps.java:293)
	at java.base/java.util.concurrent.CountedCompleter.exec(CountedCompleter.java:759)
	at java.base/java.util.concurrent.ForkJoinTask.doExec(ForkJoinTask.java:511)
	at java.base/java.util.concurrent.ForkJoinPool$WorkQueue.topLevelExec(ForkJoinPool.java:1450)
	at java.base/java.util.concurrent.ForkJoinPool.runWorker(ForkJoinPool.java:2019)
	at java.base/java.util.concurrent.ForkJoinWorkerThread.run(ForkJoinWorkerThread.java:187)
[ForkJoinPool.commonPool-worker-7] WARN org.reflections.Reflections - could not create Vfs.Dir from url. ignoring the exception and continuing
org.reflections.ReflectionsException: could not create Vfs.Dir from url, no matching UrlType was found [file:/C:/Users/a.basaleh/.jdks/openjdk-26.0.1!/jdk.jshell]
either use fromURL(final URL url, final List<UrlType> urlTypes) or use the static setDefaultURLTypes(final List<UrlType> urlTypes) or addDefaultURLTypes(UrlType urlType) with your specialized UrlType.
	at org.reflections.vfs.Vfs.fromURL(Vfs.java:113)
	at org.reflections.vfs.Vfs.fromURL(Vfs.java:95)
	at org.reflections.Reflections.lambda$scan$2(Reflections.java:176)
	at java.base/java.util.stream.ForEachOps$ForEachOp$OfRef.accept(ForEachOps.java:186)
	at java.base/java.util.HashMap$KeySpliterator.forEachRemaining(HashMap.java:1716)
	at java.base/java.util.stream.AbstractPipeline.copyInto(AbstractPipeline.java:570)
	at java.base/java.util.stream.ForEachOps$ForEachTask.compute(ForEachOps.java:293)
	at java.base/java.util.concurrent.CountedCompleter.exec(CountedCompleter.java:759)
	at java.base/java.util.concurrent.ForkJoinTask.doExec(ForkJoinTask.java:511)
	at java.base/java.util.concurrent.ForkJoinPool$WorkQueue.topLevelExec(ForkJoinPool.java:1450)
	at java.base/java.util.concurrent.ForkJoinPool.runWorker(ForkJoinPool.java:2019)
	at java.base/java.util.concurrent.ForkJoinWorkerThread.run(ForkJoinWorkerThread.java:187)
[ForkJoinPool.commonPool-worker-11] WARN org.reflections.Reflections - could not create Vfs.Dir from url. ignoring the exception and continuing
org.reflections.ReflectionsException: could not create Vfs.Dir from url, no matching UrlType was found [file:/C:/Users/a.basaleh/.jdks/openjdk-26.0.1!/jdk.xml.dom]
either use fromURL(final URL url, final List<UrlType> urlTypes) or use the static setDefaultURLTypes(final List<UrlType> urlTypes) or addDefaultURLTypes(UrlType urlType) with your specialized UrlType.
	at org.reflections.vfs.Vfs.fromURL(Vfs.java:113)
	at org.reflections.vfs.Vfs.fromURL(Vfs.java:95)
	at org.reflections.Reflections.lambda$scan$2(Reflections.java:176)
	at java.base/java.util.stream.ForEachOps$ForEachOp$OfRef.accept(ForEachOps.java:186)
	at java.base/java.util.HashMap$KeySpliterator.forEachRemaining(HashMap.java:1716)
	at java.base/java.util.stream.AbstractPipeline.copyInto(AbstractPipeline.java:570)
	at java.base/java.util.stream.ForEachOps$ForEachTask.compute(ForEachOps.java:293)
	at java.base/java.util.concurrent.CountedCompleter.exec(CountedCompleter.java:759)
	at java.base/java.util.concurrent.ForkJoinTask.doExec(ForkJoinTask.java:511)
	at java.base/java.util.concurrent.ForkJoinPool$WorkQueue.topLevelExec(ForkJoinPool.java:1450)
	at java.base/java.util.concurrent.ForkJoinPool.runWorker(ForkJoinPool.java:2019)
	at java.base/java.util.concurrent.ForkJoinWorkerThread.run(ForkJoinWorkerThread.java:187)
[ForkJoinPool.commonPool-worker-5] WARN org.reflections.Reflections - could not create Vfs.Dir from url. ignoring the exception and continuing
org.reflections.ReflectionsException: could not create Vfs.Dir from url, no matching UrlType was found [file:/C:/Users/a.basaleh/.jdks/openjdk-26.0.1!/jdk.nio.mapmode]
either use fromURL(final URL url, final List<UrlType> urlTypes) or use the static setDefaultURLTypes(final List<UrlType> urlTypes) or addDefaultURLTypes(UrlType urlType) with your specialized UrlType.
	at org.reflections.vfs.Vfs.fromURL(Vfs.java:113)
	at org.reflections.vfs.Vfs.fromURL(Vfs.java:95)
	at org.reflections.Reflections.lambda$scan$2(Reflections.java:176)
	at java.base/java.util.stream.ForEachOps$ForEachOp$OfRef.accept(ForEachOps.java:186)
	at java.base/java.util.HashMap$KeySpliterator.forEachRemaining(HashMap.java:1716)
	at java.base/java.util.stream.AbstractPipeline.copyInto(AbstractPipeline.java:570)
	at java.base/java.util.stream.ForEachOps$ForEachTask.compute(ForEachOps.java:293)
	at java.base/java.util.concurrent.CountedCompleter.exec(CountedCompleter.java:759)
	at java.base/java.util.concurrent.ForkJoinTask.doExec(ForkJoinTask.java:511)
	at java.base/java.util.concurrent.ForkJoinPool$WorkQueue.topLevelExec(ForkJoinPool.java:1450)
	at java.base/java.util.concurrent.ForkJoinPool.runWorker(ForkJoinPool.java:2019)
	at java.base/java.util.concurrent.ForkJoinWorkerThread.run(ForkJoinWorkerThread.java:187)
[ForkJoinPool.commonPool-worker-7] WARN org.reflections.Reflections - could not create Dir using com.thoughtworks.gauge.scan.ClasspathScanner$1@bd6a547 from url file:/C:/Users/a.basaleh/.jdks/openjdk-26.0.1!/jdk.internal.opt. skipping.
java.lang.NullPointerException: Cannot invoke "java.io.File.isDirectory()" because "file" is null
	at com.thoughtworks.gauge.scan.ClasspathScanner$1.createDir(ClasspathScanner.java:48)
	at org.reflections.vfs.Vfs.fromURL(Vfs.java:103)
	at org.reflections.vfs.Vfs.fromURL(Vfs.java:95)
	at org.reflections.Reflections.lambda$scan$2(Reflections.java:176)
	at java.base/java.util.stream.ForEachOps$ForEachOp$OfRef.accept(ForEachOps.java:186)
	at java.base/java.util.HashMap$KeySpliterator.forEachRemaining(HashMap.java:1716)
	at java.base/java.util.stream.AbstractPipeline.copyInto(AbstractPipeline.java:570)
	at java.base/java.util.stream.ForEachOps$ForEachTask.compute(ForEachOps.java:293)
	at java.base/java.util.concurrent.CountedCompleter.exec(CountedCompleter.java:759)
	at java.base/java.util.concurrent.ForkJoinTask.doExec(ForkJoinTask.java:511)
	at java.base/java.util.concurrent.ForkJoinPool$WorkQueue.topLevelExec(ForkJoinPool.java:1450)
	at java.base/java.util.concurrent.ForkJoinPool.runWorker(ForkJoinPool.java:2019)
	at java.base/java.util.concurrent.ForkJoinWorkerThread.run(ForkJoinWorkerThread.java:187)
[ForkJoinPool.commonPool-worker-5] WARN org.reflections.Reflections - could not create Dir using com.thoughtworks.gauge.scan.ClasspathScanner$1@bd6a547 from url file:/C:/Users/a.basaleh/.jdks/openjdk-26.0.1!/jdk.incubator.vector. skipping.
java.lang.NullPointerException: Cannot invoke "java.io.File.isDirectory()" because "file" is null
	at com.thoughtworks.gauge.scan.ClasspathScanner$1.createDir(ClasspathScanner.java:48)
	at org.reflections.vfs.Vfs.fromURL(Vfs.java:103)
	at org.reflections.vfs.Vfs.fromURL(Vfs.java:95)
	at org.reflections.Reflections.lambda$scan$2(Reflections.java:176)
	at java.base/java.util.stream.ForEachOps$ForEachOp$OfRef.accept(ForEachOps.java:186)
	at java.base/java.util.HashMap$KeySpliterator.forEachRemaining(HashMap.java:1716)
	at java.base/java.util.stream.AbstractPipeline.copyInto(AbstractPipeline.java:570)
	at java.base/java.util.stream.ForEachOps$ForEachTask.compute(ForEachOps.java:293)
	at java.base/java.util.concurrent.CountedCompleter.exec(CountedCompleter.java:759)
	at java.base/java.util.concurrent.ForkJoinTask.doExec(ForkJoinTask.java:511)
	at java.base/java.util.concurrent.ForkJoinPool$WorkQueue.topLevelExec(ForkJoinPool.java:1450)
	at java.base/java.util.concurrent.ForkJoinPool.runWorker(ForkJoinPool.java:2019)
	at java.base/java.util.concurrent.ForkJoinWorkerThread.run(ForkJoinWorkerThread.java:187)
[ForkJoinPool.commonPool-worker-7] WARN org.reflections.Reflections - could not create Vfs.Dir from url. ignoring the exception and continuing
org.reflections.ReflectionsException: could not create Vfs.Dir from url, no matching UrlType was found [file:/C:/Users/a.basaleh/.jdks/openjdk-26.0.1!/jdk.internal.opt]
either use fromURL(final URL url, final List<UrlType> urlTypes) or use the static setDefaultURLTypes(final List<UrlType> urlTypes) or addDefaultURLTypes(UrlType urlType) with your specialized UrlType.
	at org.reflections.vfs.Vfs.fromURL(Vfs.java:113)
	at org.reflections.vfs.Vfs.fromURL(Vfs.java:95)
	at org.reflections.Reflections.lambda$scan$2(Reflections.java:176)
	at java.base/java.util.stream.ForEachOps$ForEachOp$OfRef.accept(ForEachOps.java:186)
	at java.base/java.util.HashMap$KeySpliterator.forEachRemaining(HashMap.java:1716)
	at java.base/java.util.stream.AbstractPipeline.copyInto(AbstractPipeline.java:570)
	at java.base/java.util.stream.ForEachOps$ForEachTask.compute(ForEachOps.java:293)
	at java.base/java.util.concurrent.CountedCompleter.exec(CountedCompleter.java:759)
	at java.base/java.util.concurrent.ForkJoinTask.doExec(ForkJoinTask.java:511)
	at java.base/java.util.concurrent.ForkJoinPool$WorkQueue.topLevelExec(ForkJoinPool.java:1450)
	at java.base/java.util.concurrent.ForkJoinPool.runWorker(ForkJoinPool.java:2019)
	at java.base/java.util.concurrent.ForkJoinWorkerThread.run(ForkJoinWorkerThread.java:187)
[ForkJoinPool.commonPool-worker-11] WARN org.reflections.Reflections - could not create Dir using com.thoughtworks.gauge.scan.ClasspathScanner$1@bd6a547 from url file:/C:/Users/a.basaleh/.jdks/openjdk-26.0.1!/jdk.internal.le. skipping.
java.lang.NullPointerException: Cannot invoke "java.io.File.isDirectory()" because "file" is null
	at com.thoughtworks.gauge.scan.ClasspathScanner$1.createDir(ClasspathScanner.java:48)
	at org.reflections.vfs.Vfs.fromURL(Vfs.java:103)
	at org.reflections.vfs.Vfs.fromURL(Vfs.java:95)
	at org.reflections.Reflections.lambda$scan$2(Reflections.java:176)
	at java.base/java.util.stream.ForEachOps$ForEachOp$OfRef.accept(ForEachOps.java:186)
	at java.base/java.util.HashMap$KeySpliterator.forEachRemaining(HashMap.java:1716)
	at java.base/java.util.stream.AbstractPipeline.copyInto(AbstractPipeline.java:570)
	at java.base/java.util.stream.ForEachOps$ForEachTask.compute(ForEachOps.java:293)
	at java.base/java.util.concurrent.CountedCompleter.exec(CountedCompleter.java:759)
	at java.base/java.util.concurrent.ForkJoinTask.doExec(ForkJoinTask.java:511)
	at java.base/java.util.concurrent.ForkJoinPool$WorkQueue.topLevelExec(ForkJoinPool.java:1450)
	at java.base/java.util.concurrent.ForkJoinPool.runWorker(ForkJoinPool.java:2019)
	at java.base/java.util.concurrent.ForkJoinWorkerThread.run(ForkJoinWorkerThread.java:187)
[ForkJoinPool.commonPool-worker-5] WARN org.reflections.Reflections - could not create Vfs.Dir from url. ignoring the exception and continuing
org.reflections.ReflectionsException: could not create Vfs.Dir from url, no matching UrlType was found [file:/C:/Users/a.basaleh/.jdks/openjdk-26.0.1!/jdk.incubator.vector]
either use fromURL(final URL url, final List<UrlType> urlTypes) or use the static setDefaultURLTypes(final List<UrlType> urlTypes) or addDefaultURLTypes(UrlType urlType) with your specialized UrlType.
	at org.reflections.vfs.Vfs.fromURL(Vfs.java:113)
	at org.reflections.vfs.Vfs.fromURL(Vfs.java:95)
	at org.reflections.Reflections.lambda$scan$2(Reflections.java:176)
	at java.base/java.util.stream.ForEachOps$ForEachOp$OfRef.accept(ForEachOps.java:186)
	at java.base/java.util.HashMap$KeySpliterator.forEachRemaining(HashMap.java:1716)
	at java.base/java.util.stream.AbstractPipeline.copyInto(AbstractPipeline.java:570)
	at java.base/java.util.stream.ForEachOps$ForEachTask.compute(ForEachOps.java:293)
	at java.base/java.util.concurrent.CountedCompleter.exec(CountedCompleter.java:759)
	at java.base/java.util.concurrent.ForkJoinTask.doExec(ForkJoinTask.java:511)
	at java.base/java.util.concurrent.ForkJoinPool$WorkQueue.topLevelExec(ForkJoinPool.java:1450)
	at java.base/java.util.concurrent.ForkJoinPool.runWorker(ForkJoinPool.java:2019)
	at java.base/java.util.concurrent.ForkJoinWorkerThread.run(ForkJoinWorkerThread.java:187)
[ForkJoinPool.commonPool-worker-7] WARN org.reflections.Reflections - could not create Dir using com.thoughtworks.gauge.scan.ClasspathScanner$1@bd6a547 from url file:/C:/Users/a.basaleh/.jdks/openjdk-26.0.1!/java.management.rmi. skipping.
java.lang.NullPointerException: Cannot invoke "java.io.File.isDirectory()" because "file" is null
	at com.thoughtworks.gauge.scan.ClasspathScanner$1.createDir(ClasspathScanner.java:48)
	at org.reflections.vfs.Vfs.fromURL(Vfs.java:103)
	at org.reflections.vfs.Vfs.fromURL(Vfs.java:95)
	at org.reflections.Reflections.lambda$scan$2(Reflections.java:176)
	at java.base/java.util.stream.ForEachOps$ForEachOp$OfRef.accept(ForEachOps.java:186)
	at java.base/java.util.HashMap$KeySpliterator.forEachRemaining(HashMap.java:1716)
	at java.base/java.util.stream.AbstractPipeline.copyInto(AbstractPipeline.java:570)
	at java.base/java.util.stream.ForEachOps$ForEachTask.compute(ForEachOps.java:293)
	at java.base/java.util.concurrent.CountedCompleter.exec(CountedCompleter.java:759)
	at java.base/java.util.concurrent.ForkJoinTask.doExec(ForkJoinTask.java:511)
	at java.base/java.util.concurrent.ForkJoinPool$WorkQueue.topLevelExec(ForkJoinPool.java:1450)
	at java.base/java.util.concurrent.ForkJoinPool.runWorker(ForkJoinPool.java:2019)
	at java.base/java.util.concurrent.ForkJoinWorkerThread.run(ForkJoinWorkerThread.java:187)
[ForkJoinPool.commonPool-worker-11] WARN org.reflections.Reflections - could not create Vfs.Dir from url. ignoring the exception and continuing
org.reflections.ReflectionsException: could not create Vfs.Dir from url, no matching UrlType was found [file:/C:/Users/a.basaleh/.jdks/openjdk-26.0.1!/jdk.internal.le]
either use fromURL(final URL url, final List<UrlType> urlTypes) or use the static setDefaultURLTypes(final List<UrlType> urlTypes) or addDefaultURLTypes(UrlType urlType) with your specialized UrlType.
	at org.reflections.vfs.Vfs.fromURL(Vfs.java:113)
	at org.reflections.vfs.Vfs.fromURL(Vfs.java:95)
	at org.reflections.Reflections.lambda$scan$2(Reflections.java:176)
	at java.base/java.util.stream.ForEachOps$ForEachOp$OfRef.accept(ForEachOps.java:186)
	at java.base/java.util.HashMap$KeySpliterator.forEachRemaining(HashMap.java:1716)
	at java.base/java.util.stream.AbstractPipeline.copyInto(AbstractPipeline.java:570)
	at java.base/java.util.stream.ForEachOps$ForEachTask.compute(ForEachOps.java:293)
	at java.base/java.util.concurrent.CountedCompleter.exec(CountedCompleter.java:759)
	at java.base/java.util.concurrent.ForkJoinTask.doExec(ForkJoinTask.java:511)
	at java.base/java.util.concurrent.ForkJoinPool$WorkQueue.topLevelExec(ForkJoinPool.java:1450)
	at java.base/java.util.concurrent.ForkJoinPool.runWorker(ForkJoinPool.java:2019)
	at java.base/java.util.concurrent.ForkJoinWorkerThread.run(ForkJoinWorkerThread.java:187)
[ForkJoinPool.commonPool-worker-7] WARN org.reflections.Reflections - could not create Vfs.Dir from url. ignoring the exception and continuing
org.reflections.ReflectionsException: could not create Vfs.Dir from url, no matching UrlType was found [file:/C:/Users/a.basaleh/.jdks/openjdk-26.0.1!/java.management.rmi]
either use fromURL(final URL url, final List<UrlType> urlTypes) or use the static setDefaultURLTypes(final List<UrlType> urlTypes) or addDefaultURLTypes(UrlType urlType) with your specialized UrlType.
	at org.reflections.vfs.Vfs.fromURL(Vfs.java:113)
	at org.reflections.vfs.Vfs.fromURL(Vfs.java:95)
	at org.reflections.Reflections.lambda$scan$2(Reflections.java:176)
	at java.base/java.util.stream.ForEachOps$ForEachOp$OfRef.accept(ForEachOps.java:186)
	at java.base/java.util.HashMap$KeySpliterator.forEachRemaining(HashMap.java:1716)
	at java.base/java.util.stream.AbstractPipeline.copyInto(AbstractPipeline.java:570)
	at java.base/java.util.stream.ForEachOps$ForEachTask.compute(ForEachOps.java:293)
	at java.base/java.util.concurrent.CountedCompleter.exec(CountedCompleter.java:759)
	at java.base/java.util.concurrent.ForkJoinTask.doExec(ForkJoinTask.java:511)
	at java.base/java.util.concurrent.ForkJoinPool$WorkQueue.topLevelExec(ForkJoinPool.java:1450)
	at java.base/java.util.concurrent.ForkJoinPool.runWorker(ForkJoinPool.java:2019)
	at java.base/java.util.concurrent.ForkJoinWorkerThread.run(ForkJoinWorkerThread.java:187)
[ForkJoinPool.commonPool-worker-11] WARN org.reflections.Reflections - could not create Dir using com.thoughtworks.gauge.scan.ClasspathScanner$1@bd6a547 from url file:/C:/Users/a.basaleh/.jdks/openjdk-26.0.1!/java.management. skipping.
java.lang.NullPointerException: Cannot invoke "java.io.File.isDirectory()" because "file" is null
	at com.thoughtworks.gauge.scan.ClasspathScanner$1.createDir(ClasspathScanner.java:48)
	at org.reflections.vfs.Vfs.fromURL(Vfs.java:103)
	at org.reflections.vfs.Vfs.fromURL(Vfs.java:95)
	at org.reflections.Reflections.lambda$scan$2(Reflections.java:176)
	at java.base/java.util.stream.ForEachOps$ForEachOp$OfRef.accept(ForEachOps.java:186)
	at java.base/java.util.HashMap$KeySpliterator.forEachRemaining(HashMap.java:1716)
	at java.base/java.util.stream.AbstractPipeline.copyInto(AbstractPipeline.java:570)
	at java.base/java.util.stream.ForEachOps$ForEachTask.compute(ForEachOps.java:293)
	at java.base/java.util.concurrent.CountedCompleter.exec(CountedCompleter.java:759)
	at java.base/java.util.concurrent.ForkJoinTask.doExec(ForkJoinTask.java:511)
	at java.base/java.util.concurrent.ForkJoinPool$WorkQueue.topLevelExec(ForkJoinPool.java:1450)
	at java.base/java.util.concurrent.ForkJoinPool.runWorker(ForkJoinPool.java:2019)
	at java.base/java.util.concurrent.ForkJoinWorkerThread.run(ForkJoinWorkerThread.java:187)
[ForkJoinPool.commonPool-worker-5] WARN org.reflections.Reflections - could not create Dir using com.thoughtworks.gauge.scan.ClasspathScanner$1@bd6a547 from url file:/C:/Users/a.basaleh/.jdks/openjdk-26.0.1!/jdk.jdi. skipping.
java.lang.NullPointerException: Cannot invoke "java.io.File.isDirectory()" because "file" is null
	at com.thoughtworks.gauge.scan.ClasspathScanner$1.createDir(ClasspathScanner.java:48)
	at org.reflections.vfs.Vfs.fromURL(Vfs.java:103)
	at org.reflections.vfs.Vfs.fromURL(Vfs.java:95)
	at org.reflections.Reflections.lambda$scan$2(Reflections.java:176)
	at java.base/java.util.stream.ForEachOps$ForEachOp$OfRef.accept(ForEachOps.java:186)
	at java.base/java.util.HashMap$KeySpliterator.forEachRemaining(HashMap.java:1716)
	at java.base/java.util.stream.AbstractPipeline.copyInto(AbstractPipeline.java:570)
	at java.base/java.util.stream.ForEachOps$ForEachTask.compute(ForEachOps.java:293)
	at java.base/java.util.concurrent.CountedCompleter.exec(CountedCompleter.java:759)
	at java.base/java.util.concurrent.ForkJoinTask.doExec(ForkJoinTask.java:511)
	at java.base/java.util.concurrent.ForkJoinPool$WorkQueue.topLevelExec(ForkJoinPool.java:1450)
	at java.base/java.util.concurrent.ForkJoinPool.runWorker(ForkJoinPool.java:2019)
	at java.base/java.util.concurrent.ForkJoinWorkerThread.run(ForkJoinWorkerThread.java:187)
[ForkJoinPool.commonPool-worker-5] WARN org.reflections.Reflections - could not create Vfs.Dir from url. ignoring the exception and continuing
org.reflections.ReflectionsException: could not create Vfs.Dir from url, no matching UrlType was found [file:/C:/Users/a.basaleh/.jdks/openjdk-26.0.1!/jdk.jdi]
either use fromURL(final URL url, final List<UrlType> urlTypes) or use the static setDefaultURLTypes(final List<UrlType> urlTypes) or addDefaultURLTypes(UrlType urlType) with your specialized UrlType.
	at org.reflections.vfs.Vfs.fromURL(Vfs.java:113)
	at org.reflections.vfs.Vfs.fromURL(Vfs.java:95)
	at org.reflections.Reflections.lambda$scan$2(Reflections.java:176)
	at java.base/java.util.stream.ForEachOps$ForEachOp$OfRef.accept(ForEachOps.java:186)
	at java.base/java.util.HashMap$KeySpliterator.forEachRemaining(HashMap.java:1716)
	at java.base/java.util.stream.AbstractPipeline.copyInto(AbstractPipeline.java:570)
	at java.base/java.util.stream.ForEachOps$ForEachTask.compute(ForEachOps.java:293)
	at java.base/java.util.concurrent.CountedCompleter.exec(CountedCompleter.java:759)
	at java.base/java.util.concurrent.ForkJoinTask.doExec(ForkJoinTask.java:511)
	at java.base/java.util.concurrent.ForkJoinPool$WorkQueue.topLevelExec(ForkJoinPool.java:1450)
	at java.base/java.util.concurrent.ForkJoinPool.runWorker(ForkJoinPool.java:2019)
	at java.base/java.util.concurrent.ForkJoinWorkerThread.run(ForkJoinWorkerThread.java:187)
[ForkJoinPool.commonPool-worker-11] WARN org.reflections.Reflections - could not create Vfs.Dir from url. ignoring the exception and continuing
org.reflections.ReflectionsException: could not create Vfs.Dir from url, no matching UrlType was found [file:/C:/Users/a.basaleh/.jdks/openjdk-26.0.1!/java.management]
either use fromURL(final URL url, final List<UrlType> urlTypes) or use the static setDefaultURLTypes(final List<UrlType> urlTypes) or addDefaultURLTypes(UrlType urlType) with your specialized UrlType.
	at org.reflections.vfs.Vfs.fromURL(Vfs.java:113)
	at org.reflections.vfs.Vfs.fromURL(Vfs.java:95)
	at org.reflections.Reflections.lambda$scan$2(Reflections.java:176)
	at java.base/java.util.stream.ForEachOps$ForEachOp$OfRef.accept(ForEachOps.java:186)
	at java.base/java.util.HashMap$KeySpliterator.forEachRemaining(HashMap.java:1716)
	at java.base/java.util.stream.AbstractPipeline.copyInto(AbstractPipeline.java:570)
	at java.base/java.util.stream.ForEachOps$ForEachTask.compute(ForEachOps.java:293)
	at java.base/java.util.concurrent.CountedCompleter.exec(CountedCompleter.java:759)
	at java.base/java.util.concurrent.ForkJoinTask.doExec(ForkJoinTask.java:511)
	at java.base/java.util.concurrent.ForkJoinPool$WorkQueue.topLevelExec(ForkJoinPool.java:1450)
	at java.base/java.util.concurrent.ForkJoinPool.runWorker(ForkJoinPool.java:2019)
	at java.base/java.util.concurrent.ForkJoinWorkerThread.run(ForkJoinWorkerThread.java:187)
[ForkJoinPool.commonPool-worker-7] WARN org.reflections.Reflections - could not create Dir using com.thoughtworks.gauge.scan.ClasspathScanner$1@bd6a547 from url file:/C:/Users/a.basaleh/.jdks/openjdk-26.0.1!/jdk.security.auth. skipping.
java.lang.NullPointerException: Cannot invoke "java.io.File.isDirectory()" because "file" is null
	at com.thoughtworks.gauge.scan.ClasspathScanner$1.createDir(ClasspathScanner.java:48)
	at org.reflections.vfs.Vfs.fromURL(Vfs.java:103)
	at org.reflections.vfs.Vfs.fromURL(Vfs.java:95)
	at org.reflections.Reflections.lambda$scan$2(Reflections.java:176)
	at java.base/java.util.stream.ForEachOps$ForEachOp$OfRef.accept(ForEachOps.java:186)
	at java.base/java.util.HashMap$KeySpliterator.forEachRemaining(HashMap.java:1716)
	at java.base/java.util.stream.AbstractPipeline.copyInto(AbstractPipeline.java:570)
	at java.base/java.util.stream.ForEachOps$ForEachTask.compute(ForEachOps.java:293)
	at java.base/java.util.concurrent.CountedCompleter.exec(CountedCompleter.java:759)
	at java.base/java.util.concurrent.ForkJoinTask.doExec(ForkJoinTask.java:511)
	at java.base/java.util.concurrent.ForkJoinPool$WorkQueue.topLevelExec(ForkJoinPool.java:1450)
	at java.base/java.util.concurrent.ForkJoinPool.runWorker(ForkJoinPool.java:2019)
	at java.base/java.util.concurrent.ForkJoinWorkerThread.run(ForkJoinWorkerThread.java:187)
[ForkJoinPool.commonPool-worker-2] WARN org.reflections.Reflections - could not create Dir using com.thoughtworks.gauge.scan.ClasspathScanner$1@bd6a547 from url file:/C:/Users/a.basaleh/.jdks/openjdk-26.0.1!/jdk.sctp. skipping.
java.lang.NullPointerException: Cannot invoke "java.io.File.isDirectory()" because "file" is null
	at com.thoughtworks.gauge.scan.ClasspathScanner$1.createDir(ClasspathScanner.java:48)
	at org.reflections.vfs.Vfs.fromURL(Vfs.java:103)
	at org.reflections.vfs.Vfs.fromURL(Vfs.java:95)
	at org.reflections.Reflections.lambda$scan$2(Reflections.java:176)
	at java.base/java.util.stream.ForEachOps$ForEachOp$OfRef.accept(ForEachOps.java:186)
	at java.base/java.util.HashMap$KeySpliterator.forEachRemaining(HashMap.java:1716)
	at java.base/java.util.stream.AbstractPipeline.copyInto(AbstractPipeline.java:570)
	at java.base/java.util.stream.ForEachOps$ForEachTask.compute(ForEachOps.java:293)
	at java.base/java.util.concurrent.CountedCompleter.exec(CountedCompleter.java:759)
	at java.base/java.util.concurrent.ForkJoinTask.doExec(ForkJoinTask.java:511)
	at java.base/java.util.concurrent.ForkJoinPool$WorkQueue.topLevelExec(ForkJoinPool.java:1450)
	at java.base/java.util.concurrent.ForkJoinPool.runWorker(ForkJoinPool.java:2019)
	at java.base/java.util.concurrent.ForkJoinWorkerThread.run(ForkJoinWorkerThread.java:187)
[ForkJoinPool.commonPool-worker-2] WARN org.reflections.Reflections - could not create Vfs.Dir from url. ignoring the exception and continuing
org.reflections.ReflectionsException: could not create Vfs.Dir from url, no matching UrlType was found [file:/C:/Users/a.basaleh/.jdks/openjdk-26.0.1!/jdk.sctp]
either use fromURL(final URL url, final List<UrlType> urlTypes) or use the static setDefaultURLTypes(final List<UrlType> urlTypes) or addDefaultURLTypes(UrlType urlType) with your specialized UrlType.
	at org.reflections.vfs.Vfs.fromURL(Vfs.java:113)
	at org.reflections.vfs.Vfs.fromURL(Vfs.java:95)
	at org.reflections.Reflections.lambda$scan$2(Reflections.java:176)
	at java.base/java.util.stream.ForEachOps$ForEachOp$OfRef.accept(ForEachOps.java:186)
	at java.base/java.util.HashMap$KeySpliterator.forEachRemaining(HashMap.java:1716)
	at java.base/java.util.stream.AbstractPipeline.copyInto(AbstractPipeline.java:570)
	at java.base/java.util.stream.ForEachOps$ForEachTask.compute(ForEachOps.java:293)
	at java.base/java.util.concurrent.CountedCompleter.exec(CountedCompleter.java:759)
	at java.base/java.util.concurrent.ForkJoinTask.doExec(ForkJoinTask.java:511)
	at java.base/java.util.concurrent.ForkJoinPool$WorkQueue.topLevelExec(ForkJoinPool.java:1450)
	at java.base/java.util.concurrent.ForkJoinPool.runWorker(ForkJoinPool.java:2019)
	at java.base/java.util.concurrent.ForkJoinWorkerThread.run(ForkJoinWorkerThread.java:187)
[ForkJoinPool.commonPool-worker-1] WARN org.reflections.Reflections - could not create Dir using com.thoughtworks.gauge.scan.ClasspathScanner$1@bd6a547 from url file:/C:/Users/a.basaleh/.jdks/openjdk-26.0.1!/java.se. skipping.
java.lang.NullPointerException: Cannot invoke "java.io.File.isDirectory()" because "file" is null
	at com.thoughtworks.gauge.scan.ClasspathScanner$1.createDir(ClasspathScanner.java:48)
	at org.reflections.vfs.Vfs.fromURL(Vfs.java:103)
	at org.reflections.vfs.Vfs.fromURL(Vfs.java:95)
	at org.reflections.Reflections.lambda$scan$2(Reflections.java:176)
	at java.base/java.util.stream.ForEachOps$ForEachOp$OfRef.accept(ForEachOps.java:186)
	at java.base/java.util.HashMap$KeySpliterator.forEachRemaining(HashMap.java:1716)
	at java.base/java.util.stream.AbstractPipeline.copyInto(AbstractPipeline.java:570)
	at java.base/java.util.stream.ForEachOps$ForEachTask.compute(ForEachOps.java:293)
	at java.base/java.util.concurrent.CountedCompleter.exec(CountedCompleter.java:759)
	at java.base/java.util.concurrent.ForkJoinTask.doExec(ForkJoinTask.java:511)
	at java.base/java.util.concurrent.ForkJoinPool$WorkQueue.topLevelExec(ForkJoinPool.java:1450)
	at java.base/java.util.concurrent.ForkJoinPool.runWorker(ForkJoinPool.java:2019)
	at java.base/java.util.concurrent.ForkJoinWorkerThread.run(ForkJoinWorkerThread.java:187)
[ForkJoinPool.commonPool-worker-1] WARN org.reflections.Reflections - could not create Vfs.Dir from url. ignoring the exception and continuing
org.reflections.ReflectionsException: could not create Vfs.Dir from url, no matching UrlType was found [file:/C:/Users/a.basaleh/.jdks/openjdk-26.0.1!/java.se]
either use fromURL(final URL url, final List<UrlType> urlTypes) or use the static setDefaultURLTypes(final List<UrlType> urlTypes) or addDefaultURLTypes(UrlType urlType) with your specialized UrlType.
	at org.reflections.vfs.Vfs.fromURL(Vfs.java:113)
	at org.reflections.vfs.Vfs.fromURL(Vfs.java:95)
	at org.reflections.Reflections.lambda$scan$2(Reflections.java:176)
	at java.base/java.util.stream.ForEachOps$ForEachOp$OfRef.accept(ForEachOps.java:186)
	at java.base/java.util.HashMap$KeySpliterator.forEachRemaining(HashMap.java:1716)
	at java.base/java.util.stream.AbstractPipeline.copyInto(AbstractPipeline.java:570)
	at java.base/java.util.stream.ForEachOps$ForEachTask.compute(ForEachOps.java:293)
	at java.base/java.util.concurrent.CountedCompleter.exec(CountedCompleter.java:759)
	at java.base/java.util.concurrent.ForkJoinTask.doExec(ForkJoinTask.java:511)
	at java.base/java.util.concurrent.ForkJoinPool$WorkQueue.topLevelExec(ForkJoinPool.java:1450)
	at java.base/java.util.concurrent.ForkJoinPool.runWorker(ForkJoinPool.java:2019)
	at java.base/java.util.concurrent.ForkJoinWorkerThread.run(ForkJoinWorkerThread.java:187)
[ForkJoinPool.commonPool-worker-11] WARN org.reflections.Reflections - could not create Dir using com.thoughtworks.gauge.scan.ClasspathScanner$1@bd6a547 from url file:/C:/Users/a.basaleh/.jdks/openjdk-26.0.1!/jdk.jcmd. skipping.
java.lang.NullPointerException: Cannot invoke "java.io.File.isDirectory()" because "file" is null
	at com.thoughtworks.gauge.scan.ClasspathScanner$1.createDir(ClasspathScanner.java:48)
	at org.reflections.vfs.Vfs.fromURL(Vfs.java:103)
	at org.reflections.vfs.Vfs.fromURL(Vfs.java:95)
	at org.reflections.Reflections.lambda$scan$2(Reflections.java:176)
	at java.base/java.util.stream.ForEachOps$ForEachOp$OfRef.accept(ForEachOps.java:186)
	at java.base/java.util.HashMap$KeySpliterator.forEachRemaining(HashMap.java:1716)
	at java.base/java.util.stream.AbstractPipeline.copyInto(AbstractPipeline.java:570)
	at java.base/java.util.stream.ForEachOps$ForEachTask.compute(ForEachOps.java:293)
	at java.base/java.util.concurrent.CountedCompleter.exec(CountedCompleter.java:759)
	at java.base/java.util.concurrent.ForkJoinTask.doExec(ForkJoinTask.java:511)
	at java.base/java.util.concurrent.ForkJoinPool$WorkQueue.topLevelExec(ForkJoinPool.java:1450)
	at java.base/java.util.concurrent.ForkJoinPool.runWorker(ForkJoinPool.java:2019)
	at java.base/java.util.concurrent.ForkJoinWorkerThread.run(ForkJoinWorkerThread.java:187)
[ForkJoinPool.commonPool-worker-7] WARN org.reflections.Reflections - could not create Vfs.Dir from url. ignoring the exception and continuing
org.reflections.ReflectionsException: could not create Vfs.Dir from url, no matching UrlType was found [file:/C:/Users/a.basaleh/.jdks/openjdk-26.0.1!/jdk.security.auth]
either use fromURL(final URL url, final List<UrlType> urlTypes) or use the static setDefaultURLTypes(final List<UrlType> urlTypes) or addDefaultURLTypes(UrlType urlType) with your specialized UrlType.
	at org.reflections.vfs.Vfs.fromURL(Vfs.java:113)
	at org.reflections.vfs.Vfs.fromURL(Vfs.java:95)
	at org.reflections.Reflections.lambda$scan$2(Reflections.java:176)
	at java.base/java.util.stream.ForEachOps$ForEachOp$OfRef.accept(ForEachOps.java:186)
	at java.base/java.util.HashMap$KeySpliterator.forEachRemaining(HashMap.java:1716)
	at java.base/java.util.stream.AbstractPipeline.copyInto(AbstractPipeline.java:570)
	at java.base/java.util.stream.ForEachOps$ForEachTask.compute(ForEachOps.java:293)
	at java.base/java.util.concurrent.CountedCompleter.exec(CountedCompleter.java:759)
	at java.base/java.util.concurrent.ForkJoinTask.doExec(ForkJoinTask.java:511)
	at java.base/java.util.concurrent.ForkJoinPool$WorkQueue.topLevelExec(ForkJoinPool.java:1450)
	at java.base/java.util.concurrent.ForkJoinPool.runWorker(ForkJoinPool.java:2019)
	at java.base/java.util.concurrent.ForkJoinWorkerThread.run(ForkJoinWorkerThread.java:187)
[ForkJoinPool.commonPool-worker-1] WARN org.reflections.Reflections - could not create Dir using com.thoughtworks.gauge.scan.ClasspathScanner$1@bd6a547 from url file:/C:/Users/a.basaleh/.jdks/openjdk-26.0.1!/jdk.graal.compiler.management. skipping.
java.lang.NullPointerException: Cannot invoke "java.io.File.isDirectory()" because "file" is null
	at com.thoughtworks.gauge.scan.ClasspathScanner$1.createDir(ClasspathScanner.java:48)
	at org.reflections.vfs.Vfs.fromURL(Vfs.java:103)
	at org.reflections.vfs.Vfs.fromURL(Vfs.java:95)
	at org.reflections.Reflections.lambda$scan$2(Reflections.java:176)
	at java.base/java.util.stream.ForEachOps$ForEachOp$OfRef.accept(ForEachOps.java:186)
	at java.base/java.util.HashMap$KeySpliterator.forEachRemaining(HashMap.java:1716)
	at java.base/java.util.stream.AbstractPipeline.copyInto(AbstractPipeline.java:570)
	at java.base/java.util.stream.ForEachOps$ForEachTask.compute(ForEachOps.java:293)
	at java.base/java.util.concurrent.CountedCompleter.exec(CountedCompleter.java:759)
	at java.base/java.util.concurrent.ForkJoinTask.doExec(ForkJoinTask.java:511)
{"logLevel":"debug","message":"gauge-java took 680milliseconds to load and scan. This should be less than \u0027runner_connection_timeout\u0027 config value."}
{"logLevel":"debug","message":"run \u0027gauge config runner_connection_timeout\u0027 and verify that it is \u003c 680"}
{"logLevel":"debug","message":"starting gRPC server..."}
	at java.base/java.util.concurrent.ForkJoinPool$WorkQueue.topLevelExec(ForkJoinPool.java:1450)
	at java.base/java.util.concurrent.ForkJoinPool.runWorker(ForkJoinPool.java:2019)
	at java.base/java.util.concurrent.ForkJoinWorkerThread.run(ForkJoinWorkerThread.java:187)
[ForkJoinPool.commonPool-worker-11] WARN org.reflections.Reflections - could not create Vfs.Dir from url. ignoring the exception and continuing
org.reflections.ReflectionsException: could not create Vfs.Dir from url, no matching UrlType was found [file:/C:/Users/a.basaleh/.jdks/openjdk-26.0.1!/jdk.jcmd]
either use fromURL(final URL url, final List<UrlType> urlTypes) or use the static setDefaultURLTypes(final List<UrlType> urlTypes) or addDefaultURLTypes(UrlType urlType) with your specialized UrlType.
	at org.reflections.vfs.Vfs.fromURL(Vfs.java:113)
	at org.reflections.vfs.Vfs.fromURL(Vfs.java:95)
	at org.reflections.Reflections.lambda$scan$2(Reflections.java:176)
	at java.base/java.util.stream.ForEachOps$ForEachOp$OfRef.accept(ForEachOps.java:186)
	at java.base/java.util.HashMap$KeySpliterator.forEachRemaining(HashMap.java:1716)
	at java.base/java.util.stream.AbstractPipeline.copyInto(AbstractPipeline.java:570)
	at java.base/java.util.stream.ForEachOps$ForEachTask.compute(ForEachOps.java:293)
	at java.base/java.util.concurrent.CountedCompleter.exec(CountedCompleter.java:759)
	at java.base/java.util.concurrent.ForkJoinTask.doExec(ForkJoinTask.java:511)
	at java.base/java.util.concurrent.ForkJoinPool$WorkQueue.topLevelExec(ForkJoinPool.java:1450)
	at java.base/java.util.concurrent.ForkJoinPool.runWorker(ForkJoinPool.java:2019)
	at java.base/java.util.concurrent.ForkJoinWorkerThread.run(ForkJoinWorkerThread.java:187)
[ForkJoinPool.commonPool-worker-1] WARN org.reflections.Reflections - could not create Vfs.Dir from url. ignoring the exception and continuing
org.reflections.ReflectionsException: could not create Vfs.Dir from url, no matching UrlType was found [file:/C:/Users/a.basaleh/.jdks/openjdk-26.0.1!/jdk.graal.compiler.management]
either use fromURL(final URL url, final List<UrlType> urlTypes) or use the static setDefaultURLTypes(final List<UrlType> urlTypes) or addDefaultURLTypes(UrlType urlType) with your specialized UrlType.
	at org.reflections.vfs.Vfs.fromURL(Vfs.java:113)
	at org.reflections.vfs.Vfs.fromURL(Vfs.java:95)
	at org.reflections.Reflections.lambda$scan$2(Reflections.java:176)
	at java.base/java.util.stream.ForEachOps$ForEachOp$OfRef.accept(ForEachOps.java:186)
	at java.base/java.util.HashMap$KeySpliterator.forEachRemaining(HashMap.java:1716)
	at java.base/java.util.stream.AbstractPipeline.copyInto(AbstractPipeline.java:570)
	at java.base/java.util.stream.ForEachOps$ForEachTask.compute(ForEachOps.java:293)
	at java.base/java.util.concurrent.CountedCompleter.exec(CountedCompleter.java:759)
	at java.base/java.util.concurrent.ForkJoinTask.doExec(ForkJoinTask.java:511)
	at java.base/java.util.concurrent.ForkJoinPool$WorkQueue.topLevelExec(ForkJoinPool.java:1450)
	at java.base/java.util.concurrent.ForkJoinPool.runWorker(ForkJoinPool.java:2019)
	at java.base/java.util.concurrent.ForkJoinWorkerThread.run(ForkJoinWorkerThread.java:187)
[ForkJoinPool.commonPool-worker-1] WARN org.reflections.Reflections - could not create Dir using com.thoughtworks.gauge.scan.ClasspathScanner$1@bd6a547 from url file:/C:/Users/a.basaleh/.jdks/openjdk-26.0.1!/jdk.jdwp.agent. skipping.
java.lang.NullPointerException: Cannot invoke "java.io.File.isDirectory()" because "file" is null
	at com.thoughtworks.gauge.scan.ClasspathScanner$1.createDir(ClasspathScanner.java:48)
	at org.reflections.vfs.Vfs.fromURL(Vfs.java:103)
	at org.reflections.vfs.Vfs.fromURL(Vfs.java:95)
	at org.reflections.Reflections.lambda$scan$2(Reflections.java:176)
	at java.base/java.util.stream.ForEachOps$ForEachOp$OfRef.accept(ForEachOps.java:186)
	at java.base/java.util.HashMap$KeySpliterator.forEachRemaining(HashMap.java:1716)
	at java.base/java.util.stream.AbstractPipeline.copyInto(AbstractPipeline.java:570)
	at java.base/java.util.stream.ForEachOps$ForEachTask.compute(ForEachOps.java:293)
	at java.base/java.util.concurrent.CountedCompleter.exec(CountedCompleter.java:759)
	at java.base/java.util.concurrent.ForkJoinTask.doExec(ForkJoinTask.java:511)
	at java.base/java.util.concurrent.ForkJoinPool$WorkQueue.topLevelExec(ForkJoinPool.java:1450)
	at java.base/java.util.concurrent.ForkJoinPool.runWorker(ForkJoinPool.java:2019)
	at java.base/java.util.concurrent.ForkJoinWorkerThread.run(ForkJoinWorkerThread.java:187)
[ForkJoinPool.commonPool-worker-1] WARN org.reflections.Reflections - could not create Vfs.Dir from url. ignoring the exception and continuing
org.reflections.ReflectionsException: could not create Vfs.Dir from url, no matching UrlType was found [file:/C:/Users/a.basaleh/.jdks/openjdk-26.0.1!/jdk.jdwp.agent]
either use fromURL(final URL url, final List<UrlType> urlTypes) or use the static setDefaultURLTypes(final List<UrlType> urlTypes) or addDefaultURLTypes(UrlType urlType) with your specialized UrlType.
	at org.reflections.vfs.Vfs.fromURL(Vfs.java:113)
	at org.reflections.vfs.Vfs.fromURL(Vfs.java:95)
	at org.reflections.Reflections.lambda$scan$2(Reflections.java:176)
	at java.base/java.util.stream.ForEachOps$ForEachOp$OfRef.accept(ForEachOps.java:186)
	at java.base/java.util.HashMap$KeySpliterator.forEachRemaining(HashMap.java:1716)
	at java.base/java.util.stream.AbstractPipeline.copyInto(AbstractPipeline.java:570)
	at java.base/java.util.stream.ForEachOps$ForEachTask.compute(ForEachOps.java:293)
	at java.base/java.util.concurrent.CountedCompleter.exec(CountedCompleter.java:759)
	at java.base/java.util.concurrent.ForkJoinTask.doExec(ForkJoinTask.java:511)
	at java.base/java.util.concurrent.ForkJoinPool$WorkQueue.topLevelExec(ForkJoinPool.java:1450)
	at java.base/java.util.concurrent.ForkJoinPool.runWorker(ForkJoinPool.java:2019)
	at java.base/java.util.concurrent.ForkJoinWorkerThread.run(ForkJoinWorkerThread.java:187)
[ForkJoinPool.commonPool-worker-2] WARN org.reflections.Reflections - could not create Dir using com.thoughtworks.gauge.scan.ClasspathScanner$1@bd6a547 from url file:/C:/Users/a.basaleh/.jdks/openjdk-26.0.1!/jdk.jpackage. skipping.
java.lang.NullPointerException: Cannot invoke "java.io.File.isDirectory()" because "file" is null
	at com.thoughtworks.gauge.scan.ClasspathScanner$1.createDir(ClasspathScanner.java:48)
	at org.reflections.vfs.Vfs.fromURL(Vfs.java:103)
	at org.reflections.vfs.Vfs.fromURL(Vfs.java:95)
	at org.reflections.Reflections.lambda$scan$2(Reflections.java:176)
	at java.base/java.util.stream.ForEachOps$ForEachOp$OfRef.accept(ForEachOps.java:186)
	at java.base/java.util.HashMap$KeySpliterator.forEachRemaining(HashMap.java:1716)
	at java.base/java.util.stream.AbstractPipeline.copyInto(AbstractPipeline.java:570)
	at java.base/java.util.stream.ForEachOps$ForEachTask.compute(ForEachOps.java:293)
	at java.base/java.util.concurrent.CountedCompleter.exec(CountedCompleter.java:759)
	at java.base/java.util.concurrent.ForkJoinTask.doExec(ForkJoinTask.java:511)
	at java.base/java.util.concurrent.ForkJoinPool$WorkQueue.topLevelExec(ForkJoinPool.java:1450)
	at java.base/java.util.concurrent.ForkJoinPool.runWorker(ForkJoinPool.java:2019)
	at java.base/java.util.concurrent.ForkJoinWorkerThread.run(ForkJoinWorkerThread.java:187)
[ForkJoinPool.commonPool-worker-2] WARN org.reflections.Reflections - could not create Vfs.Dir from url. ignoring the exception and continuing
org.reflections.ReflectionsException: could not create Vfs.Dir from url, no matching UrlType was found [file:/C:/Users/a.basaleh/.jdks/openjdk-26.0.1!/jdk.jpackage]
either use fromURL(final URL url, final List<UrlType> urlTypes) or use the static setDefaultURLTypes(final List<UrlType> urlTypes) or addDefaultURLTypes(UrlType urlType) with your specialized UrlType.
	at org.reflections.vfs.Vfs.fromURL(Vfs.java:113)
	at org.reflections.vfs.Vfs.fromURL(Vfs.java:95)
	at org.reflections.Reflections.lambda$scan$2(Reflections.java:176)
	at java.base/java.util.stream.ForEachOps$ForEachOp$OfRef.accept(ForEachOps.java:186)
	at java.base/java.util.HashMap$KeySpliterator.forEachRemaining(HashMap.java:1716)
	at java.base/java.util.stream.AbstractPipeline.copyInto(AbstractPipeline.java:570)
	at java.base/java.util.stream.ForEachOps$ForEachTask.compute(ForEachOps.java:293)
	at java.base/java.util.concurrent.CountedCompleter.exec(CountedCompleter.java:759)
	at java.base/java.util.concurrent.ForkJoinTask.doExec(ForkJoinTask.java:511)
	at java.base/java.util.concurrent.ForkJoinPool$WorkQueue.topLevelExec(ForkJoinPool.java:1450)
	at java.base/java.util.concurrent.ForkJoinPool.runWorker(ForkJoinPool.java:2019)
	at java.base/java.util.concurrent.ForkJoinWorkerThread.run(ForkJoinWorkerThread.java:187)
[ForkJoinPool.commonPool-worker-10] WARN org.reflections.Reflections - could not create Dir using com.thoughtworks.gauge.scan.ClasspathScanner$1@bd6a547 from url file:/C:/Users/a.basaleh/.jdks/openjdk-26.0.1!/java.datatransfer. skipping.
java.lang.NullPointerException: Cannot invoke "java.io.File.isDirectory()" because "file" is null
	at com.thoughtworks.gauge.scan.ClasspathScanner$1.createDir(ClasspathScanner.java:48)
	at org.reflections.vfs.Vfs.fromURL(Vfs.java:103)
	at org.reflections.vfs.Vfs.fromURL(Vfs.java:95)
	at org.reflections.Reflections.lambda$scan$2(Reflections.java:176)
	at java.base/java.util.stream.ForEachOps$ForEachOp$OfRef.accept(ForEachOps.java:186)
	at java.base/java.util.HashMap$KeySpliterator.forEachRemaining(HashMap.java:1716)
	at java.base/java.util.stream.AbstractPipeline.copyInto(AbstractPipeline.java:570)
	at java.base/java.util.stream.ForEachOps$ForEachTask.compute(ForEachOps.java:293)
	at java.base/java.util.concurrent.CountedCompleter.exec(CountedCompleter.java:759)
	at java.base/java.util.concurrent.ForkJoinTask.doExec(ForkJoinTask.java:511)
	at java.base/java.util.concurrent.ForkJoinPool$WorkQueue.topLevelExec(ForkJoinPool.java:1450)
	at java.base/java.util.concurrent.ForkJoinPool.runWorker(ForkJoinPool.java:2019)
	at java.base/java.util.concurrent.ForkJoinWorkerThread.run(ForkJoinWorkerThread.java:187)
[ForkJoinPool.commonPool-worker-10] WARN org.reflections.Reflections - could not create Vfs.Dir from url. ignoring the exception and continuing
org.reflections.ReflectionsException: could not create Vfs.Dir from url, no matching UrlType was found [file:/C:/Users/a.basaleh/.jdks/openjdk-26.0.1!/java.datatransfer]
either use fromURL(final URL url, final List<UrlType> urlTypes) or use the static setDefaultURLTypes(final List<UrlType> urlTypes) or addDefaultURLTypes(UrlType urlType) with your specialized UrlType.
	at org.reflections.vfs.Vfs.fromURL(Vfs.java:113)
	at org.reflections.vfs.Vfs.fromURL(Vfs.java:95)
	at org.reflections.Reflections.lambda$scan$2(Reflections.java:176)
	at java.base/java.util.stream.ForEachOps$ForEachOp$OfRef.accept(ForEachOps.java:186)
	at java.base/java.util.HashMap$KeySpliterator.forEachRemaining(HashMap.java:1716)
	at java.base/java.util.stream.AbstractPipeline.copyInto(AbstractPipeline.java:570)
	at java.base/java.util.stream.ForEachOps$ForEachTask.compute(ForEachOps.java:293)
	at java.base/java.util.concurrent.CountedCompleter.exec(CountedCompleter.java:759)
	at java.base/java.util.concurrent.ForkJoinTask.doExec(ForkJoinTask.java:511)
	at java.base/java.util.concurrent.ForkJoinPool$WorkQueue.topLevelExec(ForkJoinPool.java:1450)
	at java.base/java.util.concurrent.ForkJoinPool.runWorker(ForkJoinPool.java:2019)
	at java.base/java.util.concurrent.ForkJoinWorkerThread.run(ForkJoinWorkerThread.java:187)
{"logLevel":"debug","message":"started gRPC server on port 65528"}
{"logLevel":"info","message":"Listening on port:65528"}
[ForkJoinPool.commonPool-worker-8] WARN org.reflections.Reflections - could not create Dir using com.thoughtworks.gauge.scan.ClasspathScanner$1@bd6a547 from url file:/C:/Users/a.basaleh/.jdks/openjdk-26.0.1!/jdk.unsupported. skipping.
java.lang.NullPointerException: Cannot invoke "java.io.File.isDirectory()" because "file" is null
	at com.thoughtworks.gauge.scan.ClasspathScanner$1.createDir(ClasspathScanner.java:48)
	at org.reflections.vfs.Vfs.fromURL(Vfs.java:103)
	at org.reflections.vfs.Vfs.fromURL(Vfs.java:95)
	at org.reflections.Reflections.lambda$scan$2(Reflections.java:176)
	at java.base/java.util.stream.ForEachOps$ForEachOp$OfRef.accept(ForEachOps.java:186)
	at java.base/java.util.HashMap$KeySpliterator.forEachRemaining(HashMap.java:1716)
	at java.base/java.util.stream.AbstractPipeline.copyInto(AbstractPipeline.java:570)
	at java.base/java.util.stream.ForEachOps$ForEachTask.compute(ForEachOps.java:293)
	at java.base/java.util.concurrent.CountedCompleter.exec(CountedCompleter.java:759)
	at java.base/java.util.concurrent.ForkJoinTask.doExec(ForkJoinTask.java:511)
	at java.base/java.util.concurrent.ForkJoinPool$WorkQueue.topLevelExec(ForkJoinPool.java:1450)
	at java.base/java.util.concurrent.ForkJoinPool.runWorker(ForkJoinPool.java:2019)
	at java.base/java.util.concurrent.ForkJoinWorkerThread.run(ForkJoinWorkerThread.java:187)
[ForkJoinPool.commonPool-worker-8] WARN org.reflections.Reflections - could not create Vfs.Dir from url. ignoring the exception and continuing
org.reflections.ReflectionsException: could not create Vfs.Dir from url, no matching UrlType was found [file:/C:/Users/a.basaleh/.jdks/openjdk-26.0.1!/jdk.unsupported]
either use fromURL(final URL url, final List<UrlType> urlTypes) or use the static setDefaultURLTypes(final List<UrlType> urlTypes) or addDefaultURLTypes(UrlType urlType) with your specialized UrlType.
	at org.reflections.vfs.Vfs.fromURL(Vfs.java:113)
	at org.reflections.vfs.Vfs.fromURL(Vfs.java:95)
	at org.reflections.Reflections.lambda$scan$2(Reflections.java:176)
	at java.base/java.util.stream.ForEachOps$ForEachOp$OfRef.accept(ForEachOps.java:186)
	at java.base/java.util.HashMap$KeySpliterator.forEachRemaining(HashMap.java:1716)
	at java.base/java.util.stream.AbstractPipeline.copyInto(AbstractPipeline.java:570)
	at java.base/java.util.stream.ForEachOps$ForEachTask.compute(ForEachOps.java:293)
	at java.base/java.util.concurrent.CountedCompleter.exec(CountedCompleter.java:759)
	at java.base/java.util.concurrent.ForkJoinTask.doExec(ForkJoinTask.java:511)
	at java.base/java.util.concurrent.ForkJoinPool$WorkQueue.topLevelExec(ForkJoinPool.java:1450)
	at java.base/java.util.concurrent.ForkJoinPool.runWorker(ForkJoinPool.java:2019)
	at java.base/java.util.concurrent.ForkJoinWorkerThread.run(ForkJoinWorkerThread.java:187)
[pool-1-thread-1] INFO org.reflections.Reflections - Reflections took 713 ms to scan 144 urls, producing 4745 keys and 29660 values
{"logLevel":"debug","message":"Scanning packages for steps"}
{"logLevel":"debug","message":"Comparing \u0027selenium_helper.CustomActions.findInputThenFill\u0027 and \u0027selenium_helper.CustomActions.findInputThenFill\u0027"}
{"logLevel":"debug","message":"Found Find Failed Where {} is {} then fill with {} in current project scope."}
{"logLevel":"debug","message":"Comparing \u0027selenium_helper.CustomActions.verifyElementExistence\u0027 and \u0027selenium_helper.CustomActions.verifyElementExistence\u0027"}
{"logLevel":"debug","message":"Found Verify Element where {} is {} in current project scope."}
{"logLevel":"debug","message":"Comparing \u0027selenium_helper.CustomActions.pressButton\u0027 and \u0027selenium_helper.CustomActions.pressButton\u0027"}
{"logLevel":"debug","message":"Found Press {} in current project scope."}
{"logLevel":"debug","message":"Comparing \u0027selenium_helper.CustomActions.visitAWebsite\u0027 and \u0027selenium_helper.CustomActions.visitAWebsite\u0027"}
{"logLevel":"debug","message":"Found Go To {} in current project scope."}
{"logLevel":"debug","message":"Comparing \u0027selenium_helper.CustomActions.findElementThenClick\u0027 and \u0027selenium_helper.CustomActions.findElementThenClick\u0027"}
{"logLevel":"debug","message":"Found Find Element Where {} is {} then click in current project scope."}
{"logLevel":"debug","message":"Comparing \u0027selenium_helper.CustomActions.verifyWindowsCount\u0027 and \u0027selenium_helper.CustomActions.verifyWindowsCount\u0027"}
{"logLevel":"debug","message":"Found Verify Windows Count Equals To {} in current project scope."}
{"logLevel":"debug","message":"Comparing \u0027selenium_helper.CustomActions.moveToThenClick\u0027 and \u0027selenium_helper.CustomActions.moveToThenClick\u0027"}
{"logLevel":"debug","message":"Found Move to {} , {} then click in current project scope."}
{"logLevel":"debug","message":"Comparing \u0027selenium_helper.CustomActions.switchToWindowByNumber\u0027 and \u0027selenium_helper.CustomActions.switchToWindowByNumber\u0027"}
{"logLevel":"debug","message":"Found Switch To {} Window in current project scope."}
{"logLevel":"debug","message":"Comparing \u0027selenium_helper.CustomActions.clickInShadowRoot\u0027 and \u0027selenium_helper.CustomActions.clickInShadowRoot\u0027"}
{"logLevel":"debug","message":"Found Click On {} by {} on shadow root {} in current project scope."}
{"logLevel":"debug","message":"Comparing \u0027selenium_helper.CustomActions.importantDelay\u0027 and \u0027selenium_helper.CustomActions.importantDelay\u0027"}
{"logLevel":"debug","message":"Found important delay for {} seconds in current project scope."}
{"logLevel":"debug","message":"Scanning packages for hooks"}
{"logLevel":"debug","message":"Scanned steps (using static parsing + reflections): "}
{"logLevel":"debug","message":"\tVerify Element where {} is {} : public void verifyElementExistence(@NonNull String type, String value)"}
{"logLevel":"debug","message":"\tSwitch To {} Window : public void switchToWindowByNumber(@NonNull String number)"}
{"logLevel":"debug","message":"\tClick On {} by {} on shadow root {} : public void clickInShadowRoot(String value, String type, String shadowRootID) throws InterruptedException"}
{"logLevel":"debug","message":"\tFind Failed Where {} is {} then fill with {} : public void findInputThenFill(@NonNull String type, String value, String fillWith)"}
{"logLevel":"debug","message":"\tFind Element Where {} is {} then click : public void findElementThenClick(@NonNull String type, String value)"}
{"logLevel":"debug","message":"\timportant delay for {} seconds : public void importantDelay(Long delay) throws InterruptedException"}
{"logLevel":"debug","message":"\tPress {} : public void pressButton(String buttonType)"}
{"logLevel":"debug","message":"\tVerify Windows Count Equals To {} : public void verifyWindowsCount(@NonNull String number)"}
{"logLevel":"debug","message":"\tMove to {} , {} then click : public void moveToThenClick(String x, String y)"}
{"logLevel":"debug","message":"\tGo To {} : public void visitAWebsite(String url) throws InterruptedException"}
[ForkJoinPool.commonPool-worker-8] WARN org.reflections.Reflections - could not create Dir using com.thoughtworks.gauge.scan.ClasspathScanner$1@bd6a547 from url file:/C:/Users/a.basaleh/.jdks/openjdk-26.0.1!/jdk.graal.compiler. skipping.
java.lang.NullPointerException: Cannot invoke "java.io.File.isDirectory()" because "file" is null
	at com.thoughtworks.gauge.scan.ClasspathScanner$1.createDir(ClasspathScanner.java:48)
	at org.reflections.vfs.Vfs.fromURL(Vfs.java:103)
	at org.reflections.vfs.Vfs.fromURL(Vfs.java:95)
	at org.reflections.Reflections.lambda$scan$2(Reflections.java:176)
	at java.base/java.util.stream.ForEachOps$ForEachOp$OfRef.accept(ForEachOps.java:186)
	at java.base/java.util.HashMap$KeySpliterator.forEachRemaining(HashMap.java:1716)
	at java.base/java.util.stream.AbstractPipeline.copyInto(AbstractPipeline.java:570)
	at java.base/java.util.stream.ForEachOps$ForEachTask.compute(ForEachOps.java:293)
	at java.base/java.util.concurrent.CountedCompleter.exec(CountedCompleter.java:759)
	at java.base/java.util.concurrent.ForkJoinTask.doExec(ForkJoinTask.java:511)
	at java.base/java.util.concurrent.ForkJoinPool$WorkQueue.topLevelExec(ForkJoinPool.java:1450)
	at java.base/java.util.concurrent.ForkJoinPool.runWorker(ForkJoinPool.java:2019)
	at java.base/java.util.concurrent.ForkJoinWorkerThread.run(ForkJoinWorkerThread.java:187)
[pool-2-thread-1] WARN org.reflections.Reflections - could not create Dir using com.thoughtworks.gauge.scan.ClasspathScanner$1@bd6a547 from url file:/C:/Users/a.basaleh/.jdks/openjdk-26.0.1!/java.sql.rowset. skipping.
java.lang.NullPointerException: Cannot invoke "java.io.File.isDirectory()" because "file" is null
	at com.thoughtworks.gauge.scan.ClasspathScanner$1.createDir(ClasspathScanner.java:48)
	at org.reflections.vfs.Vfs.fromURL(Vfs.java:103)
	at org.reflections.vfs.Vfs.fromURL(Vfs.java:95)
	at org.reflections.Reflections.lambda$scan$2(Reflections.java:176)
	at java.base/java.util.stream.ForEachOps$ForEachOp$OfRef.accept(ForEachOps.java:186)
	at java.base/java.util.HashMap$KeySpliterator.forEachRemaining(HashMap.java:1716)
	at java.base/java.util.stream.AbstractPipeline.copyInto(AbstractPipeline.java:570)
	at java.base/java.util.stream.ForEachOps$ForEachTask.compute(ForEachOps.java:293)
	at java.base/java.util.concurrent.CountedCompleter.exec(CountedCompleter.java:759)
	at java.base/java.util.concurrent.ForkJoinTask.doExec(ForkJoinTask.java:511)
	at java.base/java.util.concurrent.ForkJoinTask.invoke(ForkJoinTask.java:683)
	at java.base/java.util.stream.ForEachOps$ForEachOp.evaluateParallel(ForEachOps.java:162)
	at java.base/java.util.stream.ForEachOps$ForEachOp$OfRef.evaluateParallel(ForEachOps.java:176)
	at java.base/java.util.stream.AbstractPipeline.evaluate(AbstractPipeline.java:264)
	at java.base/java.util.stream.ReferencePipeline.forEach(ReferencePipeline.java:632)
	at java.base/java.util.stream.ReferencePipeline$Head.forEach(ReferencePipeline.java:806)
	at org.reflections.Reflections.scan(Reflections.java:173)
	at org.reflections.Reflections.<init>(Reflections.java:126)
	at com.thoughtworks.gauge.execution.parameters.parsers.base.ParameterParsingChain.createReflections(ParameterParsingChain.java:47)
	at com.thoughtworks.gauge.execution.parameters.parsers.base.ParameterParsingChain.<init>(ParameterParsingChain.java:33)
	at com.thoughtworks.gauge.connection.MessageProcessorFactory.initializeExecutionMessageProcessors(MessageProcessorFactory.java:91)
	at com.thoughtworks.gauge.connection.MessageProcessorFactory.getProcessor(MessageProcessorFactory.java:66)
	at com.thoughtworks.gauge.RunnerServiceHandler.lambda$validateStep$17(RunnerServiceHandler.java:332)
	at java.base/java.util.concurrent.ThreadPoolExecutor.runWorker(ThreadPoolExecutor.java:1090)
	at java.base/java.util.concurrent.ThreadPoolExecutor$Worker.run(ThreadPoolExecutor.java:614)
	at java.base/java.lang.Thread.run(Thread.java:1516)
[ForkJoinPool.commonPool-worker-5] WARN org.reflections.Reflections - could not create Dir using com.thoughtworks.gauge.scan.ClasspathScanner$1@bd6a547 from url file:/C:/Users/a.basaleh/.jdks/openjdk-26.0.1!/jdk.accessibility. skipping.
java.lang.NullPointerException: Cannot invoke "java.io.File.isDirectory()" because "file" is null
	at com.thoughtworks.gauge.scan.ClasspathScanner$1.createDir(ClasspathScanner.java:48)
	at org.reflections.vfs.Vfs.fromURL(Vfs.java:103)
	at org.reflections.vfs.Vfs.fromURL(Vfs.java:95)
	at org.reflections.Reflections.lambda$scan$2(Reflections.java:176)
	at java.base/java.util.stream.ForEachOps$ForEachOp$OfRef.accept(ForEachOps.java:186)
	at java.base/java.util.HashMap$KeySpliterator.forEachRemaining(HashMap.java:1716)
	at java.base/java.util.stream.AbstractPipeline.copyInto(AbstractPipeline.java:570)
	at java.base/java.util.stream.ForEachOps$ForEachTask.compute(ForEachOps.java:293)
	at java.base/java.util.concurrent.CountedCompleter.exec(CountedCompleter.java:759)
	at java.base/java.util.concurrent.ForkJoinTask.doExec(ForkJoinTask.java:511)
	at java.base/java.util.concurrent.ForkJoinPool$WorkQueue.topLevelExec(ForkJoinPool.java:1450)
	at java.base/java.util.concurrent.ForkJoinPool.runWorker(ForkJoinPool.java:2019)
	at java.base/java.util.concurrent.ForkJoinWorkerThread.run(ForkJoinWorkerThread.java:187)
[ForkJoinPool.commonPool-worker-4] WARN org.reflections.Reflections - could not create Dir using com.thoughtworks.gauge.scan.ClasspathScanner$1@bd6a547 from url file:/C:/Users/a.basaleh/.jdks/openjdk-26.0.1!/java.naming. skipping.
java.lang.NullPointerException: Cannot invoke "java.io.File.isDirectory()" because "file" is null
	at com.thoughtworks.gauge.scan.ClasspathScanner$1.createDir(ClasspathScanner.java:48)
	at org.reflections.vfs.Vfs.fromURL(Vfs.java:103)
	at org.reflections.vfs.Vfs.fromURL(Vfs.java:95)
	at org.reflections.Reflections.lambda$scan$2(Reflections.java:176)
	at java.base/java.util.stream.ForEachOps$ForEachOp$OfRef.accept(ForEachOps.java:186)
	at java.base/java.util.HashMap$KeySpliterator.forEachRemaining(HashMap.java:1716)
	at java.base/java.util.stream.AbstractPipeline.copyInto(AbstractPipeline.java:570)
	at java.base/java.util.stream.ForEachOps$ForEachTask.compute(ForEachOps.java:293)
	at java.base/java.util.concurrent.CountedCompleter.exec(CountedCompleter.java:759)
	at java.base/java.util.concurrent.ForkJoinTask.doExec(ForkJoinTask.java:511)
	at java.base/java.util.concurrent.ForkJoinPool$WorkQueue.topLevelExec(ForkJoinPool.java:1450)
	at java.base/java.util.concurrent.ForkJoinPool.runWorker(ForkJoinPool.java:2019)
	at java.base/java.util.concurrent.ForkJoinWorkerThread.run(ForkJoinWorkerThread.java:187)
[ForkJoinPool.commonPool-worker-3] WARN org.reflections.Reflections - could not create Dir using com.thoughtworks.gauge.scan.ClasspathScanner$1@bd6a547 from url file:/C:/Users/a.basaleh/.jdks/openjdk-26.0.1!/jdk.internal.md. skipping.
java.lang.NullPointerException: Cannot invoke "java.io.File.isDirectory()" because "file" is null
	at com.thoughtworks.gauge.scan.ClasspathScanner$1.createDir(ClasspathScanner.java:48)
	at org.reflections.vfs.Vfs.fromURL(Vfs.java:103)
	at org.reflections.vfs.Vfs.fromURL(Vfs.java:95)
	at org.reflections.Reflections.lambda$scan$2(Reflections.java:176)
	at java.base/java.util.stream.ForEachOps$ForEachOp$OfRef.accept(ForEachOps.java:186)
	at java.base/java.util.HashMap$KeySpliterator.forEachRemaining(HashMap.java:1716)
	at java.base/java.util.stream.AbstractPipeline.copyInto(AbstractPipeline.java:570)
	at java.base/java.util.stream.ForEachOps$ForEachTask.compute(ForEachOps.java:293)
	at java.base/java.util.concurrent.CountedCompleter.exec(CountedCompleter.java:759)
	at java.base/java.util.concurrent.ForkJoinTask.doExec(ForkJoinTask.java:511)
	at java.base/java.util.concurrent.ForkJoinPool$WorkQueue.topLevelExec(ForkJoinPool.java:1450)
	at java.base/java.util.concurrent.ForkJoinPool.runWorker(ForkJoinPool.java:2019)
	at java.base/java.util.concurrent.ForkJoinWorkerThread.run(ForkJoinWorkerThread.java:187)
[ForkJoinPool.commonPool-worker-2] WARN org.reflections.Reflections - could not create Dir using com.thoughtworks.gauge.scan.ClasspathScanner$1@bd6a547 from url file:/C:/Users/a.basaleh/.jdks/openjdk-26.0.1!/jdk.jfr. skipping.
java.lang.NullPointerException: Cannot invoke "java.io.File.isDirectory()" because "file" is null
	at com.thoughtworks.gauge.scan.ClasspathScanner$1.createDir(ClasspathScanner.java:48)
	at org.reflections.vfs.Vfs.fromURL(Vfs.java:103)
	at org.reflections.vfs.Vfs.fromURL(Vfs.java:95)
	at org.reflections.Reflections.lambda$scan$2(Reflections.java:176)
	at java.base/java.util.stream.ForEachOps$ForEachOp$OfRef.accept(ForEachOps.java:186)
	at java.base/java.util.HashMap$KeySpliterator.forEachRemaining(HashMap.java:1716)
	at java.base/java.util.stream.AbstractPipeline.copyInto(AbstractPipeline.java:570)
	at java.base/java.util.stream.ForEachOps$ForEachTask.compute(ForEachOps.java:293)
	at java.base/java.util.concurrent.CountedCompleter.exec(CountedCompleter.java:759)
	at java.base/java.util.concurrent.ForkJoinTask.doExec(ForkJoinTask.java:511)
	at java.base/java.util.concurrent.ForkJoinPool$WorkQueue.topLevelExec(ForkJoinPool.java:1450)
	at java.base/java.util.concurrent.ForkJoinPool.runWorker(ForkJoinPool.java:2019)
	at java.base/java.util.concurrent.ForkJoinWorkerThread.run(ForkJoinWorkerThread.java:187)
[ForkJoinPool.commonPool-worker-4] WARN org.reflections.Reflections - could not create Vfs.Dir from url. ignoring the exception and continuing
org.reflections.ReflectionsException: could not create Vfs.Dir from url, no matching UrlType was found [file:/C:/Users/a.basaleh/.jdks/openjdk-26.0.1!/java.naming]
either use fromURL(final URL url, final List<UrlType> urlTypes) or use the static setDefaultURLTypes(final List<UrlType> urlTypes) or addDefaultURLTypes(UrlType urlType) with your specialized UrlType.
	at org.reflections.vfs.Vfs.fromURL(Vfs.java:113)
	at org.reflections.vfs.Vfs.fromURL(Vfs.java:95)
	at org.reflections.Reflections.lambda$scan$2(Reflections.java:176)
	at java.base/java.util.stream.ForEachOps$ForEachOp$OfRef.accept(ForEachOps.java:186)
	at java.base/java.util.HashMap$KeySpliterator.forEachRemaining(HashMap.java:1716)
	at java.base/java.util.stream.AbstractPipeline.copyInto(AbstractPipeline.java:570)
	at java.base/java.util.stream.ForEachOps$ForEachTask.compute(ForEachOps.java:293)
	at java.base/java.util.concurrent.CountedCompleter.exec(CountedCompleter.java:759)
	at java.base/java.util.concurrent.ForkJoinTask.doExec(ForkJoinTask.java:511)
	at java.base/java.util.concurrent.ForkJoinPool$WorkQueue.topLevelExec(ForkJoinPool.java:1450)
	at java.base/java.util.concurrent.ForkJoinPool.runWorker(ForkJoinPool.java:2019)
	at java.base/java.util.concurrent.ForkJoinWorkerThread.run(ForkJoinWorkerThread.java:187)
[ForkJoinPool.commonPool-worker-10] WARN org.reflections.Reflections - could not create Dir using com.thoughtworks.gauge.scan.ClasspathScanner$1@bd6a547 from url file:/C:/Users/a.basaleh/.jdks/openjdk-26.0.1!/jdk.zipfs. skipping.
java.lang.NullPointerException: Cannot invoke "java.io.File.isDirectory()" because "file" is null
	at com.thoughtworks.gauge.scan.ClasspathScanner$1.createDir(ClasspathScanner.java:48)
	at org.reflections.vfs.Vfs.fromURL(Vfs.java:103)
	at org.reflections.vfs.Vfs.fromURL(Vfs.java:95)
	at org.reflections.Reflections.lambda$scan$2(Reflections.java:176)
	at java.base/java.util.stream.ForEachOps$ForEachOp$OfRef.accept(ForEachOps.java:186)
	at java.base/java.util.HashMap$KeySpliterator.forEachRemaining(HashMap.java:1716)
	at java.base/java.util.stream.AbstractPipeline.copyInto(AbstractPipeline.java:570)
	at java.base/java.util.stream.ForEachOps$ForEachTask.compute(ForEachOps.java:293)
	at java.base/java.util.concurrent.CountedCompleter.exec(CountedCompleter.java:759)
	at java.base/java.util.concurrent.ForkJoinTask.doExec(ForkJoinTask.java:511)
	at java.base/java.util.concurrent.ForkJoinPool$WorkQueue.topLevelExec(ForkJoinPool.java:1450)
	at java.base/java.util.concurrent.ForkJoinPool.runWorker(ForkJoinPool.java:2019)
	at java.base/java.util.concurrent.ForkJoinWorkerThread.run(ForkJoinWorkerThread.java:187)
[ForkJoinPool.commonPool-worker-11] WARN org.reflections.Reflections - could not create Dir using com.thoughtworks.gauge.scan.ClasspathScanner$1@bd6a547 from url file:/C:/Users/a.basaleh/.jdks/openjdk-26.0.1!/jdk.jdeps. skipping.
java.lang.NullPointerException: Cannot invoke "java.io.File.isDirectory()" because "file" is null
	at com.thoughtworks.gauge.scan.ClasspathScanner$1.createDir(ClasspathScanner.java:48)
	at org.reflections.vfs.Vfs.fromURL(Vfs.java:103)
	at org.reflections.vfs.Vfs.fromURL(Vfs.java:95)
	at org.reflections.Reflections.lambda$scan$2(Reflections.java:176)
	at java.base/java.util.stream.ForEachOps$ForEachOp$OfRef.accept(ForEachOps.java:186)
	at java.base/java.util.HashMap$KeySpliterator.forEachRemaining(HashMap.java:1716)
	at java.base/java.util.stream.AbstractPipeline.copyInto(AbstractPipeline.java:570)
	at java.base/java.util.stream.ForEachOps$ForEachTask.compute(ForEachOps.java:293)
	at java.base/java.util.concurrent.CountedCompleter.exec(CountedCompleter.java:759)
	at java.base/java.util.concurrent.ForkJoinTask.doExec(ForkJoinTask.java:511)
	at java.base/java.util.concurrent.ForkJoinPool$WorkQueue.topLevelExec(ForkJoinPool.java:1450)
	at java.base/java.util.concurrent.ForkJoinPool.runWorker(ForkJoinPool.java:2019)
	at java.base/java.util.concurrent.ForkJoinWorkerThread.run(ForkJoinWorkerThread.java:187)
[ForkJoinPool.commonPool-worker-8] WARN org.reflections.Reflections - could not create Vfs.Dir from url. ignoring the exception and continuing
org.reflections.ReflectionsException: could not create Vfs.Dir from url, no matching UrlType was found [file:/C:/Users/a.basaleh/.jdks/openjdk-26.0.1!/jdk.graal.compiler]
either use fromURL(final URL url, final List<UrlType> urlTypes) or use the static setDefaultURLTypes(final List<UrlType> urlTypes) or addDefaultURLTypes(UrlType urlType) with your specialized UrlType.
	at org.reflections.vfs.Vfs.fromURL(Vfs.java:113)
	at org.reflections.vfs.Vfs.fromURL(Vfs.java:95)
	at org.reflections.Reflections.lambda$scan$2(Reflections.java:176)
	at java.base/java.util.stream.ForEachOps$ForEachOp$OfRef.accept(ForEachOps.java:186)
	at java.base/java.util.HashMap$KeySpliterator.forEachRemaining(HashMap.java:1716)
	at java.base/java.util.stream.AbstractPipeline.copyInto(AbstractPipeline.java:570)
	at java.base/java.util.stream.ForEachOps$ForEachTask.compute(ForEachOps.java:293)
	at java.base/java.util.concurrent.CountedCompleter.exec(CountedCompleter.java:759)
	at java.base/java.util.concurrent.ForkJoinTask.doExec(ForkJoinTask.java:511)
	at java.base/java.util.concurrent.ForkJoinPool$WorkQueue.topLevelExec(ForkJoinPool.java:1450)
	at java.base/java.util.concurrent.ForkJoinPool.runWorker(ForkJoinPool.java:2019)
	at java.base/java.util.concurrent.ForkJoinWorkerThread.run(ForkJoinWorkerThread.java:187)
[pool-2-thread-1] WARN org.reflections.Reflections - could not create Vfs.Dir from url. ignoring the exception and continuing
org.reflections.ReflectionsException: could not create Vfs.Dir from url, no matching UrlType was found [file:/C:/Users/a.basaleh/.jdks/openjdk-26.0.1!/java.sql.rowset]
either use fromURL(final URL url, final List<UrlType> urlTypes) or use the static setDefaultURLTypes(final List<UrlType> urlTypes) or addDefaultURLTypes(UrlType urlType) with your specialized UrlType.
	at org.reflections.vfs.Vfs.fromURL(Vfs.java:113)
	at org.reflections.vfs.Vfs.fromURL(Vfs.java:95)
	at org.reflections.Reflections.lambda$scan$2(Reflections.java:176)
	at java.base/java.util.stream.ForEachOps$ForEachOp$OfRef.accept(ForEachOps.java:186)
	at java.base/java.util.HashMap$KeySpliterator.forEachRemaining(HashMap.java:1716)
	at java.base/java.util.stream.AbstractPipeline.copyInto(AbstractPipeline.java:570)
	at java.base/java.util.stream.ForEachOps$ForEachTask.compute(ForEachOps.java:293)
	at java.base/java.util.concurrent.CountedCompleter.exec(CountedCompleter.java:759)
	at java.base/java.util.concurrent.ForkJoinTask.doExec(ForkJoinTask.java:511)
	at java.base/java.util.concurrent.ForkJoinTask.invoke(ForkJoinTask.java:683)
	at java.base/java.util.stream.ForEachOps$ForEachOp.evaluateParallel(ForEachOps.java:162)
	at java.base/java.util.stream.ForEachOps$ForEachOp$OfRef.evaluateParallel(ForEachOps.java:176)
	at java.base/java.util.stream.AbstractPipeline.evaluate(AbstractPipeline.java:264)
	at java.base/java.util.stream.ReferencePipeline.forEach(ReferencePipeline.java:632)
	at java.base/java.util.stream.ReferencePipeline$Head.forEach(ReferencePipeline.java:806)
	at org.reflections.Reflections.scan(Reflections.java:173)
	at org.reflections.Reflections.<init>(Reflections.java:126)
	at com.thoughtworks.gauge.execution.parameters.parsers.base.ParameterParsingChain.createReflections(ParameterParsingChain.java:47)
	at com.thoughtworks.gauge.execution.parameters.parsers.base.ParameterParsingChain.<init>(ParameterParsingChain.java:33)
	at com.thoughtworks.gauge.connection.MessageProcessorFactory.initializeExecutionMessageProcessors(MessageProcessorFactory.java:91)
	at com.thoughtworks.gauge.connection.MessageProcessorFactory.getProcessor(MessageProcessorFactory.java:66)
	at com.thoughtworks.gauge.RunnerServiceHandler.lambda$validateStep$17(RunnerServiceHandler.java:332)
	at java.base/java.util.concurrent.ThreadPoolExecutor.runWorker(ThreadPoolExecutor.java:1090)
	at java.base/java.util.concurrent.ThreadPoolExecutor$Worker.run(ThreadPoolExecutor.java:614)
	at java.base/java.lang.Thread.run(Thread.java:1516)
[ForkJoinPool.commonPool-worker-5] WARN org.reflections.Reflections - could not create Vfs.Dir from url. ignoring the exception and continuing
org.reflections.ReflectionsException: could not create Vfs.Dir from url, no matching UrlType was found [file:/C:/Users/a.basaleh/.jdks/openjdk-26.0.1!/jdk.accessibility]
either use fromURL(final URL url, final List<UrlType> urlTypes) or use the static setDefaultURLTypes(final List<UrlType> urlTypes) or addDefaultURLTypes(UrlType urlType) with your specialized UrlType.
	at org.reflections.vfs.Vfs.fromURL(Vfs.java:113)
	at org.reflections.vfs.Vfs.fromURL(Vfs.java:95)
	at org.reflections.Reflections.lambda$scan$2(Reflections.java:176)
	at java.base/java.util.stream.ForEachOps$ForEachOp$OfRef.accept(ForEachOps.java:186)
	at java.base/java.util.HashMap$KeySpliterator.forEachRemaining(HashMap.java:1716)
	at java.base/java.util.stream.AbstractPipeline.copyInto(AbstractPipeline.java:570)
	at java.base/java.util.stream.ForEachOps$ForEachTask.compute(ForEachOps.java:293)
	at java.base/java.util.concurrent.CountedCompleter.exec(CountedCompleter.java:759)
	at java.base/java.util.concurrent.ForkJoinTask.doExec(ForkJoinTask.java:511)
	at java.base/java.util.concurrent.ForkJoinPool$WorkQueue.topLevelExec(ForkJoinPool.java:1450)
	at java.base/java.util.concurrent.ForkJoinPool.runWorker(ForkJoinPool.java:2019)
	at java.base/java.util.concurrent.ForkJoinWorkerThread.run(ForkJoinWorkerThread.java:187)
[pool-2-thread-1] WARN org.reflections.Reflections - could not create Dir using com.thoughtworks.gauge.scan.ClasspathScanner$1@bd6a547 from url file:/C:/Users/a.basaleh/.jdks/openjdk-26.0.1!/java.sql. skipping.
java.lang.NullPointerException: Cannot invoke "java.io.File.isDirectory()" because "file" is null
	at com.thoughtworks.gauge.scan.ClasspathScanner$1.createDir(ClasspathScanner.java:48)
	at org.reflections.vfs.Vfs.fromURL(Vfs.java:103)
	at org.reflections.vfs.Vfs.fromURL(Vfs.java:95)
	at org.reflections.Reflections.lambda$scan$2(Reflections.java:176)
	at java.base/java.util.stream.ForEachOps$ForEachOp$OfRef.accept(ForEachOps.java:186)
	at java.base/java.util.HashMap$KeySpliterator.forEachRemaining(HashMap.java:1716)
	at java.base/java.util.stream.AbstractPipeline.copyInto(AbstractPipeline.java:570)
	at java.base/java.util.stream.ForEachOps$ForEachTask.compute(ForEachOps.java:293)
	at java.base/java.util.concurrent.CountedCompleter.exec(CountedCompleter.java:759)
	at java.base/java.util.concurrent.ForkJoinTask.doExec(ForkJoinTask.java:511)
	at java.base/java.util.concurrent.ForkJoinPool$WorkQueue.helpComplete(ForkJoinPool.java:1537)
	at java.base/java.util.concurrent.ForkJoinPool.helpComplete(ForkJoinPool.java:2332)
	at java.base/java.util.concurrent.ForkJoinTask.awaitDone(ForkJoinTask.java:497)
	at java.base/java.util.concurrent.ForkJoinTask.join(ForkJoinTask.java:669)
	at java.base/java.util.concurrent.ForkJoinTask.invoke(ForkJoinTask.java:684)
	at java.base/java.util.stream.ForEachOps$ForEachOp.evaluateParallel(ForEachOps.java:162)
	at java.base/java.util.stream.ForEachOps$ForEachOp$OfRef.evaluateParallel(ForEachOps.java:176)
	at java.base/java.util.stream.AbstractPipeline.evaluate(AbstractPipeline.java:264)
	at java.base/java.util.stream.ReferencePipeline.forEach(ReferencePipeline.java:632)
	at java.base/java.util.stream.ReferencePipeline$Head.forEach(ReferencePipeline.java:806)
	at org.reflections.Reflections.scan(Reflections.java:173)
	at org.reflections.Reflections.<init>(Reflections.java:126)
	at com.thoughtworks.gauge.execution.parameters.parsers.base.ParameterParsingChain.createReflections(ParameterParsingChain.java:47)
	at com.thoughtworks.gauge.execution.parameters.parsers.base.ParameterParsingChain.<init>(ParameterParsingChain.java:33)
	at com.thoughtworks.gauge.connection.MessageProcessorFactory.initializeExecutionMessageProcessors(MessageProcessorFactory.java:91)
	at com.thoughtworks.gauge.connection.MessageProcessorFactory.getProcessor(MessageProcessorFactory.java:66)
	at com.thoughtworks.gauge.RunnerServiceHandler.lambda$validateStep$17(RunnerServiceHandler.java:332)
	at java.base/java.util.concurrent.ThreadPoolExecutor.runWorker(ThreadPoolExecutor.java:1090)
	at java.base/java.util.concurrent.ThreadPoolExecutor$Worker.run(ThreadPoolExecutor.java:614)
	at java.base/java.lang.Thread.run(Thread.java:1516)
[pool-2-thread-1] WARN org.reflections.Reflections - could not create Vfs.Dir from url. ignoring the exception and continuing
org.reflections.ReflectionsException: could not create Vfs.Dir from url, no matching UrlType was found [file:/C:/Users/a.basaleh/.jdks/openjdk-26.0.1!/java.sql]
either use fromURL(final URL url, final List<UrlType> urlTypes) or use the static setDefaultURLTypes(final List<UrlType> urlTypes) or addDefaultURLTypes(UrlType urlType) with your specialized UrlType.
	at org.reflections.vfs.Vfs.fromURL(Vfs.java:113)
	at org.reflections.vfs.Vfs.fromURL(Vfs.java:95)
	at org.reflections.Reflections.lambda$scan$2(Reflections.java:176)
	at java.base/java.util.stream.ForEachOps$ForEachOp$OfRef.accept(ForEachOps.java:186)
	at java.base/java.util.HashMap$KeySpliterator.forEachRemaining(HashMap.java:1716)
	at java.base/java.util.stream.AbstractPipeline.copyInto(AbstractPipeline.java:570)
	at java.base/java.util.stream.ForEachOps$ForEachTask.compute(ForEachOps.java:293)
	at java.base/java.util.concurrent.CountedCompleter.exec(CountedCompleter.java:759)
	at java.base/java.util.concurrent.ForkJoinTask.doExec(ForkJoinTask.java:511)
	at java.base/java.util.concurrent.ForkJoinPool$WorkQueue.helpComplete(ForkJoinPool.java:1537)
	at java.base/java.util.concurrent.ForkJoinPool.helpComplete(ForkJoinPool.java:2332)
	at java.base/java.util.concurrent.ForkJoinTask.awaitDone(ForkJoinTask.java:497)
	at java.base/java.util.concurrent.ForkJoinTask.join(ForkJoinTask.java:669)
	at java.base/java.util.concurrent.ForkJoinTask.invoke(ForkJoinTask.java:684)
	at java.base/java.util.stream.ForEachOps$ForEachOp.evaluateParallel(ForEachOps.java:162)
	at java.base/java.util.stream.ForEachOps$ForEachOp$OfRef.evaluateParallel(ForEachOps.java:176)
	at java.base/java.util.stream.AbstractPipeline.evaluate(AbstractPipeline.java:264)
	at java.base/java.util.stream.ReferencePipeline.forEach(ReferencePipeline.java:632)
	at java.base/java.util.stream.ReferencePipeline$Head.forEach(ReferencePipeline.java:806)
	at org.reflections.Reflections.scan(Reflections.java:173)
	at org.reflections.Reflections.<init>(Reflections.java:126)
	at com.thoughtworks.gauge.execution.parameters.parsers.base.ParameterParsingChain.createReflections(ParameterParsingChain.java:47)
	at com.thoughtworks.gauge.execution.parameters.parsers.base.ParameterParsingChain.<init>(ParameterParsingChain.java:33)
	at com.thoughtworks.gauge.connection.MessageProcessorFactory.initializeExecutionMessageProcessors(MessageProcessorFactory.java:91)
	at com.thoughtworks.gauge.connection.MessageProcessorFactory.getProcessor(MessageProcessorFactory.java:66)
	at com.thoughtworks.gauge.RunnerServiceHandler.lambda$validateStep$17(RunnerServiceHandler.java:332)
	at java.base/java.util.concurrent.ThreadPoolExecutor.runWorker(ThreadPoolExecutor.java:1090)
	at java.base/java.util.concurrent.ThreadPoolExecutor$Worker.run(ThreadPoolExecutor.java:614)
	at java.base/java.lang.Thread.run(Thread.java:1516)
[pool-2-thread-1] WARN org.reflections.Reflections - could not create Dir using com.thoughtworks.gauge.scan.ClasspathScanner$1@bd6a547 from url file:/C:/Users/a.basaleh/.jdks/openjdk-26.0.1!/jdk.jartool. skipping.
java.lang.NullPointerException: Cannot invoke "java.io.File.isDirectory()" because "file" is null
	at com.thoughtworks.gauge.scan.ClasspathScanner$1.createDir(ClasspathScanner.java:48)
	at org.reflections.vfs.Vfs.fromURL(Vfs.java:103)
	at org.reflections.vfs.Vfs.fromURL(Vfs.java:95)
	at org.reflections.Reflections.lambda$scan$2(Reflections.java:176)
	at java.base/java.util.stream.ForEachOps$ForEachOp$OfRef.accept(ForEachOps.java:186)
	at java.base/java.util.HashMap$KeySpliterator.forEachRemaining(HashMap.java:1716)
	at java.base/java.util.stream.AbstractPipeline.copyInto(AbstractPipeline.java:570)
	at java.base/java.util.stream.ForEachOps$ForEachTask.compute(ForEachOps.java:293)
	at java.base/java.util.concurrent.CountedCompleter.exec(CountedCompleter.java:759)
	at java.base/java.util.concurrent.ForkJoinTask.doExec(ForkJoinTask.java:511)
	at java.base/java.util.concurrent.ForkJoinPool$WorkQueue.helpComplete(ForkJoinPool.java:1537)
	at java.base/java.util.concurrent.ForkJoinPool.helpComplete(ForkJoinPool.java:2332)
	at java.base/java.util.concurrent.ForkJoinTask.awaitDone(ForkJoinTask.java:497)
	at java.base/java.util.concurrent.ForkJoinTask.join(ForkJoinTask.java:669)
	at java.base/java.util.concurrent.ForkJoinTask.invoke(ForkJoinTask.java:684)
	at java.base/java.util.stream.ForEachOps$ForEachOp.evaluateParallel(ForEachOps.java:162)
	at java.base/java.util.stream.ForEachOps$ForEachOp$OfRef.evaluateParallel(ForEachOps.java:176)
	at java.base/java.util.stream.AbstractPipeline.evaluate(AbstractPipeline.java:264)
	at java.base/java.util.stream.ReferencePipeline.forEach(ReferencePipeline.java:632)
	at java.base/java.util.stream.ReferencePipeline$Head.forEach(ReferencePipeline.java:806)
	at org.reflections.Reflections.scan(Reflections.java:173)
	at org.reflections.Reflections.<init>(Reflections.java:126)
	at com.thoughtworks.gauge.execution.parameters.parsers.base.ParameterParsingChain.createReflections(ParameterParsingChain.java:47)
	at com.thoughtworks.gauge.execution.parameters.parsers.base.ParameterParsingChain.<init>(ParameterParsingChain.java:33)
	at com.thoughtworks.gauge.connection.MessageProcessorFactory.initializeExecutionMessageProcessors(MessageProcessorFactory.java:91)
	at com.thoughtworks.gauge.connection.MessageProcessorFactory.getProcessor(MessageProcessorFactory.java:66)
	at com.thoughtworks.gauge.RunnerServiceHandler.lambda$validateStep$17(RunnerServiceHandler.java:332)
	at java.base/java.util.concurrent.ThreadPoolExecutor.runWorker(ThreadPoolExecutor.java:1090)
	at java.base/java.util.concurrent.ThreadPoolExecutor$Worker.run(ThreadPoolExecutor.java:614)
	at java.base/java.lang.Thread.run(Thread.java:1516)
[ForkJoinPool.commonPool-worker-3] WARN org.reflections.Reflections - could not create Vfs.Dir from url. ignoring the exception and continuing
org.reflections.ReflectionsException: could not create Vfs.Dir from url, no matching UrlType was found [file:/C:/Users/a.basaleh/.jdks/openjdk-26.0.1!/jdk.internal.md]
either use fromURL(final URL url, final List<UrlType> urlTypes) or use the static setDefaultURLTypes(final List<UrlType> urlTypes) or addDefaultURLTypes(UrlType urlType) with your specialized UrlType.
	at org.reflections.vfs.Vfs.fromURL(Vfs.java:113)
	at org.reflections.vfs.Vfs.fromURL(Vfs.java:95)
	at org.reflections.Reflections.lambda$scan$2(Reflections.java:176)
	at java.base/java.util.stream.ForEachOps$ForEachOp$OfRef.accept(ForEachOps.java:186)
	at java.base/java.util.HashMap$KeySpliterator.forEachRemaining(HashMap.java:1716)
	at java.base/java.util.stream.AbstractPipeline.copyInto(AbstractPipeline.java:570)
	at java.base/java.util.stream.ForEachOps$ForEachTask.compute(ForEachOps.java:293)
	at java.base/java.util.concurrent.CountedCompleter.exec(CountedCompleter.java:759)
	at java.base/java.util.concurrent.ForkJoinTask.doExec(ForkJoinTask.java:511)
	at java.base/java.util.concurrent.ForkJoinPool$WorkQueue.topLevelExec(ForkJoinPool.java:1450)
	at java.base/java.util.concurrent.ForkJoinPool.runWorker(ForkJoinPool.java:2019)
	at java.base/java.util.concurrent.ForkJoinWorkerThread.run(ForkJoinWorkerThread.java:187)
[pool-2-thread-1] WARN org.reflections.Reflections - could not create Vfs.Dir from url. ignoring the exception and continuing
org.reflections.ReflectionsException: Could not open url connection
	at org.reflections.vfs.JarInputDir$1.<init>(JarInputDir.java:31)
	at org.reflections.vfs.JarInputDir.lambda$getFiles$0(JarInputDir.java:28)
	at org.reflections.Reflections.lambda$scan$2(Reflections.java:177)
	at java.base/java.util.stream.ForEachOps$ForEachOp$OfRef.accept(ForEachOps.java:186)
	at java.base/java.util.HashMap$KeySpliterator.forEachRemaining(HashMap.java:1716)
	at java.base/java.util.stream.AbstractPipeline.copyInto(AbstractPipeline.java:570)
	at java.base/java.util.stream.ForEachOps$ForEachTask.compute(ForEachOps.java:293)
	at java.base/java.util.concurrent.CountedCompleter.exec(CountedCompleter.java:759)
	at java.base/java.util.concurrent.ForkJoinTask.doExec(ForkJoinTask.java:511)
	at java.base/java.util.concurrent.ForkJoinPool$WorkQueue.helpComplete(ForkJoinPool.java:1537)
	at java.base/java.util.concurrent.ForkJoinPool.helpComplete(ForkJoinPool.java:2332)
	at java.base/java.util.concurrent.ForkJoinTask.awaitDone(ForkJoinTask.java:497)
	at java.base/java.util.concurrent.ForkJoinTask.join(ForkJoinTask.java:669)
	at java.base/java.util.concurrent.ForkJoinTask.invoke(ForkJoinTask.java:684)
	at java.base/java.util.stream.ForEachOps$ForEachOp.evaluateParallel(ForEachOps.java:162)
	at java.base/java.util.stream.ForEachOps$ForEachOp$OfRef.evaluateParallel(ForEachOps.java:176)
	at java.base/java.util.stream.AbstractPipeline.evaluate(AbstractPipeline.java:264)
	at java.base/java.util.stream.ReferencePipeline.forEach(ReferencePipeline.java:632)
	at java.base/java.util.stream.ReferencePipeline$Head.forEach(ReferencePipeline.java:806)
	at org.reflections.Reflections.scan(Reflections.java:173)
	at org.reflections.Reflections.<init>(Reflections.java:126)
	at com.thoughtworks.gauge.execution.parameters.parsers.base.ParameterParsingChain.createReflections(ParameterParsingChain.java:47)
	at com.thoughtworks.gauge.execution.parameters.parsers.base.ParameterParsingChain.<init>(ParameterParsingChain.java:33)
	at com.thoughtworks.gauge.connection.MessageProcessorFactory.initializeExecutionMessageProcessors(MessageProcessorFactory.java:91)
	at com.thoughtworks.gauge.connection.MessageProcessorFactory.getProcessor(MessageProcessorFactory.java:66)
	at com.thoughtworks.gauge.RunnerServiceHandler.lambda$validateStep$17(RunnerServiceHandler.java:332)
	at java.base/java.util.concurrent.ThreadPoolExecutor.runWorker(ThreadPoolExecutor.java:1090)
	at java.base/java.util.concurrent.ThreadPoolExecutor$Worker.run(ThreadPoolExecutor.java:614)
	at java.base/java.lang.Thread.run(Thread.java:1516)
Caused by: java.io.FileNotFoundException: C:\Users\a.basaleh\.jdks\openjdk-26.0.1!\jdk.jartool (Sistem belirtilen yolu bulamýyor)
	at java.base/java.io.FileInputStream.open0(Native Method)
	at java.base/java.io.FileInputStream.open(FileInputStream.java:185)
	at java.base/java.io.FileInputStream.<init>(FileInputStream.java:139)
	at java.base/java.io.FileInputStream.<init>(FileInputStream.java:109)
	at java.base/sun.net.www.protocol.file.FileURLConnection.connect(FileURLConnection.java:126)
	at java.base/sun.net.www.protocol.file.FileURLConnection.getInputStream(FileURLConnection.java:231)
	at org.reflections.vfs.JarInputDir$1.<init>(JarInputDir.java:30)
	... 28 more
[pool-2-thread-1] WARN org.reflections.Reflections - could not create Dir using com.thoughtworks.gauge.scan.ClasspathScanner$1@bd6a547 from url file:/C:/Users/a.basaleh/.jdks/openjdk-26.0.1!/jdk.unsupported.desktop. skipping.
java.lang.NullPointerException: Cannot invoke "java.io.File.isDirectory()" because "file" is null
	at com.thoughtworks.gauge.scan.ClasspathScanner$1.createDir(ClasspathScanner.java:48)
	at org.reflections.vfs.Vfs.fromURL(Vfs.java:103)
	at org.reflections.vfs.Vfs.fromURL(Vfs.java:95)
	at org.reflections.Reflections.lambda$scan$2(Reflections.java:176)
	at java.base/java.util.stream.ForEachOps$ForEachOp$OfRef.accept(ForEachOps.java:186)
	at java.base/java.util.HashMap$KeySpliterator.forEachRemaining(HashMap.java:1716)
	at java.base/java.util.stream.AbstractPipeline.copyInto(AbstractPipeline.java:570)
	at java.base/java.util.stream.ForEachOps$ForEachTask.compute(ForEachOps.java:293)
	at java.base/java.util.concurrent.CountedCompleter.exec(CountedCompleter.java:759)
	at java.base/java.util.concurrent.ForkJoinTask.doExec(ForkJoinTask.java:511)
	at java.base/java.util.concurrent.ForkJoinPool$WorkQueue.helpComplete(ForkJoinPool.java:1537)
	at java.base/java.util.concurrent.ForkJoinPool.helpComplete(ForkJoinPool.java:2332)
	at java.base/java.util.concurrent.ForkJoinTask.awaitDone(ForkJoinTask.java:497)
	at java.base/java.util.concurrent.ForkJoinTask.join(ForkJoinTask.java:669)
	at java.base/java.util.concurrent.ForkJoinTask.invoke(ForkJoinTask.java:684)
	at java.base/java.util.stream.ForEachOps$ForEachOp.evaluateParallel(ForEachOps.java:162)
	at java.base/java.util.stream.ForEachOps$ForEachOp$OfRef.evaluateParallel(ForEachOps.java:176)
	at java.base/java.util.stream.AbstractPipeline.evaluate(AbstractPipeline.java:264)
	at java.base/java.util.stream.ReferencePipeline.forEach(ReferencePipeline.java:632)
	at java.base/java.util.stream.ReferencePipeline$Head.forEach(ReferencePipeline.java:806)
	at org.reflections.Reflections.scan(Reflections.java:173)
	at org.reflections.Reflections.<init>(Reflections.java:126)
	at com.thoughtworks.gauge.execution.parameters.parsers.base.ParameterParsingChain.createReflections(ParameterParsingChain.java:47)
	at com.thoughtworks.gauge.execution.parameters.parsers.base.ParameterParsingChain.<init>(ParameterParsingChain.java:33)
	at com.thoughtworks.gauge.connection.MessageProcessorFactory.initializeExecutionMessageProcessors(MessageProcessorFactory.java:91)
	at com.thoughtworks.gauge.connection.MessageProcessorFactory.getProcessor(MessageProcessorFactory.java:66)
	at com.thoughtworks.gauge.RunnerServiceHandler.lambda$validateStep$17(RunnerServiceHandler.java:332)
	at java.base/java.util.concurrent.ThreadPoolExecutor.runWorker(ThreadPoolExecutor.java:1090)
	at java.base/java.util.concurrent.ThreadPoolExecutor$Worker.run(ThreadPoolExecutor.java:614)
	at java.base/java.lang.Thread.run(Thread.java:1516)
[pool-2-thread-1] WARN org.reflections.Reflections - could not create Vfs.Dir from url. ignoring the exception and continuing
org.reflections.ReflectionsException: could not create Vfs.Dir from url, no matching UrlType was found [file:/C:/Users/a.basaleh/.jdks/openjdk-26.0.1!/jdk.unsupported.desktop]
either use fromURL(final URL url, final List<UrlType> urlTypes) or use the static setDefaultURLTypes(final List<UrlType> urlTypes) or addDefaultURLTypes(UrlType urlType) with your specialized UrlType.
	at org.reflections.vfs.Vfs.fromURL(Vfs.java:113)
	at org.reflections.vfs.Vfs.fromURL(Vfs.java:95)
	at org.reflections.Reflections.lambda$scan$2(Reflections.java:176)
	at java.base/java.util.stream.ForEachOps$ForEachOp$OfRef.accept(ForEachOps.java:186)
	at java.base/java.util.HashMap$KeySpliterator.forEachRemaining(HashMap.java:1716)
	at java.base/java.util.stream.AbstractPipeline.copyInto(AbstractPipeline.java:570)
	at java.base/java.util.stream.ForEachOps$ForEachTask.compute(ForEachOps.java:293)
	at java.base/java.util.concurrent.CountedCompleter.exec(CountedCompleter.java:759)
	at java.base/java.util.concurrent.ForkJoinTask.doExec(ForkJoinTask.java:511)
	at java.base/java.util.concurrent.ForkJoinPool$WorkQueue.helpComplete(ForkJoinPool.java:1537)
	at java.base/java.util.concurrent.ForkJoinPool.helpComplete(ForkJoinPool.java:2332)
	at java.base/java.util.concurrent.ForkJoinTask.awaitDone(ForkJoinTask.java:497)
	at java.base/java.util.concurrent.ForkJoinTask.join(ForkJoinTask.java:669)
	at java.base/java.util.concurrent.ForkJoinTask.invoke(ForkJoinTask.java:684)
	at java.base/java.util.stream.ForEachOps$ForEachOp.evaluateParallel(ForEachOps.java:162)
	at java.base/java.util.stream.ForEachOps$ForEachOp$OfRef.evaluateParallel(ForEachOps.java:176)
	at java.base/java.util.stream.AbstractPipeline.evaluate(AbstractPipeline.java:264)
	at java.base/java.util.stream.ReferencePipeline.forEach(ReferencePipeline.java:632)
	at java.base/java.util.stream.ReferencePipeline$Head.forEach(ReferencePipeline.java:806)
	at org.reflections.Reflections.scan(Reflections.java:173)
	at org.reflections.Reflections.<init>(Reflections.java:126)
	at com.thoughtworks.gauge.execution.parameters.parsers.base.ParameterParsingChain.createReflections(ParameterParsingChain.java:47)
	at com.thoughtworks.gauge.execution.parameters.parsers.base.ParameterParsingChain.<init>(ParameterParsingChain.java:33)
	at com.thoughtworks.gauge.connection.MessageProcessorFactory.initializeExecutionMessageProcessors(MessageProcessorFactory.java:91)
	at com.thoughtworks.gauge.connection.MessageProcessorFactory.getProcessor(MessageProcessorFactory.java:66)
	at com.thoughtworks.gauge.RunnerServiceHandler.lambda$validateStep$17(RunnerServiceHandler.java:332)
	at java.base/java.util.concurrent.ThreadPoolExecutor.runWorker(ThreadPoolExecutor.java:1090)
	at java.base/java.util.concurrent.ThreadPoolExecutor$Worker.run(ThreadPoolExecutor.java:614)
	at java.base/java.lang.Thread.run(Thread.java:1516)
[ForkJoinPool.commonPool-worker-2] WARN org.reflections.Reflections - could not create Vfs.Dir from url. ignoring the exception and continuing
org.reflections.ReflectionsException: could not create Vfs.Dir from url, no matching UrlType was found [file:/C:/Users/a.basaleh/.jdks/openjdk-26.0.1!/jdk.jfr]
either use fromURL(final URL url, final List<UrlType> urlTypes) or use the static setDefaultURLTypes(final List<UrlType> urlTypes) or addDefaultURLTypes(UrlType urlType) with your specialized UrlType.
	at org.reflections.vfs.Vfs.fromURL(Vfs.java:113)
	at org.reflections.vfs.Vfs.fromURL(Vfs.java:95)
	at org.reflections.Reflections.lambda$scan$2(Reflections.java:176)
	at java.base/java.util.stream.ForEachOps$ForEachOp$OfRef.accept(ForEachOps.java:186)
	at java.base/java.util.HashMap$KeySpliterator.forEachRemaining(HashMap.java:1716)
	at java.base/java.util.stream.AbstractPipeline.copyInto(AbstractPipeline.java:570)
	at java.base/java.util.stream.ForEachOps$ForEachTask.compute(ForEachOps.java:293)
	at java.base/java.util.concurrent.CountedCompleter.exec(CountedCompleter.java:759)
	at java.base/java.util.concurrent.ForkJoinTask.doExec(ForkJoinTask.java:511)
	at java.base/java.util.concurrent.ForkJoinPool$WorkQueue.topLevelExec(ForkJoinPool.java:1450)
	at java.base/java.util.concurrent.ForkJoinPool.runWorker(ForkJoinPool.java:2019)
	at java.base/java.util.concurrent.ForkJoinWorkerThread.run(ForkJoinWorkerThread.java:187)
[ForkJoinPool.commonPool-worker-4] WARN org.reflections.Reflections - could not create Dir using com.thoughtworks.gauge.scan.ClasspathScanner$1@bd6a547 from url file:/C:/Users/a.basaleh/.jdks/openjdk-26.0.1!/jdk.attach. skipping.
java.lang.NullPointerException: Cannot invoke "java.io.File.isDirectory()" because "file" is null
	at com.thoughtworks.gauge.scan.ClasspathScanner$1.createDir(ClasspathScanner.java:48)
	at org.reflections.vfs.Vfs.fromURL(Vfs.java:103)
	at org.reflections.vfs.Vfs.fromURL(Vfs.java:95)
	at org.reflections.Reflections.lambda$scan$2(Reflections.java:176)
	at java.base/java.util.stream.ForEachOps$ForEachOp$OfRef.accept(ForEachOps.java:186)
	at java.base/java.util.HashMap$KeySpliterator.forEachRemaining(HashMap.java:1716)
	at java.base/java.util.stream.AbstractPipeline.copyInto(AbstractPipeline.java:570)
	at java.base/java.util.stream.ForEachOps$ForEachTask.compute(ForEachOps.java:293)
	at java.base/java.util.concurrent.CountedCompleter.exec(CountedCompleter.java:759)
	at java.base/java.util.concurrent.ForkJoinTask.doExec(ForkJoinTask.java:511)
	at java.base/java.util.concurrent.ForkJoinPool$WorkQueue.topLevelExec(ForkJoinPool.java:1450)
	at java.base/java.util.concurrent.ForkJoinPool.runWorker(ForkJoinPool.java:2019)
	at java.base/java.util.concurrent.ForkJoinWorkerThread.run(ForkJoinWorkerThread.java:187)
[ForkJoinPool.commonPool-worker-2] WARN org.reflections.Reflections - could not create Dir using com.thoughtworks.gauge.scan.ClasspathScanner$1@bd6a547 from url file:/C:/Users/a.basaleh/.jdks/openjdk-26.0.1!/jdk.management. skipping.
java.lang.NullPointerException: Cannot invoke "java.io.File.isDirectory()" because "file" is null
	at com.thoughtworks.gauge.scan.ClasspathScanner$1.createDir(ClasspathScanner.java:48)
	at org.reflections.vfs.Vfs.fromURL(Vfs.java:103)
	at org.reflections.vfs.Vfs.fromURL(Vfs.java:95)
	at org.reflections.Reflections.lambda$scan$2(Reflections.java:176)
	at java.base/java.util.stream.ForEachOps$ForEachOp$OfRef.accept(ForEachOps.java:186)
	at java.base/java.util.HashMap$KeySpliterator.forEachRemaining(HashMap.java:1716)
	at java.base/java.util.stream.AbstractPipeline.copyInto(AbstractPipeline.java:570)
	at java.base/java.util.stream.ForEachOps$ForEachTask.compute(ForEachOps.java:293)
	at java.base/java.util.concurrent.CountedCompleter.exec(CountedCompleter.java:759)
	at java.base/java.util.concurrent.ForkJoinTask.doExec(ForkJoinTask.java:511)
	at java.base/java.util.concurrent.ForkJoinPool$WorkQueue.topLevelExec(ForkJoinPool.java:1450)
	at java.base/java.util.concurrent.ForkJoinPool.runWorker(ForkJoinPool.java:2019)
	at java.base/java.util.concurrent.ForkJoinWorkerThread.run(ForkJoinWorkerThread.java:187)
[ForkJoinPool.commonPool-worker-4] WARN org.reflections.Reflections - could not create Vfs.Dir from url. ignoring the exception and continuing
org.reflections.ReflectionsException: could not create Vfs.Dir from url, no matching UrlType was found [file:/C:/Users/a.basaleh/.jdks/openjdk-26.0.1!/jdk.attach]
either use fromURL(final URL url, final List<UrlType> urlTypes) or use the static setDefaultURLTypes(final List<UrlType> urlTypes) or addDefaultURLTypes(UrlType urlType) with your specialized UrlType.
	at org.reflections.vfs.Vfs.fromURL(Vfs.java:113)
	at org.reflections.vfs.Vfs.fromURL(Vfs.java:95)
	at org.reflections.Reflections.lambda$scan$2(Reflections.java:176)
	at java.base/java.util.stream.ForEachOps$ForEachOp$OfRef.accept(ForEachOps.java:186)
	at java.base/java.util.HashMap$KeySpliterator.forEachRemaining(HashMap.java:1716)
	at java.base/java.util.stream.AbstractPipeline.copyInto(AbstractPipeline.java:570)
	at java.base/java.util.stream.ForEachOps$ForEachTask.compute(ForEachOps.java:293)
	at java.base/java.util.concurrent.CountedCompleter.exec(CountedCompleter.java:759)
	at java.base/java.util.concurrent.ForkJoinTask.doExec(ForkJoinTask.java:511)
	at java.base/java.util.concurrent.ForkJoinPool$WorkQueue.topLevelExec(ForkJoinPool.java:1450)
	at java.base/java.util.concurrent.ForkJoinPool.runWorker(ForkJoinPool.java:2019)
	at java.base/java.util.concurrent.ForkJoinWorkerThread.run(ForkJoinWorkerThread.java:187)
[ForkJoinPool.commonPool-worker-4] WARN org.reflections.Reflections - could not create Dir using com.thoughtworks.gauge.scan.ClasspathScanner$1@bd6a547 from url file:/C:/Users/a.basaleh/.jdks/openjdk-26.0.1!/jdk.charsets. skipping.
java.lang.NullPointerException: Cannot invoke "java.io.File.isDirectory()" because "file" is null
	at com.thoughtworks.gauge.scan.ClasspathScanner$1.createDir(ClasspathScanner.java:48)
	at org.reflections.vfs.Vfs.fromURL(Vfs.java:103)
	at org.reflections.vfs.Vfs.fromURL(Vfs.java:95)
	at org.reflections.Reflections.lambda$scan$2(Reflections.java:176)
	at java.base/java.util.stream.ForEachOps$ForEachOp$OfRef.accept(ForEachOps.java:186)
	at java.base/java.util.HashMap$KeySpliterator.forEachRemaining(HashMap.java:1716)
	at java.base/java.util.stream.AbstractPipeline.copyInto(AbstractPipeline.java:570)
	at java.base/java.util.stream.ForEachOps$ForEachTask.compute(ForEachOps.java:293)
	at java.base/java.util.concurrent.CountedCompleter.exec(CountedCompleter.java:759)
	at java.base/java.util.concurrent.ForkJoinTask.doExec(ForkJoinTask.java:511)
	at java.base/java.util.concurrent.ForkJoinPool$WorkQueue.topLevelExec(ForkJoinPool.java:1450)
	at java.base/java.util.concurrent.ForkJoinPool.runWorker(ForkJoinPool.java:2019)
	at java.base/java.util.concurrent.ForkJoinWorkerThread.run(ForkJoinWorkerThread.java:187)
[ForkJoinPool.commonPool-worker-4] WARN org.reflections.Reflections - could not create Vfs.Dir from url. ignoring the exception and continuing
org.reflections.ReflectionsException: could not create Vfs.Dir from url, no matching UrlType was found [file:/C:/Users/a.basaleh/.jdks/openjdk-26.0.1!/jdk.charsets]
either use fromURL(final URL url, final List<UrlType> urlTypes) or use the static setDefaultURLTypes(final List<UrlType> urlTypes) or addDefaultURLTypes(UrlType urlType) with your specialized UrlType.
	at org.reflections.vfs.Vfs.fromURL(Vfs.java:113)
	at org.reflections.vfs.Vfs.fromURL(Vfs.java:95)
	at org.reflections.Reflections.lambda$scan$2(Reflections.java:176)
	at java.base/java.util.stream.ForEachOps$ForEachOp$OfRef.accept(ForEachOps.java:186)
	at java.base/java.util.HashMap$KeySpliterator.forEachRemaining(HashMap.java:1716)
	at java.base/java.util.stream.AbstractPipeline.copyInto(AbstractPipeline.java:570)
	at java.base/java.util.stream.ForEachOps$ForEachTask.compute(ForEachOps.java:293)
	at java.base/java.util.concurrent.CountedCompleter.exec(CountedCompleter.java:759)
	at java.base/java.util.concurrent.ForkJoinTask.doExec(ForkJoinTask.java:511)
	at java.base/java.util.concurrent.ForkJoinPool$WorkQueue.topLevelExec(ForkJoinPool.java:1450)
	at java.base/java.util.concurrent.ForkJoinPool.runWorker(ForkJoinPool.java:2019)
	at java.base/java.util.concurrent.ForkJoinWorkerThread.run(ForkJoinWorkerThread.java:187)
[ForkJoinPool.commonPool-worker-10] WARN org.reflections.Reflections - could not create Vfs.Dir from url. ignoring the exception and continuing
org.reflections.ReflectionsException: could not create Vfs.Dir from url, no matching UrlType was found [file:/C:/Users/a.basaleh/.jdks/openjdk-26.0.1!/jdk.zipfs]
either use fromURL(final URL url, final List<UrlType> urlTypes) or use the static setDefaultURLTypes(final List<UrlType> urlTypes) or addDefaultURLTypes(UrlType urlType) with your specialized UrlType.
	at org.reflections.vfs.Vfs.fromURL(Vfs.java:113)
	at org.reflections.vfs.Vfs.fromURL(Vfs.java:95)
	at org.reflections.Reflections.lambda$scan$2(Reflections.java:176)
	at java.base/java.util.stream.ForEachOps$ForEachOp$OfRef.accept(ForEachOps.java:186)
	at java.base/java.util.HashMap$KeySpliterator.forEachRemaining(HashMap.java:1716)
	at java.base/java.util.stream.AbstractPipeline.copyInto(AbstractPipeline.java:570)
	at java.base/java.util.stream.ForEachOps$ForEachTask.compute(ForEachOps.java:293)
	at java.base/java.util.concurrent.CountedCompleter.exec(CountedCompleter.java:759)
	at java.base/java.util.concurrent.ForkJoinTask.doExec(ForkJoinTask.java:511)
	at java.base/java.util.concurrent.ForkJoinPool$WorkQueue.topLevelExec(ForkJoinPool.java:1450)
	at java.base/java.util.concurrent.ForkJoinPool.runWorker(ForkJoinPool.java:2019)
	at java.base/java.util.concurrent.ForkJoinWorkerThread.run(ForkJoinWorkerThread.java:187)
[ForkJoinPool.commonPool-worker-11] WARN org.reflections.Reflections - could not create Vfs.Dir from url. ignoring the exception and continuing
org.reflections.ReflectionsException: could not create Vfs.Dir from url, no matching UrlType was found [file:/C:/Users/a.basaleh/.jdks/openjdk-26.0.1!/jdk.jdeps]
either use fromURL(final URL url, final List<UrlType> urlTypes) or use the static setDefaultURLTypes(final List<UrlType> urlTypes) or addDefaultURLTypes(UrlType urlType) with your specialized UrlType.
	at org.reflections.vfs.Vfs.fromURL(Vfs.java:113)
	at org.reflections.vfs.Vfs.fromURL(Vfs.java:95)
	at org.reflections.Reflections.lambda$scan$2(Reflections.java:176)
	at java.base/java.util.stream.ForEachOps$ForEachOp$OfRef.accept(ForEachOps.java:186)
	at java.base/java.util.HashMap$KeySpliterator.forEachRemaining(HashMap.java:1716)
	at java.base/java.util.stream.AbstractPipeline.copyInto(AbstractPipeline.java:570)
	at java.base/java.util.stream.ForEachOps$ForEachTask.compute(ForEachOps.java:293)
	at java.base/java.util.concurrent.CountedCompleter.exec(CountedCompleter.java:759)
	at java.base/java.util.concurrent.ForkJoinTask.doExec(ForkJoinTask.java:511)
	at java.base/java.util.concurrent.ForkJoinPool$WorkQueue.topLevelExec(ForkJoinPool.java:1450)
	at java.base/java.util.concurrent.ForkJoinPool.runWorker(ForkJoinPool.java:2019)
	at java.base/java.util.concurrent.ForkJoinWorkerThread.run(ForkJoinWorkerThread.java:187)
[ForkJoinPool.commonPool-worker-1] WARN org.reflections.Reflections - could not create Dir using com.thoughtworks.gauge.scan.ClasspathScanner$1@bd6a547 from url file:/C:/Users/a.basaleh/.jdks/openjdk-26.0.1!/jdk.management.jfr. skipping.
java.lang.NullPointerException: Cannot invoke "java.io.File.isDirectory()" because "file" is null
	at com.thoughtworks.gauge.scan.ClasspathScanner$1.createDir(ClasspathScanner.java:48)
	at org.reflections.vfs.Vfs.fromURL(Vfs.java:103)
	at org.reflections.vfs.Vfs.fromURL(Vfs.java:95)
	at org.reflections.Reflections.lambda$scan$2(Reflections.java:176)
	at java.base/java.util.stream.ForEachOps$ForEachOp$OfRef.accept(ForEachOps.java:186)
	at java.base/java.util.HashMap$KeySpliterator.forEachRemaining(HashMap.java:1716)
	at java.base/java.util.stream.AbstractPipeline.copyInto(AbstractPipeline.java:570)
	at java.base/java.util.stream.ForEachOps$ForEachTask.compute(ForEachOps.java:293)
	at java.base/java.util.concurrent.CountedCompleter.exec(CountedCompleter.java:759)
	at java.base/java.util.concurrent.ForkJoinTask.doExec(ForkJoinTask.java:511)
	at java.base/java.util.concurrent.ForkJoinPool$WorkQueue.topLevelExec(ForkJoinPool.java:1450)
	at java.base/java.util.concurrent.ForkJoinPool.runWorker(ForkJoinPool.java:2019)
	at java.base/java.util.concurrent.ForkJoinWorkerThread.run(ForkJoinWorkerThread.java:187)
[ForkJoinPool.commonPool-worker-1] WARN org.reflections.Reflections - could not create Vfs.Dir from url. ignoring the exception and continuing
org.reflections.ReflectionsException: could not create Vfs.Dir from url, no matching UrlType was found [file:/C:/Users/a.basaleh/.jdks/openjdk-26.0.1!/jdk.management.jfr]
either use fromURL(final URL url, final List<UrlType> urlTypes) or use the static setDefaultURLTypes(final List<UrlType> urlTypes) or addDefaultURLTypes(UrlType urlType) with your specialized UrlType.
	at org.reflections.vfs.Vfs.fromURL(Vfs.java:113)
	at org.reflections.vfs.Vfs.fromURL(Vfs.java:95)
	at org.reflections.Reflections.lambda$scan$2(Reflections.java:176)
	at java.base/java.util.stream.ForEachOps$ForEachOp$OfRef.accept(ForEachOps.java:186)
	at java.base/java.util.HashMap$KeySpliterator.forEachRemaining(HashMap.java:1716)
	at java.base/java.util.stream.AbstractPipeline.copyInto(AbstractPipeline.java:570)
	at java.base/java.util.stream.ForEachOps$ForEachTask.compute(ForEachOps.java:293)
	at java.base/java.util.concurrent.CountedCompleter.exec(CountedCompleter.java:759)
	at java.base/java.util.concurrent.ForkJoinTask.doExec(ForkJoinTask.java:511)
	at java.base/java.util.concurrent.ForkJoinPool$WorkQueue.topLevelExec(ForkJoinPool.java:1450)
	at java.base/java.util.concurrent.ForkJoinPool.runWorker(ForkJoinPool.java:2019)
	at java.base/java.util.concurrent.ForkJoinWorkerThread.run(ForkJoinWorkerThread.java:187)
[ForkJoinPool.commonPool-worker-3] WARN org.reflections.Reflections - could not create Dir using com.thoughtworks.gauge.scan.ClasspathScanner$1@bd6a547 from url file:/C:/Users/a.basaleh/.jdks/openjdk-26.0.1!/jdk.compiler. skipping.
java.lang.NullPointerException: Cannot invoke "java.io.File.isDirectory()" because "file" is null
	at com.thoughtworks.gauge.scan.ClasspathScanner$1.createDir(ClasspathScanner.java:48)
	at org.reflections.vfs.Vfs.fromURL(Vfs.java:103)
	at org.reflections.vfs.Vfs.fromURL(Vfs.java:95)
	at org.reflections.Reflections.lambda$scan$2(Reflections.java:176)
	at java.base/java.util.stream.ForEachOps$ForEachOp$OfRef.accept(ForEachOps.java:186)
	at java.base/java.util.HashMap$KeySpliterator.forEachRemaining(HashMap.java:1716)
	at java.base/java.util.stream.AbstractPipeline.copyInto(AbstractPipeline.java:570)
	at java.base/java.util.stream.ForEachOps$ForEachTask.compute(ForEachOps.java:293)
	at java.base/java.util.concurrent.CountedCompleter.exec(CountedCompleter.java:759)
	at java.base/java.util.concurrent.ForkJoinTask.doExec(ForkJoinTask.java:511)
	at java.base/java.util.concurrent.ForkJoinPool$WorkQueue.topLevelExec(ForkJoinPool.java:1450)
	at java.base/java.util.concurrent.ForkJoinPool.runWorker(ForkJoinPool.java:2019)
	at java.base/java.util.concurrent.ForkJoinWorkerThread.run(ForkJoinWorkerThread.java:187)
[pool-2-thread-1] WARN org.reflections.Reflections - could not create Dir using com.thoughtworks.gauge.scan.ClasspathScanner$1@bd6a547 from url file:/C:/Users/a.basaleh/.jdks/openjdk-26.0.1!/java.security.jgss. skipping.
java.lang.NullPointerException: Cannot invoke "java.io.File.isDirectory()" because "file" is null
	at com.thoughtworks.gauge.scan.ClasspathScanner$1.createDir(ClasspathScanner.java:48)
	at org.reflections.vfs.Vfs.fromURL(Vfs.java:103)
	at org.reflections.vfs.Vfs.fromURL(Vfs.java:95)
	at org.reflections.Reflections.lambda$scan$2(Reflections.java:176)
	at java.base/java.util.stream.ForEachOps$ForEachOp$OfRef.accept(ForEachOps.java:186)
	at java.base/java.util.HashMap$KeySpliterator.forEachRemaining(HashMap.java:1716)
	at java.base/java.util.stream.AbstractPipeline.copyInto(AbstractPipeline.java:570)
	at java.base/java.util.stream.ForEachOps$ForEachTask.compute(ForEachOps.java:293)
	at java.base/java.util.concurrent.CountedCompleter.exec(CountedCompleter.java:759)
	at java.base/java.util.concurrent.ForkJoinTask.doExec(ForkJoinTask.java:511)
	at java.base/java.util.concurrent.ForkJoinPool$WorkQueue.helpComplete(ForkJoinPool.java:1537)
	at java.base/java.util.concurrent.ForkJoinPool.helpComplete(ForkJoinPool.java:2332)
	at java.base/java.util.concurrent.ForkJoinTask.awaitDone(ForkJoinTask.java:497)
	at java.base/java.util.concurrent.ForkJoinTask.join(ForkJoinTask.java:669)
	at java.base/java.util.concurrent.ForkJoinTask.invoke(ForkJoinTask.java:684)
	at java.base/java.util.stream.ForEachOps$ForEachOp.evaluateParallel(ForEachOps.java:162)
	at java.base/java.util.stream.ForEachOps$ForEachOp$OfRef.evaluateParallel(ForEachOps.java:176)
	at java.base/java.util.stream.AbstractPipeline.evaluate(AbstractPipeline.java:264)
	at java.base/java.util.stream.ReferencePipeline.forEach(ReferencePipeline.java:632)
	at java.base/java.util.stream.ReferencePipeline$Head.forEach(ReferencePipeline.java:806)
	at org.reflections.Reflections.scan(Reflections.java:173)
	at org.reflections.Reflections.<init>(Reflections.java:126)
	at com.thoughtworks.gauge.execution.parameters.parsers.base.ParameterParsingChain.createReflections(ParameterParsingChain.java:47)
	at com.thoughtworks.gauge.execution.parameters.parsers.base.ParameterParsingChain.<init>(ParameterParsingChain.java:33)
	at com.thoughtworks.gauge.connection.MessageProcessorFactory.initializeExecutionMessageProcessors(MessageProcessorFactory.java:91)
	at com.thoughtworks.gauge.connection.MessageProcessorFactory.getProcessor(MessageProcessorFactory.java:66)
	at com.thoughtworks.gauge.RunnerServiceHandler.lambda$validateStep$17(RunnerServiceHandler.java:332)
	at java.base/java.util.concurrent.ThreadPoolExecutor.runWorker(ThreadPoolExecutor.java:1090)
	at java.base/java.util.concurrent.ThreadPoolExecutor$Worker.run(ThreadPoolExecutor.java:614)
	at java.base/java.lang.Thread.run(Thread.java:1516)
[ForkJoinPool.commonPool-worker-8] WARN org.reflections.Reflections - could not create Dir using com.thoughtworks.gauge.scan.ClasspathScanner$1@bd6a547 from url file:/C:/Users/a.basaleh/.jdks/openjdk-26.0.1!/jdk.security.jgss. skipping.
java.lang.NullPointerException: Cannot invoke "java.io.File.isDirectory()" because "file" is null
	at com.thoughtworks.gauge.scan.ClasspathScanner$1.createDir(ClasspathScanner.java:48)
	at org.reflections.vfs.Vfs.fromURL(Vfs.java:103)
	at org.reflections.vfs.Vfs.fromURL(Vfs.java:95)
	at org.reflections.Reflections.lambda$scan$2(Reflections.java:176)
	at java.base/java.util.stream.ForEachOps$ForEachOp$OfRef.accept(ForEachOps.java:186)
	at java.base/java.util.HashMap$KeySpliterator.forEachRemaining(HashMap.java:1716)
	at java.base/java.util.stream.AbstractPipeline.copyInto(AbstractPipeline.java:570)
	at java.base/java.util.stream.ForEachOps$ForEachTask.compute(ForEachOps.java:293)
	at java.base/java.util.concurrent.CountedCompleter.exec(CountedCompleter.java:759)
	at java.base/java.util.concurrent.ForkJoinTask.doExec(ForkJoinTask.java:511)
	at java.base/java.util.concurrent.ForkJoinPool$WorkQueue.topLevelExec(ForkJoinPool.java:1450)
	at java.base/java.util.concurrent.ForkJoinPool.runWorker(ForkJoinPool.java:2019)
	at java.base/java.util.concurrent.ForkJoinWorkerThread.run(ForkJoinWorkerThread.java:187)
[ForkJoinPool.commonPool-worker-2] WARN org.reflections.Reflections - could not create Vfs.Dir from url. ignoring the exception and continuing
org.reflections.ReflectionsException: could not create Vfs.Dir from url, no matching UrlType was found [file:/C:/Users/a.basaleh/.jdks/openjdk-26.0.1!/jdk.management]
either use fromURL(final URL url, final List<UrlType> urlTypes) or use the static setDefaultURLTypes(final List<UrlType> urlTypes) or addDefaultURLTypes(UrlType urlType) with your specialized UrlType.
	at org.reflections.vfs.Vfs.fromURL(Vfs.java:113)
	at org.reflections.vfs.Vfs.fromURL(Vfs.java:95)
	at org.reflections.Reflections.lambda$scan$2(Reflections.java:176)
	at java.base/java.util.stream.ForEachOps$ForEachOp$OfRef.accept(ForEachOps.java:186)
	at java.base/java.util.HashMap$KeySpliterator.forEachRemaining(HashMap.java:1716)
	at java.base/java.util.stream.AbstractPipeline.copyInto(AbstractPipeline.java:570)
	at java.base/java.util.stream.ForEachOps$ForEachTask.compute(ForEachOps.java:293)
	at java.base/java.util.concurrent.CountedCompleter.exec(CountedCompleter.java:759)
	at java.base/java.util.concurrent.ForkJoinTask.doExec(ForkJoinTask.java:511)
	at java.base/java.util.concurrent.ForkJoinPool$WorkQueue.topLevelExec(ForkJoinPool.java:1450)
	at java.base/java.util.concurrent.ForkJoinPool.runWorker(ForkJoinPool.java:2019)
	at java.base/java.util.concurrent.ForkJoinWorkerThread.run(ForkJoinWorkerThread.java:187)
[ForkJoinPool.commonPool-worker-8] WARN org.reflections.Reflections - could not create Vfs.Dir from url. ignoring the exception and continuing
org.reflections.ReflectionsException: could not create Vfs.Dir from url, no matching UrlType was found [file:/C:/Users/a.basaleh/.jdks/openjdk-26.0.1!/jdk.security.jgss]
either use fromURL(final URL url, final List<UrlType> urlTypes) or use the static setDefaultURLTypes(final List<UrlType> urlTypes) or addDefaultURLTypes(UrlType urlType) with your specialized UrlType.
	at org.reflections.vfs.Vfs.fromURL(Vfs.java:113)
	at org.reflections.vfs.Vfs.fromURL(Vfs.java:95)
	at org.reflections.Reflections.lambda$scan$2(Reflections.java:176)
	at java.base/java.util.stream.ForEachOps$ForEachOp$OfRef.accept(ForEachOps.java:186)
	at java.base/java.util.HashMap$KeySpliterator.forEachRemaining(HashMap.java:1716)
	at java.base/java.util.stream.AbstractPipeline.copyInto(AbstractPipeline.java:570)
	at java.base/java.util.stream.ForEachOps$ForEachTask.compute(ForEachOps.java:293)
	at java.base/java.util.concurrent.CountedCompleter.exec(CountedCompleter.java:759)
	at java.base/java.util.concurrent.ForkJoinTask.doExec(ForkJoinTask.java:511)
	at java.base/java.util.concurrent.ForkJoinPool$WorkQueue.topLevelExec(ForkJoinPool.java:1450)
	at java.base/java.util.concurrent.ForkJoinPool.runWorker(ForkJoinPool.java:2019)
	at java.base/java.util.concurrent.ForkJoinWorkerThread.run(ForkJoinWorkerThread.java:187)
[ForkJoinPool.commonPool-worker-8] WARN org.reflections.Reflections - could not create Dir using com.thoughtworks.gauge.scan.ClasspathScanner$1@bd6a547 from url file:/C:/Users/a.basaleh/.jdks/openjdk-26.0.1!/jdk.naming.dns. skipping.
java.lang.NullPointerException: Cannot invoke "java.io.File.isDirectory()" because "file" is null
	at com.thoughtworks.gauge.scan.ClasspathScanner$1.createDir(ClasspathScanner.java:48)
	at org.reflections.vfs.Vfs.fromURL(Vfs.java:103)
	at org.reflections.vfs.Vfs.fromURL(Vfs.java:95)
	at org.reflections.Reflections.lambda$scan$2(Reflections.java:176)
	at java.base/java.util.stream.ForEachOps$ForEachOp$OfRef.accept(ForEachOps.java:186)
	at java.base/java.util.HashMap$KeySpliterator.forEachRemaining(HashMap.java:1716)
	at java.base/java.util.stream.AbstractPipeline.copyInto(AbstractPipeline.java:570)
	at java.base/java.util.stream.ForEachOps$ForEachTask.compute(ForEachOps.java:293)
	at java.base/java.util.concurrent.CountedCompleter.exec(CountedCompleter.java:759)
	at java.base/java.util.concurrent.ForkJoinTask.doExec(ForkJoinTask.java:511)
	at java.base/java.util.concurrent.ForkJoinPool$WorkQueue.topLevelExec(ForkJoinPool.java:1450)
	at java.base/java.util.concurrent.ForkJoinPool.runWorker(ForkJoinPool.java:2019)
	at java.base/java.util.concurrent.ForkJoinWorkerThread.run(ForkJoinWorkerThread.java:187)
[ForkJoinPool.commonPool-worker-8] WARN org.reflections.Reflections - could not create Vfs.Dir from url. ignoring the exception and continuing
org.reflections.ReflectionsException: could not create Vfs.Dir from url, no matching UrlType was found [file:/C:/Users/a.basaleh/.jdks/openjdk-26.0.1!/jdk.naming.dns]
either use fromURL(final URL url, final List<UrlType> urlTypes) or use the static setDefaultURLTypes(final List<UrlType> urlTypes) or addDefaultURLTypes(UrlType urlType) with your specialized UrlType.
	at org.reflections.vfs.Vfs.fromURL(Vfs.java:113)
	at org.reflections.vfs.Vfs.fromURL(Vfs.java:95)
	at org.reflections.Reflections.lambda$scan$2(Reflections.java:176)
	at java.base/java.util.stream.ForEachOps$ForEachOp$OfRef.accept(ForEachOps.java:186)
	at java.base/java.util.HashMap$KeySpliterator.forEachRemaining(HashMap.java:1716)
	at java.base/java.util.stream.AbstractPipeline.copyInto(AbstractPipeline.java:570)
	at java.base/java.util.stream.ForEachOps$ForEachTask.compute(ForEachOps.java:293)
	at java.base/java.util.concurrent.CountedCompleter.exec(CountedCompleter.java:759)
	at java.base/java.util.concurrent.ForkJoinTask.doExec(ForkJoinTask.java:511)
	at java.base/java.util.concurrent.ForkJoinPool$WorkQueue.topLevelExec(ForkJoinPool.java:1450)
	at java.base/java.util.concurrent.ForkJoinPool.runWorker(ForkJoinPool.java:2019)
	at java.base/java.util.concurrent.ForkJoinWorkerThread.run(ForkJoinWorkerThread.java:187)
[ForkJoinPool.commonPool-worker-8] WARN org.reflections.Reflections - could not create Dir using com.thoughtworks.gauge.scan.ClasspathScanner$1@bd6a547 from url file:/C:/Users/a.basaleh/.jdks/openjdk-26.0.1!/java.logging. skipping.
java.lang.NullPointerException: Cannot invoke "java.io.File.isDirectory()" because "file" is null
	at com.thoughtworks.gauge.scan.ClasspathScanner$1.createDir(ClasspathScanner.java:48)
	at org.reflections.vfs.Vfs.fromURL(Vfs.java:103)
	at org.reflections.vfs.Vfs.fromURL(Vfs.java:95)
	at org.reflections.Reflections.lambda$scan$2(Reflections.java:176)
	at java.base/java.util.stream.ForEachOps$ForEachOp$OfRef.accept(ForEachOps.java:186)
	at java.base/java.util.HashMap$KeySpliterator.forEachRemaining(HashMap.java:1716)
	at java.base/java.util.stream.AbstractPipeline.copyInto(AbstractPipeline.java:570)
	at java.base/java.util.stream.ForEachOps$ForEachTask.compute(ForEachOps.java:293)
	at java.base/java.util.concurrent.CountedCompleter.exec(CountedCompleter.java:759)
	at java.base/java.util.concurrent.ForkJoinTask.doExec(ForkJoinTask.java:511)
	at java.base/java.util.concurrent.ForkJoinPool$WorkQueue.topLevelExec(ForkJoinPool.java:1450)
	at java.base/java.util.concurrent.ForkJoinPool.runWorker(ForkJoinPool.java:2019)
	at java.base/java.util.concurrent.ForkJoinWorkerThread.run(ForkJoinWorkerThread.java:187)
[ForkJoinPool.commonPool-worker-3] WARN org.reflections.Reflections - could not create Vfs.Dir from url. ignoring the exception and continuing
org.reflections.ReflectionsException: could not create Vfs.Dir from url, no matching UrlType was found [file:/C:/Users/a.basaleh/.jdks/openjdk-26.0.1!/jdk.compiler]
either use fromURL(final URL url, final List<UrlType> urlTypes) or use the static setDefaultURLTypes(final List<UrlType> urlTypes) or addDefaultURLTypes(UrlType urlType) with your specialized UrlType.
	at org.reflections.vfs.Vfs.fromURL(Vfs.java:113)
	at org.reflections.vfs.Vfs.fromURL(Vfs.java:95)
	at org.reflections.Reflections.lambda$scan$2(Reflections.java:176)
	at java.base/java.util.stream.ForEachOps$ForEachOp$OfRef.accept(ForEachOps.java:186)
	at java.base/java.util.HashMap$KeySpliterator.forEachRemaining(HashMap.java:1716)
	at java.base/java.util.stream.AbstractPipeline.copyInto(AbstractPipeline.java:570)
	at java.base/java.util.stream.ForEachOps$ForEachTask.compute(ForEachOps.java:293)
	at java.base/java.util.concurrent.CountedCompleter.exec(CountedCompleter.java:759)
	at java.base/java.util.concurrent.ForkJoinTask.doExec(ForkJoinTask.java:511)
	at java.base/java.util.concurrent.ForkJoinPool$WorkQueue.topLevelExec(ForkJoinPool.java:1450)
	at java.base/java.util.concurrent.ForkJoinPool.runWorker(ForkJoinPool.java:2019)
	at java.base/java.util.concurrent.ForkJoinWorkerThread.run(ForkJoinWorkerThread.java:187)
[ForkJoinPool.commonPool-worker-1] WARN org.reflections.Reflections - could not create Dir using com.thoughtworks.gauge.scan.ClasspathScanner$1@bd6a547 from url file:/C:/Users/a.basaleh/.jdks/openjdk-26.0.1!/java.xml.crypto. skipping.
java.lang.NullPointerException: Cannot invoke "java.io.File.isDirectory()" because "file" is null
	at com.thoughtworks.gauge.scan.ClasspathScanner$1.createDir(ClasspathScanner.java:48)
	at org.reflections.vfs.Vfs.fromURL(Vfs.java:103)
	at org.reflections.vfs.Vfs.fromURL(Vfs.java:95)
	at org.reflections.Reflections.lambda$scan$2(Reflections.java:176)
	at java.base/java.util.stream.ForEachOps$ForEachOp$OfRef.accept(ForEachOps.java:186)
	at java.base/java.util.HashMap$KeySpliterator.forEachRemaining(HashMap.java:1716)
	at java.base/java.util.stream.AbstractPipeline.copyInto(AbstractPipeline.java:570)
	at java.base/java.util.stream.ForEachOps$ForEachTask.compute(ForEachOps.java:293)
	at java.base/java.util.concurrent.CountedCompleter.exec(CountedCompleter.java:759)
	at java.base/java.util.concurrent.ForkJoinTask.doExec(ForkJoinTask.java:511)
	at java.base/java.util.concurrent.ForkJoinPool$WorkQueue.topLevelExec(ForkJoinPool.java:1450)
	at java.base/java.util.concurrent.ForkJoinPool.runWorker(ForkJoinPool.java:2019)
	at java.base/java.util.concurrent.ForkJoinWorkerThread.run(ForkJoinWorkerThread.java:187)
[pool-2-thread-1] WARN org.reflections.Reflections - could not create Vfs.Dir from url. ignoring the exception and continuing
org.reflections.ReflectionsException: could not create Vfs.Dir from url, no matching UrlType was found [file:/C:/Users/a.basaleh/.jdks/openjdk-26.0.1!/java.security.jgss]
either use fromURL(final URL url, final List<UrlType> urlTypes) or use the static setDefaultURLTypes(final List<UrlType> urlTypes) or addDefaultURLTypes(UrlType urlType) with your specialized UrlType.
	at org.reflections.vfs.Vfs.fromURL(Vfs.java:113)
	at org.reflections.vfs.Vfs.fromURL(Vfs.java:95)
	at org.reflections.Reflections.lambda$scan$2(Reflections.java:176)
	at java.base/java.util.stream.ForEachOps$ForEachOp$OfRef.accept(ForEachOps.java:186)
	at java.base/java.util.HashMap$KeySpliterator.forEachRemaining(HashMap.java:1716)
	at java.base/java.util.stream.AbstractPipeline.copyInto(AbstractPipeline.java:570)
	at java.base/java.util.stream.ForEachOps$ForEachTask.compute(ForEachOps.java:293)
	at java.base/java.util.concurrent.CountedCompleter.exec(CountedCompleter.java:759)
	at java.base/java.util.concurrent.ForkJoinTask.doExec(ForkJoinTask.java:511)
	at java.base/java.util.concurrent.ForkJoinPool$WorkQueue.helpComplete(ForkJoinPool.java:1537)
	at java.base/java.util.concurrent.ForkJoinPool.helpComplete(ForkJoinPool.java:2332)
	at java.base/java.util.concurrent.ForkJoinTask.awaitDone(ForkJoinTask.java:497)
	at java.base/java.util.concurrent.ForkJoinTask.join(ForkJoinTask.java:669)
	at java.base/java.util.concurrent.ForkJoinTask.invoke(ForkJoinTask.java:684)
	at java.base/java.util.stream.ForEachOps$ForEachOp.evaluateParallel(ForEachOps.java:162)
	at java.base/java.util.stream.ForEachOps$ForEachOp$OfRef.evaluateParallel(ForEachOps.java:176)
	at java.base/java.util.stream.AbstractPipeline.evaluate(AbstractPipeline.java:264)
	at java.base/java.util.stream.ReferencePipeline.forEach(ReferencePipeline.java:632)
	at java.base/java.util.stream.ReferencePipeline$Head.forEach(ReferencePipeline.java:806)
	at org.reflections.Reflections.scan(Reflections.java:173)
	at org.reflections.Reflections.<init>(Reflections.java:126)
	at com.thoughtworks.gauge.execution.parameters.parsers.base.ParameterParsingChain.createReflections(ParameterParsingChain.java:47)
	at com.thoughtworks.gauge.execution.parameters.parsers.base.ParameterParsingChain.<init>(ParameterParsingChain.java:33)
	at com.thoughtworks.gauge.connection.MessageProcessorFactory.initializeExecutionMessageProcessors(MessageProcessorFactory.java:91)
	at com.thoughtworks.gauge.connection.MessageProcessorFactory.getProcessor(MessageProcessorFactory.java:66)
	at com.thoughtworks.gauge.RunnerServiceHandler.lambda$validateStep$17(RunnerServiceHandler.java:332)
	at java.base/java.util.concurrent.ThreadPoolExecutor.runWorker(ThreadPoolExecutor.java:1090)
	at java.base/java.util.concurrent.ThreadPoolExecutor$Worker.run(ThreadPoolExecutor.java:614)
	at java.base/java.lang.Thread.run(Thread.java:1516)
[ForkJoinPool.commonPool-worker-6] WARN org.reflections.Reflections - could not create Dir using com.thoughtworks.gauge.scan.ClasspathScanner$1@bd6a547 from url file:/C:/Users/a.basaleh/.jdks/openjdk-26.0.1!/jdk.internal.opt. skipping.
java.lang.NullPointerException: Cannot invoke "java.io.File.isDirectory()" because "file" is null
	at com.thoughtworks.gauge.scan.ClasspathScanner$1.createDir(ClasspathScanner.java:48)
	at org.reflections.vfs.Vfs.fromURL(Vfs.java:103)
	at org.reflections.vfs.Vfs.fromURL(Vfs.java:95)
	at org.reflections.Reflections.lambda$scan$2(Reflections.java:176)
	at java.base/java.util.stream.ForEachOps$ForEachOp$OfRef.accept(ForEachOps.java:186)
	at java.base/java.util.HashMap$KeySpliterator.forEachRemaining(HashMap.java:1716)
	at java.base/java.util.stream.AbstractPipeline.copyInto(AbstractPipeline.java:570)
	at java.base/java.util.stream.ForEachOps$ForEachTask.compute(ForEachOps.java:293)
	at java.base/java.util.concurrent.CountedCompleter.exec(CountedCompleter.java:759)
	at java.base/java.util.concurrent.ForkJoinTask.doExec(ForkJoinTask.java:511)
	at java.base/java.util.concurrent.ForkJoinPool$WorkQueue.topLevelExec(ForkJoinPool.java:1450)
	at java.base/java.util.concurrent.ForkJoinPool.runWorker(ForkJoinPool.java:2019)
	at java.base/java.util.concurrent.ForkJoinWorkerThread.run(ForkJoinWorkerThread.java:187)
[ForkJoinPool.commonPool-worker-2] WARN org.reflections.Reflections - could not create Dir using com.thoughtworks.gauge.scan.ClasspathScanner$1@bd6a547 from url file:/C:/Users/a.basaleh/.jdks/openjdk-26.0.1!/java.smartcardio. skipping.
java.lang.NullPointerException: Cannot invoke "java.io.File.isDirectory()" because "file" is null
	at com.thoughtworks.gauge.scan.ClasspathScanner$1.createDir(ClasspathScanner.java:48)
	at org.reflections.vfs.Vfs.fromURL(Vfs.java:103)
	at org.reflections.vfs.Vfs.fromURL(Vfs.java:95)
	at org.reflections.Reflections.lambda$scan$2(Reflections.java:176)
	at java.base/java.util.stream.ForEachOps$ForEachOp$OfRef.accept(ForEachOps.java:186)
	at java.base/java.util.HashMap$KeySpliterator.forEachRemaining(HashMap.java:1716)
	at java.base/java.util.stream.AbstractPipeline.copyInto(AbstractPipeline.java:570)
	at java.base/java.util.stream.ForEachOps$ForEachTask.compute(ForEachOps.java:293)
	at java.base/java.util.concurrent.CountedCompleter.exec(CountedCompleter.java:759)
	at java.base/java.util.concurrent.ForkJoinTask.doExec(ForkJoinTask.java:511)
	at java.base/java.util.concurrent.ForkJoinPool$WorkQueue.topLevelExec(ForkJoinPool.java:1450)
	at java.base/java.util.concurrent.ForkJoinPool.runWorker(ForkJoinPool.java:2019)
	at java.base/java.util.concurrent.ForkJoinWorkerThread.run(ForkJoinWorkerThread.java:187)
[ForkJoinPool.commonPool-worker-3] WARN org.reflections.Reflections - could not create Dir using com.thoughtworks.gauge.scan.ClasspathScanner$1@bd6a547 from url file:/C:/Users/a.basaleh/.jdks/openjdk-26.0.1!/jdk.net. skipping.
java.lang.NullPointerException: Cannot invoke "java.io.File.isDirectory()" because "file" is null
	at com.thoughtworks.gauge.scan.ClasspathScanner$1.createDir(ClasspathScanner.java:48)
	at org.reflections.vfs.Vfs.fromURL(Vfs.java:103)
	at org.reflections.vfs.Vfs.fromURL(Vfs.java:95)
	at org.reflections.Reflections.lambda$scan$2(Reflections.java:176)
	at java.base/java.util.stream.ForEachOps$ForEachOp$OfRef.accept(ForEachOps.java:186)
	at java.base/java.util.HashMap$KeySpliterator.forEachRemaining(HashMap.java:1716)
	at java.base/java.util.stream.AbstractPipeline.copyInto(AbstractPipeline.java:570)
	at java.base/java.util.stream.ForEachOps$ForEachTask.compute(ForEachOps.java:293)
	at java.base/java.util.concurrent.CountedCompleter.exec(CountedCompleter.java:759)
	at java.base/java.util.concurrent.ForkJoinTask.doExec(ForkJoinTask.java:511)
	at java.base/java.util.concurrent.ForkJoinPool$WorkQueue.topLevelExec(ForkJoinPool.java:1450)
	at java.base/java.util.concurrent.ForkJoinPool.runWorker(ForkJoinPool.java:2019)
	at java.base/java.util.concurrent.ForkJoinWorkerThread.run(ForkJoinWorkerThread.java:187)
[ForkJoinPool.commonPool-worker-8] WARN org.reflections.Reflections - could not create Vfs.Dir from url. ignoring the exception and continuing
org.reflections.ReflectionsException: could not create Vfs.Dir from url, no matching UrlType was found [file:/C:/Users/a.basaleh/.jdks/openjdk-26.0.1!/java.logging]
either use fromURL(final URL url, final List<UrlType> urlTypes) or use the static setDefaultURLTypes(final List<UrlType> urlTypes) or addDefaultURLTypes(UrlType urlType) with your specialized UrlType.
	at org.reflections.vfs.Vfs.fromURL(Vfs.java:113)
	at org.reflections.vfs.Vfs.fromURL(Vfs.java:95)
	at org.reflections.Reflections.lambda$scan$2(Reflections.java:176)
	at java.base/java.util.stream.ForEachOps$ForEachOp$OfRef.accept(ForEachOps.java:186)
	at java.base/java.util.HashMap$KeySpliterator.forEachRemaining(HashMap.java:1716)
	at java.base/java.util.stream.AbstractPipeline.copyInto(AbstractPipeline.java:570)
	at java.base/java.util.stream.ForEachOps$ForEachTask.compute(ForEachOps.java:293)
	at java.base/java.util.concurrent.CountedCompleter.exec(CountedCompleter.java:759)
	at java.base/java.util.concurrent.ForkJoinTask.doExec(ForkJoinTask.java:511)
	at java.base/java.util.concurrent.ForkJoinPool$WorkQueue.topLevelExec(ForkJoinPool.java:1450)
	at java.base/java.util.concurrent.ForkJoinPool.runWorker(ForkJoinPool.java:2019)
	at java.base/java.util.concurrent.ForkJoinWorkerThread.run(ForkJoinWorkerThread.java:187)
[ForkJoinPool.commonPool-worker-1] WARN org.reflections.Reflections - could not create Vfs.Dir from url. ignoring the exception and continuing
org.reflections.ReflectionsException: could not create Vfs.Dir from url, no matching UrlType was found [file:/C:/Users/a.basaleh/.jdks/openjdk-26.0.1!/java.xml.crypto]
either use fromURL(final URL url, final List<UrlType> urlTypes) or use the static setDefaultURLTypes(final List<UrlType> urlTypes) or addDefaultURLTypes(UrlType urlType) with your specialized UrlType.
	at org.reflections.vfs.Vfs.fromURL(Vfs.java:113)
	at org.reflections.vfs.Vfs.fromURL(Vfs.java:95)
	at org.reflections.Reflections.lambda$scan$2(Reflections.java:176)
	at java.base/java.util.stream.ForEachOps$ForEachOp$OfRef.accept(ForEachOps.java:186)
	at java.base/java.util.HashMap$KeySpliterator.forEachRemaining(HashMap.java:1716)
	at java.base/java.util.stream.AbstractPipeline.copyInto(AbstractPipeline.java:570)
	at java.base/java.util.stream.ForEachOps$ForEachTask.compute(ForEachOps.java:293)
	at java.base/java.util.concurrent.CountedCompleter.exec(CountedCompleter.java:759)
	at java.base/java.util.concurrent.ForkJoinTask.doExec(ForkJoinTask.java:511)
	at java.base/java.util.concurrent.ForkJoinPool$WorkQueue.topLevelExec(ForkJoinPool.java:1450)
	at java.base/java.util.concurrent.ForkJoinPool.runWorker(ForkJoinPool.java:2019)
	at java.base/java.util.concurrent.ForkJoinWorkerThread.run(ForkJoinWorkerThread.java:187)
[pool-2-thread-1] WARN org.reflections.Reflections - could not create Dir using com.thoughtworks.gauge.scan.ClasspathScanner$1@bd6a547 from url file:/C:/Users/a.basaleh/.jdks/openjdk-26.0.1!/java.net.http. skipping.
java.lang.NullPointerException: Cannot invoke "java.io.File.isDirectory()" because "file" is null
	at com.thoughtworks.gauge.scan.ClasspathScanner$1.createDir(ClasspathScanner.java:48)
	at org.reflections.vfs.Vfs.fromURL(Vfs.java:103)
	at org.reflections.vfs.Vfs.fromURL(Vfs.java:95)
	at org.reflections.Reflections.lambda$scan$2(Reflections.java:176)
	at java.base/java.util.stream.ForEachOps$ForEachOp$OfRef.accept(ForEachOps.java:186)
	at java.base/java.util.HashMap$KeySpliterator.forEachRemaining(HashMap.java:1716)
	at java.base/java.util.stream.AbstractPipeline.copyInto(AbstractPipeline.java:570)
	at java.base/java.util.stream.ForEachOps$ForEachTask.compute(ForEachOps.java:293)
	at java.base/java.util.concurrent.CountedCompleter.exec(CountedCompleter.java:759)
	at java.base/java.util.concurrent.ForkJoinTask.doExec(ForkJoinTask.java:511)
	at java.base/java.util.concurrent.ForkJoinPool.helpComplete(ForkJoinPool.java:2375)
	at java.base/java.util.concurrent.ForkJoinTask.awaitDone(ForkJoinTask.java:497)
	at java.base/java.util.concurrent.ForkJoinTask.join(ForkJoinTask.java:669)
	at java.base/java.util.concurrent.ForkJoinTask.invoke(ForkJoinTask.java:684)
	at java.base/java.util.stream.ForEachOps$ForEachOp.evaluateParallel(ForEachOps.java:162)
	at java.base/java.util.stream.ForEachOps$ForEachOp$OfRef.evaluateParallel(ForEachOps.java:176)
	at java.base/java.util.stream.AbstractPipeline.evaluate(AbstractPipeline.java:264)
	at java.base/java.util.stream.ReferencePipeline.forEach(ReferencePipeline.java:632)
	at java.base/java.util.stream.ReferencePipeline$Head.forEach(ReferencePipeline.java:806)
	at org.reflections.Reflections.scan(Reflections.java:173)
	at org.reflections.Reflections.<init>(Reflections.java:126)
	at com.thoughtworks.gauge.execution.parameters.parsers.base.ParameterParsingChain.createReflections(ParameterParsingChain.java:47)
	at com.thoughtworks.gauge.execution.parameters.parsers.base.ParameterParsingChain.<init>(ParameterParsingChain.java:33)
	at com.thoughtworks.gauge.connection.MessageProcessorFactory.initializeExecutionMessageProcessors(MessageProcessorFactory.java:91)
	at com.thoughtworks.gauge.connection.MessageProcessorFactory.getProcessor(MessageProcessorFactory.java:66)
	at com.thoughtworks.gauge.RunnerServiceHandler.lambda$validateStep$17(RunnerServiceHandler.java:332)
	at java.base/java.util.concurrent.ThreadPoolExecutor.runWorker(ThreadPoolExecutor.java:1090)
	at java.base/java.util.concurrent.ThreadPoolExecutor$Worker.run(ThreadPoolExecutor.java:614)
	at java.base/java.lang.Thread.run(Thread.java:1516)
[ForkJoinPool.commonPool-worker-6] WARN org.reflections.Reflections - could not create Vfs.Dir from url. ignoring the exception and continuing
org.reflections.ReflectionsException: could not create Vfs.Dir from url, no matching UrlType was found [file:/C:/Users/a.basaleh/.jdks/openjdk-26.0.1!/jdk.internal.opt]
either use fromURL(final URL url, final List<UrlType> urlTypes) or use the static setDefaultURLTypes(final List<UrlType> urlTypes) or addDefaultURLTypes(UrlType urlType) with your specialized UrlType.
	at org.reflections.vfs.Vfs.fromURL(Vfs.java:113)
	at org.reflections.vfs.Vfs.fromURL(Vfs.java:95)
	at org.reflections.Reflections.lambda$scan$2(Reflections.java:176)
	at java.base/java.util.stream.ForEachOps$ForEachOp$OfRef.accept(ForEachOps.java:186)
	at java.base/java.util.HashMap$KeySpliterator.forEachRemaining(HashMap.java:1716)
	at java.base/java.util.stream.AbstractPipeline.copyInto(AbstractPipeline.java:570)
	at java.base/java.util.stream.ForEachOps$ForEachTask.compute(ForEachOps.java:293)
	at java.base/java.util.concurrent.CountedCompleter.exec(CountedCompleter.java:759)
	at java.base/java.util.concurrent.ForkJoinTask.doExec(ForkJoinTask.java:511)
	at java.base/java.util.concurrent.ForkJoinPool$WorkQueue.topLevelExec(ForkJoinPool.java:1450)
	at java.base/java.util.concurrent.ForkJoinPool.runWorker(ForkJoinPool.java:2019)
	at java.base/java.util.concurrent.ForkJoinWorkerThread.run(ForkJoinWorkerThread.java:187)
[ForkJoinPool.commonPool-worker-2] WARN org.reflections.Reflections - could not create Vfs.Dir from url. ignoring the exception and continuing
org.reflections.ReflectionsException: could not create Vfs.Dir from url, no matching UrlType was found [file:/C:/Users/a.basaleh/.jdks/openjdk-26.0.1!/java.smartcardio]
either use fromURL(final URL url, final List<UrlType> urlTypes) or use the static setDefaultURLTypes(final List<UrlType> urlTypes) or addDefaultURLTypes(UrlType urlType) with your specialized UrlType.
	at org.reflections.vfs.Vfs.fromURL(Vfs.java:113)
	at org.reflections.vfs.Vfs.fromURL(Vfs.java:95)
	at org.reflections.Reflections.lambda$scan$2(Reflections.java:176)
	at java.base/java.util.stream.ForEachOps$ForEachOp$OfRef.accept(ForEachOps.java:186)
	at java.base/java.util.HashMap$KeySpliterator.forEachRemaining(HashMap.java:1716)
	at java.base/java.util.stream.AbstractPipeline.copyInto(AbstractPipeline.java:570)
	at java.base/java.util.stream.ForEachOps$ForEachTask.compute(ForEachOps.java:293)
	at java.base/java.util.concurrent.CountedCompleter.exec(CountedCompleter.java:759)
	at java.base/java.util.concurrent.ForkJoinTask.doExec(ForkJoinTask.java:511)
	at java.base/java.util.concurrent.ForkJoinPool$WorkQueue.topLevelExec(ForkJoinPool.java:1450)
	at java.base/java.util.concurrent.ForkJoinPool.runWorker(ForkJoinPool.java:2019)
	at java.base/java.util.concurrent.ForkJoinWorkerThread.run(ForkJoinWorkerThread.java:187)
[ForkJoinPool.commonPool-worker-3] WARN org.reflections.Reflections - could not create Vfs.Dir from url. ignoring the exception and continuing
org.reflections.ReflectionsException: could not create Vfs.Dir from url, no matching UrlType was found [file:/C:/Users/a.basaleh/.jdks/openjdk-26.0.1!/jdk.net]
either use fromURL(final URL url, final List<UrlType> urlTypes) or use the static setDefaultURLTypes(final List<UrlType> urlTypes) or addDefaultURLTypes(UrlType urlType) with your specialized UrlType.
	at org.reflections.vfs.Vfs.fromURL(Vfs.java:113)
	at org.reflections.vfs.Vfs.fromURL(Vfs.java:95)
	at org.reflections.Reflections.lambda$scan$2(Reflections.java:176)
	at java.base/java.util.stream.ForEachOps$ForEachOp$OfRef.accept(ForEachOps.java:186)
	at java.base/java.util.HashMap$KeySpliterator.forEachRemaining(HashMap.java:1716)
	at java.base/java.util.stream.AbstractPipeline.copyInto(AbstractPipeline.java:570)
	at java.base/java.util.stream.ForEachOps$ForEachTask.compute(ForEachOps.java:293)
	at java.base/java.util.concurrent.CountedCompleter.exec(CountedCompleter.java:759)
	at java.base/java.util.concurrent.ForkJoinTask.doExec(ForkJoinTask.java:511)
	at java.base/java.util.concurrent.ForkJoinPool$WorkQueue.topLevelExec(ForkJoinPool.java:1450)
	at java.base/java.util.concurrent.ForkJoinPool.runWorker(ForkJoinPool.java:2019)
	at java.base/java.util.concurrent.ForkJoinWorkerThread.run(ForkJoinWorkerThread.java:187)
[ForkJoinPool.commonPool-worker-8] WARN org.reflections.Reflections - could not create Dir using com.thoughtworks.gauge.scan.ClasspathScanner$1@bd6a547 from url file:/C:/Users/a.basaleh/.jdks/openjdk-26.0.1!/jdk.crypto.cryptoki. skipping.
java.lang.NullPointerException: Cannot invoke "java.io.File.isDirectory()" because "file" is null
	at com.thoughtworks.gauge.scan.ClasspathScanner$1.createDir(ClasspathScanner.java:48)
	at org.reflections.vfs.Vfs.fromURL(Vfs.java:103)
	at org.reflections.vfs.Vfs.fromURL(Vfs.java:95)
	at org.reflections.Reflections.lambda$scan$2(Reflections.java:176)
	at java.base/java.util.stream.ForEachOps$ForEachOp$OfRef.accept(ForEachOps.java:186)
	at java.base/java.util.HashMap$KeySpliterator.forEachRemaining(HashMap.java:1716)
	at java.base/java.util.stream.AbstractPipeline.copyInto(AbstractPipeline.java:570)
	at java.base/java.util.stream.ForEachOps$ForEachTask.compute(ForEachOps.java:293)
	at java.base/java.util.concurrent.CountedCompleter.exec(CountedCompleter.java:759)
	at java.base/java.util.concurrent.ForkJoinTask.doExec(ForkJoinTask.java:511)
	at java.base/java.util.concurrent.ForkJoinPool$WorkQueue.topLevelExec(ForkJoinPool.java:1450)
	at java.base/java.util.concurrent.ForkJoinPool.runWorker(ForkJoinPool.java:2019)
	at java.base/java.util.concurrent.ForkJoinWorkerThread.run(ForkJoinWorkerThread.java:187)
[ForkJoinPool.commonPool-worker-1] WARN org.reflections.Reflections - could not create Dir using com.thoughtworks.gauge.scan.ClasspathScanner$1@bd6a547 from url file:/C:/Users/a.basaleh/.jdks/openjdk-26.0.1!/jdk.crypto.mscapi. skipping.
java.lang.NullPointerException: Cannot invoke "java.io.File.isDirectory()" because "file" is null
	at com.thoughtworks.gauge.scan.ClasspathScanner$1.createDir(ClasspathScanner.java:48)
	at org.reflections.vfs.Vfs.fromURL(Vfs.java:103)
	at org.reflections.vfs.Vfs.fromURL(Vfs.java:95)
	at org.reflections.Reflections.lambda$scan$2(Reflections.java:176)
	at java.base/java.util.stream.ForEachOps$ForEachOp$OfRef.accept(ForEachOps.java:186)
	at java.base/java.util.HashMap$KeySpliterator.forEachRemaining(HashMap.java:1716)
	at java.base/java.util.stream.AbstractPipeline.copyInto(AbstractPipeline.java:570)
	at java.base/java.util.stream.ForEachOps$ForEachTask.compute(ForEachOps.java:293)
	at java.base/java.util.concurrent.CountedCompleter.exec(CountedCompleter.java:759)
	at java.base/java.util.concurrent.ForkJoinTask.doExec(ForkJoinTask.java:511)
	at java.base/java.util.concurrent.ForkJoinPool$WorkQueue.topLevelExec(ForkJoinPool.java:1450)
	at java.base/java.util.concurrent.ForkJoinPool.runWorker(ForkJoinPool.java:2019)
	at java.base/java.util.concurrent.ForkJoinWorkerThread.run(ForkJoinWorkerThread.java:187)
[pool-2-thread-1] WARN org.reflections.Reflections - could not create Vfs.Dir from url. ignoring the exception and continuing
org.reflections.ReflectionsException: could not create Vfs.Dir from url, no matching UrlType was found [file:/C:/Users/a.basaleh/.jdks/openjdk-26.0.1!/java.net.http]
either use fromURL(final URL url, final List<UrlType> urlTypes) or use the static setDefaultURLTypes(final List<UrlType> urlTypes) or addDefaultURLTypes(UrlType urlType) with your specialized UrlType.
	at org.reflections.vfs.Vfs.fromURL(Vfs.java:113)
	at org.reflections.vfs.Vfs.fromURL(Vfs.java:95)
	at org.reflections.Reflections.lambda$scan$2(Reflections.java:176)
	at java.base/java.util.stream.ForEachOps$ForEachOp$OfRef.accept(ForEachOps.java:186)
	at java.base/java.util.HashMap$KeySpliterator.forEachRemaining(HashMap.java:1716)
	at java.base/java.util.stream.AbstractPipeline.copyInto(AbstractPipeline.java:570)
	at java.base/java.util.stream.ForEachOps$ForEachTask.compute(ForEachOps.java:293)
	at java.base/java.util.concurrent.CountedCompleter.exec(CountedCompleter.java:759)
	at java.base/java.util.concurrent.ForkJoinTask.doExec(ForkJoinTask.java:511)
	at java.base/java.util.concurrent.ForkJoinPool.helpComplete(ForkJoinPool.java:2375)
	at java.base/java.util.concurrent.ForkJoinTask.awaitDone(ForkJoinTask.java:497)
	at java.base/java.util.concurrent.ForkJoinTask.join(ForkJoinTask.java:669)
	at java.base/java.util.concurrent.ForkJoinTask.invoke(ForkJoinTask.java:684)
	at java.base/java.util.stream.ForEachOps$ForEachOp.evaluateParallel(ForEachOps.java:162)
	at java.base/java.util.stream.ForEachOps$ForEachOp$OfRef.evaluateParallel(ForEachOps.java:176)
	at java.base/java.util.stream.AbstractPipeline.evaluate(AbstractPipeline.java:264)
	at java.base/java.util.stream.ReferencePipeline.forEach(ReferencePipeline.java:632)
	at java.base/java.util.stream.ReferencePipeline$Head.forEach(ReferencePipeline.java:806)
	at org.reflections.Reflections.scan(Reflections.java:173)
	at org.reflections.Reflections.<init>(Reflections.java:126)
	at com.thoughtworks.gauge.execution.parameters.parsers.base.ParameterParsingChain.createReflections(ParameterParsingChain.java:47)
	at com.thoughtworks.gauge.execution.parameters.parsers.base.ParameterParsingChain.<init>(ParameterParsingChain.java:33)
	at com.thoughtworks.gauge.connection.MessageProcessorFactory.initializeExecutionMessageProcessors(MessageProcessorFactory.java:91)
	at com.thoughtworks.gauge.connection.MessageProcessorFactory.getProcessor(MessageProcessorFactory.java:66)
	at com.thoughtworks.gauge.RunnerServiceHandler.lambda$validateStep$17(RunnerServiceHandler.java:332)
	at java.base/java.util.concurrent.ThreadPoolExecutor.runWorker(ThreadPoolExecutor.java:1090)
	at java.base/java.util.concurrent.ThreadPoolExecutor$Worker.run(ThreadPoolExecutor.java:614)
	at java.base/java.lang.Thread.run(Thread.java:1516)
[ForkJoinPool.commonPool-worker-6] WARN org.reflections.Reflections - could not create Dir using com.thoughtworks.gauge.scan.ClasspathScanner$1@bd6a547 from url file:/C:/Users/a.basaleh/.jdks/openjdk-26.0.1!/java.management.rmi. skipping.
java.lang.NullPointerException: Cannot invoke "java.io.File.isDirectory()" because "file" is null
	at com.thoughtworks.gauge.scan.ClasspathScanner$1.createDir(ClasspathScanner.java:48)
	at org.reflections.vfs.Vfs.fromURL(Vfs.java:103)
	at org.reflections.vfs.Vfs.fromURL(Vfs.java:95)
	at org.reflections.Reflections.lambda$scan$2(Reflections.java:176)
	at java.base/java.util.stream.ForEachOps$ForEachOp$OfRef.accept(ForEachOps.java:186)
	at java.base/java.util.HashMap$KeySpliterator.forEachRemaining(HashMap.java:1716)
	at java.base/java.util.stream.AbstractPipeline.copyInto(AbstractPipeline.java:570)
	at java.base/java.util.stream.ForEachOps$ForEachTask.compute(ForEachOps.java:293)
	at java.base/java.util.concurrent.CountedCompleter.exec(CountedCompleter.java:759)
	at java.base/java.util.concurrent.ForkJoinTask.doExec(ForkJoinTask.java:511)
	at java.base/java.util.concurrent.ForkJoinPool$WorkQueue.topLevelExec(ForkJoinPool.java:1450)
	at java.base/java.util.concurrent.ForkJoinPool.runWorker(ForkJoinPool.java:2019)
	at java.base/java.util.concurrent.ForkJoinWorkerThread.run(ForkJoinWorkerThread.java:187)
[ForkJoinPool.commonPool-worker-2] WARN org.reflections.Reflections - could not create Dir using com.thoughtworks.gauge.scan.ClasspathScanner$1@bd6a547 from url file:/C:/Users/a.basaleh/.jdks/openjdk-26.0.1!/java.rmi. skipping.
java.lang.NullPointerException: Cannot invoke "java.io.File.isDirectory()" because "file" is null
	at com.thoughtworks.gauge.scan.ClasspathScanner$1.createDir(ClasspathScanner.java:48)
	at org.reflections.vfs.Vfs.fromURL(Vfs.java:103)
	at org.reflections.vfs.Vfs.fromURL(Vfs.java:95)
	at org.reflections.Reflections.lambda$scan$2(Reflections.java:176)
	at java.base/java.util.stream.ForEachOps$ForEachOp$OfRef.accept(ForEachOps.java:186)
	at java.base/java.util.HashMap$KeySpliterator.forEachRemaining(HashMap.java:1716)
	at java.base/java.util.stream.AbstractPipeline.copyInto(AbstractPipeline.java:570)
	at java.base/java.util.stream.ForEachOps$ForEachTask.compute(ForEachOps.java:293)
	at java.base/java.util.concurrent.CountedCompleter.exec(CountedCompleter.java:759)
	at java.base/java.util.concurrent.ForkJoinTask.doExec(ForkJoinTask.java:511)
	at java.base/java.util.concurrent.ForkJoinPool$WorkQueue.topLevelExec(ForkJoinPool.java:1450)
	at java.base/java.util.concurrent.ForkJoinPool.runWorker(ForkJoinPool.java:2019)
	at java.base/java.util.concurrent.ForkJoinWorkerThread.run(ForkJoinWorkerThread.java:187)
[ForkJoinPool.commonPool-worker-10] WARN org.reflections.Reflections - could not create Dir using com.thoughtworks.gauge.scan.ClasspathScanner$1@bd6a547 from url file:/C:/Users/a.basaleh/.jdks/openjdk-26.0.1!/jdk.internal.jvmstat. skipping.
java.lang.NullPointerException: Cannot invoke "java.io.File.isDirectory()" because "file" is null
	at com.thoughtworks.gauge.scan.ClasspathScanner$1.createDir(ClasspathScanner.java:48)
	at org.reflections.vfs.Vfs.fromURL(Vfs.java:103)
	at org.reflections.vfs.Vfs.fromURL(Vfs.java:95)
	at org.reflections.Reflections.lambda$scan$2(Reflections.java:176)
	at java.base/java.util.stream.ForEachOps$ForEachOp$OfRef.accept(ForEachOps.java:186)
	at java.base/java.util.HashMap$KeySpliterator.forEachRemaining(HashMap.java:1716)
	at java.base/java.util.stream.AbstractPipeline.copyInto(AbstractPipeline.java:570)
	at java.base/java.util.stream.ForEachOps$ForEachTask.compute(ForEachOps.java:293)
	at java.base/java.util.concurrent.CountedCompleter.exec(CountedCompleter.java:759)
	at java.base/java.util.concurrent.ForkJoinTask.doExec(ForkJoinTask.java:511)
	at java.base/java.util.concurrent.ForkJoinPool$WorkQueue.topLevelExec(ForkJoinPool.java:1450)
	at java.base/java.util.concurrent.ForkJoinPool.runWorker(ForkJoinPool.java:2019)
	at java.base/java.util.concurrent.ForkJoinWorkerThread.run(ForkJoinWorkerThread.java:187)
[ForkJoinPool.commonPool-worker-8] WARN org.reflections.Reflections - could not create Vfs.Dir from url. ignoring the exception and continuing
org.reflections.ReflectionsException: could not create Vfs.Dir from url, no matching UrlType was found [file:/C:/Users/a.basaleh/.jdks/openjdk-26.0.1!/jdk.crypto.cryptoki]
either use fromURL(final URL url, final List<UrlType> urlTypes) or use the static setDefaultURLTypes(final List<UrlType> urlTypes) or addDefaultURLTypes(UrlType urlType) with your specialized UrlType.
	at org.reflections.vfs.Vfs.fromURL(Vfs.java:113)
	at org.reflections.vfs.Vfs.fromURL(Vfs.java:95)
	at org.reflections.Reflections.lambda$scan$2(Reflections.java:176)
	at java.base/java.util.stream.ForEachOps$ForEachOp$OfRef.accept(ForEachOps.java:186)
	at java.base/java.util.HashMap$KeySpliterator.forEachRemaining(HashMap.java:1716)
	at java.base/java.util.stream.AbstractPipeline.copyInto(AbstractPipeline.java:570)
	at java.base/java.util.stream.ForEachOps$ForEachTask.compute(ForEachOps.java:293)
	at java.base/java.util.concurrent.CountedCompleter.exec(CountedCompleter.java:759)
	at java.base/java.util.concurrent.ForkJoinTask.doExec(ForkJoinTask.java:511)
	at java.base/java.util.concurrent.ForkJoinPool$WorkQueue.topLevelExec(ForkJoinPool.java:1450)
	at java.base/java.util.concurrent.ForkJoinPool.runWorker(ForkJoinPool.java:2019)
	at java.base/java.util.concurrent.ForkJoinWorkerThread.run(ForkJoinWorkerThread.java:187)
[ForkJoinPool.commonPool-worker-1] WARN org.reflections.Reflections - could not create Vfs.Dir from url. ignoring the exception and continuing
org.reflections.ReflectionsException: could not create Vfs.Dir from url, no matching UrlType was found [file:/C:/Users/a.basaleh/.jdks/openjdk-26.0.1!/jdk.crypto.mscapi]
either use fromURL(final URL url, final List<UrlType> urlTypes) or use the static setDefaultURLTypes(final List<UrlType> urlTypes) or addDefaultURLTypes(UrlType urlType) with your specialized UrlType.
	at org.reflections.vfs.Vfs.fromURL(Vfs.java:113)
	at org.reflections.vfs.Vfs.fromURL(Vfs.java:95)
	at org.reflections.Reflections.lambda$scan$2(Reflections.java:176)
	at java.base/java.util.stream.ForEachOps$ForEachOp$OfRef.accept(ForEachOps.java:186)
	at java.base/java.util.HashMap$KeySpliterator.forEachRemaining(HashMap.java:1716)
	at java.base/java.util.stream.AbstractPipeline.copyInto(AbstractPipeline.java:570)
	at java.base/java.util.stream.ForEachOps$ForEachTask.compute(ForEachOps.java:293)
	at java.base/java.util.concurrent.CountedCompleter.exec(CountedCompleter.java:759)
	at java.base/java.util.concurrent.ForkJoinTask.doExec(ForkJoinTask.java:511)
	at java.base/java.util.concurrent.ForkJoinPool$WorkQueue.topLevelExec(ForkJoinPool.java:1450)
	at java.base/java.util.concurrent.ForkJoinPool.runWorker(ForkJoinPool.java:2019)
	at java.base/java.util.concurrent.ForkJoinWorkerThread.run(ForkJoinWorkerThread.java:187)
[ForkJoinPool.commonPool-worker-6] WARN org.reflections.Reflections - could not create Vfs.Dir from url. ignoring the exception and continuing
org.reflections.ReflectionsException: could not create Vfs.Dir from url, no matching UrlType was found [file:/C:/Users/a.basaleh/.jdks/openjdk-26.0.1!/java.management.rmi]
either use fromURL(final URL url, final List<UrlType> urlTypes) or use the static setDefaultURLTypes(final List<UrlType> urlTypes) or addDefaultURLTypes(UrlType urlType) with your specialized UrlType.
	at org.reflections.vfs.Vfs.fromURL(Vfs.java:113)
	at org.reflections.vfs.Vfs.fromURL(Vfs.java:95)
	at org.reflections.Reflections.lambda$scan$2(Reflections.java:176)
	at java.base/java.util.stream.ForEachOps$ForEachOp$OfRef.accept(ForEachOps.java:186)
	at java.base/java.util.HashMap$KeySpliterator.forEachRemaining(HashMap.java:1716)
	at java.base/java.util.stream.AbstractPipeline.copyInto(AbstractPipeline.java:570)
	at java.base/java.util.stream.ForEachOps$ForEachTask.compute(ForEachOps.java:293)
	at java.base/java.util.concurrent.CountedCompleter.exec(CountedCompleter.java:759)
	at java.base/java.util.concurrent.ForkJoinTask.doExec(ForkJoinTask.java:511)
	at java.base/java.util.concurrent.ForkJoinPool$WorkQueue.topLevelExec(ForkJoinPool.java:1450)
	at java.base/java.util.concurrent.ForkJoinPool.runWorker(ForkJoinPool.java:2019)
	at java.base/java.util.concurrent.ForkJoinWorkerThread.run(ForkJoinWorkerThread.java:187)
[pool-2-thread-1] WARN org.reflections.Reflections - could not create Dir using com.thoughtworks.gauge.scan.ClasspathScanner$1@bd6a547 from url file:/C:/Users/a.basaleh/.jdks/openjdk-26.0.1!/java.instrument. skipping.
java.lang.NullPointerException: Cannot invoke "java.io.File.isDirectory()" because "file" is null
	at com.thoughtworks.gauge.scan.ClasspathScanner$1.createDir(ClasspathScanner.java:48)
	at org.reflections.vfs.Vfs.fromURL(Vfs.java:103)
	at org.reflections.vfs.Vfs.fromURL(Vfs.java:95)
	at org.reflections.Reflections.lambda$scan$2(Reflections.java:176)
	at java.base/java.util.stream.ForEachOps$ForEachOp$OfRef.accept(ForEachOps.java:186)
	at java.base/java.util.HashMap$KeySpliterator.forEachRemaining(HashMap.java:1716)
	at java.base/java.util.stream.AbstractPipeline.copyInto(AbstractPipeline.java:570)
	at java.base/java.util.stream.ForEachOps$ForEachTask.compute(ForEachOps.java:293)
	at java.base/java.util.concurrent.CountedCompleter.exec(CountedCompleter.java:759)
	at java.base/java.util.concurrent.ForkJoinTask.doExec(ForkJoinTask.java:511)
	at java.base/java.util.concurrent.ForkJoinPool.helpComplete(ForkJoinPool.java:2375)
	at java.base/java.util.concurrent.ForkJoinTask.awaitDone(ForkJoinTask.java:497)
	at java.base/java.util.concurrent.ForkJoinTask.join(ForkJoinTask.java:669)
	at java.base/java.util.concurrent.ForkJoinTask.invoke(ForkJoinTask.java:684)
	at java.base/java.util.stream.ForEachOps$ForEachOp.evaluateParallel(ForEachOps.java:162)
	at java.base/java.util.stream.ForEachOps$ForEachOp$OfRef.evaluateParallel(ForEachOps.java:176)
	at java.base/java.util.stream.AbstractPipeline.evaluate(AbstractPipeline.java:264)
	at java.base/java.util.stream.ReferencePipeline.forEach(ReferencePipeline.java:632)
	at java.base/java.util.stream.ReferencePipeline$Head.forEach(ReferencePipeline.java:806)
	at org.reflections.Reflections.scan(Reflections.java:173)
	at org.reflections.Reflections.<init>(Reflections.java:126)
	at com.thoughtworks.gauge.execution.parameters.parsers.base.ParameterParsingChain.createReflections(ParameterParsingChain.java:47)
	at com.thoughtworks.gauge.execution.parameters.parsers.base.ParameterParsingChain.<init>(ParameterParsingChain.java:33)
	at com.thoughtworks.gauge.connection.MessageProcessorFactory.initializeExecutionMessageProcessors(MessageProcessorFactory.java:91)
	at com.thoughtworks.gauge.connection.MessageProcessorFactory.getProcessor(MessageProcessorFactory.java:66)
	at com.thoughtworks.gauge.RunnerServiceHandler.lambda$validateStep$17(RunnerServiceHandler.java:332)
	at java.base/java.util.concurrent.ThreadPoolExecutor.runWorker(ThreadPoolExecutor.java:1090)
	at java.base/java.util.concurrent.ThreadPoolExecutor$Worker.run(ThreadPoolExecutor.java:614)
	at java.base/java.lang.Thread.run(Thread.java:1516)
[pool-2-thread-1] WARN org.reflections.Reflections - could not create Vfs.Dir from url. ignoring the exception and continuing
org.reflections.ReflectionsException: could not create Vfs.Dir from url, no matching UrlType was found [file:/C:/Users/a.basaleh/.jdks/openjdk-26.0.1!/java.instrument]
either use fromURL(final URL url, final List<UrlType> urlTypes) or use the static setDefaultURLTypes(final List<UrlType> urlTypes) or addDefaultURLTypes(UrlType urlType) with your specialized UrlType.
	at org.reflections.vfs.Vfs.fromURL(Vfs.java:113)
	at org.reflections.vfs.Vfs.fromURL(Vfs.java:95)
	at org.reflections.Reflections.lambda$scan$2(Reflections.java:176)
	at java.base/java.util.stream.ForEachOps$ForEachOp$OfRef.accept(ForEachOps.java:186)
	at java.base/java.util.HashMap$KeySpliterator.forEachRemaining(HashMap.java:1716)
	at java.base/java.util.stream.AbstractPipeline.copyInto(AbstractPipeline.java:570)
	at java.base/java.util.stream.ForEachOps$ForEachTask.compute(ForEachOps.java:293)
	at java.base/java.util.concurrent.CountedCompleter.exec(CountedCompleter.java:759)
	at java.base/java.util.concurrent.ForkJoinTask.doExec(ForkJoinTask.java:511)
	at java.base/java.util.concurrent.ForkJoinPool.helpComplete(ForkJoinPool.java:2375)
	at java.base/java.util.concurrent.ForkJoinTask.awaitDone(ForkJoinTask.java:497)
	at java.base/java.util.concurrent.ForkJoinTask.join(ForkJoinTask.java:669)
	at java.base/java.util.concurrent.ForkJoinTask.invoke(ForkJoinTask.java:684)
	at java.base/java.util.stream.ForEachOps$ForEachOp.evaluateParallel(ForEachOps.java:162)
	at java.base/java.util.stream.ForEachOps$ForEachOp$OfRef.evaluateParallel(ForEachOps.java:176)
	at java.base/java.util.stream.AbstractPipeline.evaluate(AbstractPipeline.java:264)
	at java.base/java.util.stream.ReferencePipeline.forEach(ReferencePipeline.java:632)
	at java.base/java.util.stream.ReferencePipeline$Head.forEach(ReferencePipeline.java:806)
	at org.reflections.Reflections.scan(Reflections.java:173)
	at org.reflections.Reflections.<init>(Reflections.java:126)
	at com.thoughtworks.gauge.execution.parameters.parsers.base.ParameterParsingChain.createReflections(ParameterParsingChain.java:47)
	at com.thoughtworks.gauge.execution.parameters.parsers.base.ParameterParsingChain.<init>(ParameterParsingChain.java:33)
	at com.thoughtworks.gauge.connection.MessageProcessorFactory.initializeExecutionMessageProcessors(MessageProcessorFactory.java:91)
	at com.thoughtworks.gauge.connection.MessageProcessorFactory.getProcessor(MessageProcessorFactory.java:66)
	at com.thoughtworks.gauge.RunnerServiceHandler.lambda$validateStep$17(RunnerServiceHandler.java:332)
	at java.base/java.util.concurrent.ThreadPoolExecutor.runWorker(ThreadPoolExecutor.java:1090)
	at java.base/java.util.concurrent.ThreadPoolExecutor$Worker.run(ThreadPoolExecutor.java:614)
	at java.base/java.lang.Thread.run(Thread.java:1516)
[ForkJoinPool.commonPool-worker-3] WARN org.reflections.Reflections - could not create Dir using com.thoughtworks.gauge.scan.ClasspathScanner$1@bd6a547 from url file:/C:/Users/a.basaleh/.jdks/openjdk-26.0.1!/java.desktop. skipping.
java.lang.NullPointerException: Cannot invoke "java.io.File.isDirectory()" because "file" is null
	at com.thoughtworks.gauge.scan.ClasspathScanner$1.createDir(ClasspathScanner.java:48)
	at org.reflections.vfs.Vfs.fromURL(Vfs.java:103)
	at org.reflections.vfs.Vfs.fromURL(Vfs.java:95)
	at org.reflections.Reflections.lambda$scan$2(Reflections.java:176)
	at java.base/java.util.stream.ForEachOps$ForEachOp$OfRef.accept(ForEachOps.java:186)
	at java.base/java.util.HashMap$KeySpliterator.forEachRemaining(HashMap.java:1716)
	at java.base/java.util.stream.AbstractPipeline.copyInto(AbstractPipeline.java:570)
	at java.base/java.util.stream.ForEachOps$ForEachTask.compute(ForEachOps.java:293)
	at java.base/java.util.concurrent.CountedCompleter.exec(CountedCompleter.java:759)
	at java.base/java.util.concurrent.ForkJoinTask.doExec(ForkJoinTask.java:511)
	at java.base/java.util.concurrent.ForkJoinPool$WorkQueue.topLevelExec(ForkJoinPool.java:1450)
	at java.base/java.util.concurrent.ForkJoinPool.runWorker(ForkJoinPool.java:2019)
	at java.base/java.util.concurrent.ForkJoinWorkerThread.run(ForkJoinWorkerThread.java:187)
[ForkJoinPool.commonPool-worker-2] WARN org.reflections.Reflections - could not create Vfs.Dir from url. ignoring the exception and continuing
org.reflections.ReflectionsException: could not create Vfs.Dir from url, no matching UrlType was found [file:/C:/Users/a.basaleh/.jdks/openjdk-26.0.1!/java.rmi]
either use fromURL(final URL url, final List<UrlType> urlTypes) or use the static setDefaultURLTypes(final List<UrlType> urlTypes) or addDefaultURLTypes(UrlType urlType) with your specialized UrlType.
	at org.reflections.vfs.Vfs.fromURL(Vfs.java:113)
	at org.reflections.vfs.Vfs.fromURL(Vfs.java:95)
	at org.reflections.Reflections.lambda$scan$2(Reflections.java:176)
	at java.base/java.util.stream.ForEachOps$ForEachOp$OfRef.accept(ForEachOps.java:186)
	at java.base/java.util.HashMap$KeySpliterator.forEachRemaining(HashMap.java:1716)
	at java.base/java.util.stream.AbstractPipeline.copyInto(AbstractPipeline.java:570)
	at java.base/java.util.stream.ForEachOps$ForEachTask.compute(ForEachOps.java:293)
	at java.base/java.util.concurrent.CountedCompleter.exec(CountedCompleter.java:759)
	at java.base/java.util.concurrent.ForkJoinTask.doExec(ForkJoinTask.java:511)
	at java.base/java.util.concurrent.ForkJoinPool$WorkQueue.topLevelExec(ForkJoinPool.java:1450)
	at java.base/java.util.concurrent.ForkJoinPool.runWorker(ForkJoinPool.java:2019)
	at java.base/java.util.concurrent.ForkJoinWorkerThread.run(ForkJoinWorkerThread.java:187)
[ForkJoinPool.commonPool-worker-10] WARN org.reflections.Reflections - could not create Vfs.Dir from url. ignoring the exception and continuing
org.reflections.ReflectionsException: could not create Vfs.Dir from url, no matching UrlType was found [file:/C:/Users/a.basaleh/.jdks/openjdk-26.0.1!/jdk.internal.jvmstat]
either use fromURL(final URL url, final List<UrlType> urlTypes) or use the static setDefaultURLTypes(final List<UrlType> urlTypes) or addDefaultURLTypes(UrlType urlType) with your specialized UrlType.
	at org.reflections.vfs.Vfs.fromURL(Vfs.java:113)
	at org.reflections.vfs.Vfs.fromURL(Vfs.java:95)
	at org.reflections.Reflections.lambda$scan$2(Reflections.java:176)
	at java.base/java.util.stream.ForEachOps$ForEachOp$OfRef.accept(ForEachOps.java:186)
	at java.base/java.util.HashMap$KeySpliterator.forEachRemaining(HashMap.java:1716)
	at java.base/java.util.stream.AbstractPipeline.copyInto(AbstractPipeline.java:570)
	at java.base/java.util.stream.ForEachOps$ForEachTask.compute(ForEachOps.java:293)
	at java.base/java.util.concurrent.CountedCompleter.exec(CountedCompleter.java:759)
	at java.base/java.util.concurrent.ForkJoinTask.doExec(ForkJoinTask.java:511)
	at java.base/java.util.concurrent.ForkJoinPool$WorkQueue.topLevelExec(ForkJoinPool.java:1450)
	at java.base/java.util.concurrent.ForkJoinPool.runWorker(ForkJoinPool.java:2019)
	at java.base/java.util.concurrent.ForkJoinWorkerThread.run(ForkJoinWorkerThread.java:187)
[ForkJoinPool.commonPool-worker-3] WARN org.reflections.Reflections - could not create Vfs.Dir from url. ignoring the exception and continuing
org.reflections.ReflectionsException: could not create Vfs.Dir from url, no matching UrlType was found [file:/C:/Users/a.basaleh/.jdks/openjdk-26.0.1!/java.desktop]
either use fromURL(final URL url, final List<UrlType> urlTypes) or use the static setDefaultURLTypes(final List<UrlType> urlTypes) or addDefaultURLTypes(UrlType urlType) with your specialized UrlType.
	at org.reflections.vfs.Vfs.fromURL(Vfs.java:113)
	at org.reflections.vfs.Vfs.fromURL(Vfs.java:95)
	at org.reflections.Reflections.lambda$scan$2(Reflections.java:176)
	at java.base/java.util.stream.ForEachOps$ForEachOp$OfRef.accept(ForEachOps.java:186)
	at java.base/java.util.HashMap$KeySpliterator.forEachRemaining(HashMap.java:1716)
	at java.base/java.util.stream.AbstractPipeline.copyInto(AbstractPipeline.java:570)
	at java.base/java.util.stream.ForEachOps$ForEachTask.compute(ForEachOps.java:293)
	at java.base/java.util.concurrent.CountedCompleter.exec(CountedCompleter.java:759)
	at java.base/java.util.concurrent.ForkJoinTask.doExec(ForkJoinTask.java:511)
	at java.base/java.util.concurrent.ForkJoinPool$WorkQueue.topLevelExec(ForkJoinPool.java:1450)
	at java.base/java.util.concurrent.ForkJoinPool.runWorker(ForkJoinPool.java:2019)
	at java.base/java.util.concurrent.ForkJoinWorkerThread.run(ForkJoinWorkerThread.java:187)
[ForkJoinPool.commonPool-worker-6] WARN org.reflections.Reflections - could not create Dir using com.thoughtworks.gauge.scan.ClasspathScanner$1@bd6a547 from url file:/C:/Users/a.basaleh/.jdks/openjdk-26.0.1!/jdk.crypto.ec. skipping.
java.lang.NullPointerException: Cannot invoke "java.io.File.isDirectory()" because "file" is null
	at com.thoughtworks.gauge.scan.ClasspathScanner$1.createDir(ClasspathScanner.java:48)
	at org.reflections.vfs.Vfs.fromURL(Vfs.java:103)
	at org.reflections.vfs.Vfs.fromURL(Vfs.java:95)
	at org.reflections.Reflections.lambda$scan$2(Reflections.java:176)
	at java.base/java.util.stream.ForEachOps$ForEachOp$OfRef.accept(ForEachOps.java:186)
	at java.base/java.util.HashMap$KeySpliterator.forEachRemaining(HashMap.java:1716)
	at java.base/java.util.stream.AbstractPipeline.copyInto(AbstractPipeline.java:570)
	at java.base/java.util.stream.ForEachOps$ForEachTask.compute(ForEachOps.java:293)
	at java.base/java.util.concurrent.CountedCompleter.exec(CountedCompleter.java:759)
	at java.base/java.util.concurrent.ForkJoinTask.doExec(ForkJoinTask.java:511)
	at java.base/java.util.concurrent.ForkJoinPool$WorkQueue.topLevelExec(ForkJoinPool.java:1450)
	at java.base/java.util.concurrent.ForkJoinPool.runWorker(ForkJoinPool.java:2019)
	at java.base/java.util.concurrent.ForkJoinWorkerThread.run(ForkJoinWorkerThread.java:187)
[ForkJoinPool.commonPool-worker-4] WARN org.reflections.Reflections - could not create Dir using com.thoughtworks.gauge.scan.ClasspathScanner$1@bd6a547 from url file:/C:/Users/a.basaleh/.jdks/openjdk-26.0.1!/java.base. skipping.
java.lang.NullPointerException: Cannot invoke "java.io.File.isDirectory()" because "file" is null
	at com.thoughtworks.gauge.scan.ClasspathScanner$1.createDir(ClasspathScanner.java:48)
	at org.reflections.vfs.Vfs.fromURL(Vfs.java:103)
	at org.reflections.vfs.Vfs.fromURL(Vfs.java:95)
	at org.reflections.Reflections.lambda$scan$2(Reflections.java:176)
	at java.base/java.util.stream.ForEachOps$ForEachOp$OfRef.accept(ForEachOps.java:186)
	at java.base/java.util.HashMap$KeySpliterator.forEachRemaining(HashMap.java:1716)
	at java.base/java.util.stream.AbstractPipeline.copyInto(AbstractPipeline.java:570)
	at java.base/java.util.stream.ForEachOps$ForEachTask.compute(ForEachOps.java:293)
	at java.base/java.util.concurrent.CountedCompleter.exec(CountedCompleter.java:759)
	at java.base/java.util.concurrent.ForkJoinTask.doExec(ForkJoinTask.java:511)
	at java.base/java.util.concurrent.ForkJoinPool$WorkQueue.topLevelExec(ForkJoinPool.java:1450)
	at java.base/java.util.concurrent.ForkJoinPool.runWorker(ForkJoinPool.java:2019)
	at java.base/java.util.concurrent.ForkJoinWorkerThread.run(ForkJoinWorkerThread.java:187)
[pool-2-thread-1] WARN org.reflections.Reflections - could not create Dir using com.thoughtworks.gauge.scan.ClasspathScanner$1@bd6a547 from url file:/C:/Users/a.basaleh/.jdks/openjdk-26.0.1!/java.transaction.xa. skipping.
java.lang.NullPointerException: Cannot invoke "java.io.File.isDirectory()" because "file" is null
	at com.thoughtworks.gauge.scan.ClasspathScanner$1.createDir(ClasspathScanner.java:48)
	at org.reflections.vfs.Vfs.fromURL(Vfs.java:103)
	at org.reflections.vfs.Vfs.fromURL(Vfs.java:95)
	at org.reflections.Reflections.lambda$scan$2(Reflections.java:176)
	at java.base/java.util.stream.ForEachOps$ForEachOp$OfRef.accept(ForEachOps.java:186)
	at java.base/java.util.HashMap$KeySpliterator.forEachRemaining(HashMap.java:1716)
	at java.base/java.util.stream.AbstractPipeline.copyInto(AbstractPipeline.java:570)
	at java.base/java.util.stream.ForEachOps$ForEachTask.compute(ForEachOps.java:293)
	at java.base/java.util.concurrent.CountedCompleter.exec(CountedCompleter.java:759)
	at java.base/java.util.concurrent.ForkJoinTask.doExec(ForkJoinTask.java:511)
	at java.base/java.util.concurrent.ForkJoinPool.helpComplete(ForkJoinPool.java:2375)
	at java.base/java.util.concurrent.ForkJoinTask.awaitDone(ForkJoinTask.java:497)
	at java.base/java.util.concurrent.ForkJoinTask.join(ForkJoinTask.java:669)
	at java.base/java.util.concurrent.ForkJoinTask.invoke(ForkJoinTask.java:684)
	at java.base/java.util.stream.ForEachOps$ForEachOp.evaluateParallel(ForEachOps.java:162)
	at java.base/java.util.stream.ForEachOps$ForEachOp$OfRef.evaluateParallel(ForEachOps.java:176)
	at java.base/java.util.stream.AbstractPipeline.evaluate(AbstractPipeline.java:264)
	at java.base/java.util.stream.ReferencePipeline.forEach(ReferencePipeline.java:632)
	at java.base/java.util.stream.ReferencePipeline$Head.forEach(ReferencePipeline.java:806)
	at org.reflections.Reflections.scan(Reflections.java:173)
	at org.reflections.Reflections.<init>(Reflections.java:126)
	at com.thoughtworks.gauge.execution.parameters.parsers.base.ParameterParsingChain.createReflections(ParameterParsingChain.java:47)
	at com.thoughtworks.gauge.execution.parameters.parsers.base.ParameterParsingChain.<init>(ParameterParsingChain.java:33)
	at com.thoughtworks.gauge.connection.MessageProcessorFactory.initializeExecutionMessageProcessors(MessageProcessorFactory.java:91)
	at com.thoughtworks.gauge.connection.MessageProcessorFactory.getProcessor(MessageProcessorFactory.java:66)
	at com.thoughtworks.gauge.RunnerServiceHandler.lambda$validateStep$17(RunnerServiceHandler.java:332)
	at java.base/java.util.concurrent.ThreadPoolExecutor.runWorker(ThreadPoolExecutor.java:1090)
	at java.base/java.util.concurrent.ThreadPoolExecutor$Worker.run(ThreadPoolExecutor.java:614)
	at java.base/java.lang.Thread.run(Thread.java:1516)
[ForkJoinPool.commonPool-worker-2] WARN org.reflections.Reflections - could not create Dir using com.thoughtworks.gauge.scan.ClasspathScanner$1@bd6a547 from url file:/C:/Users/a.basaleh/.jdks/openjdk-26.0.1!/jdk.internal.vm.ci. skipping.
java.lang.NullPointerException: Cannot invoke "java.io.File.isDirectory()" because "file" is null
	at com.thoughtworks.gauge.scan.ClasspathScanner$1.createDir(ClasspathScanner.java:48)
	at org.reflections.vfs.Vfs.fromURL(Vfs.java:103)
	at org.reflections.vfs.Vfs.fromURL(Vfs.java:95)
	at org.reflections.Reflections.lambda$scan$2(Reflections.java:176)
	at java.base/java.util.stream.ForEachOps$ForEachOp$OfRef.accept(ForEachOps.java:186)
	at java.base/java.util.HashMap$KeySpliterator.forEachRemaining(HashMap.java:1716)
	at java.base/java.util.stream.AbstractPipeline.copyInto(AbstractPipeline.java:570)
	at java.base/java.util.stream.ForEachOps$ForEachTask.compute(ForEachOps.java:293)
	at java.base/java.util.concurrent.CountedCompleter.exec(CountedCompleter.java:759)
	at java.base/java.util.concurrent.ForkJoinTask.doExec(ForkJoinTask.java:511)
	at java.base/java.util.concurrent.ForkJoinPool$WorkQueue.topLevelExec(ForkJoinPool.java:1450)
	at java.base/java.util.concurrent.ForkJoinPool.runWorker(ForkJoinPool.java:2019)
	at java.base/java.util.concurrent.ForkJoinWorkerThread.run(ForkJoinWorkerThread.java:187)
[ForkJoinPool.commonPool-worker-6] WARN org.reflections.Reflections - could not create Vfs.Dir from url. ignoring the exception and continuing
org.reflections.ReflectionsException: could not create Vfs.Dir from url, no matching UrlType was found [file:/C:/Users/a.basaleh/.jdks/openjdk-26.0.1!/jdk.crypto.ec]
either use fromURL(final URL url, final List<UrlType> urlTypes) or use the static setDefaultURLTypes(final List<UrlType> urlTypes) or addDefaultURLTypes(UrlType urlType) with your specialized UrlType.
	at org.reflections.vfs.Vfs.fromURL(Vfs.java:113)
	at org.reflections.vfs.Vfs.fromURL(Vfs.java:95)
	at org.reflections.Reflections.lambda$scan$2(Reflections.java:176)
	at java.base/java.util.stream.ForEachOps$ForEachOp$OfRef.accept(ForEachOps.java:186)
	at java.base/java.util.HashMap$KeySpliterator.forEachRemaining(HashMap.java:1716)
	at java.base/java.util.stream.AbstractPipeline.copyInto(AbstractPipeline.java:570)
	at java.base/java.util.stream.ForEachOps$ForEachTask.compute(ForEachOps.java:293)
	at java.base/java.util.concurrent.CountedCompleter.exec(CountedCompleter.java:759)
	at java.base/java.util.concurrent.ForkJoinTask.doExec(ForkJoinTask.java:511)
	at java.base/java.util.concurrent.ForkJoinPool$WorkQueue.topLevelExec(ForkJoinPool.java:1450)
	at java.base/java.util.concurrent.ForkJoinPool.runWorker(ForkJoinPool.java:2019)
	at java.base/java.util.concurrent.ForkJoinWorkerThread.run(ForkJoinWorkerThread.java:187)
[ForkJoinPool.commonPool-worker-4] WARN org.reflections.Reflections - could not create Vfs.Dir from url. ignoring the exception and continuing
org.reflections.ReflectionsException: could not create Vfs.Dir from url, no matching UrlType was found [file:/C:/Users/a.basaleh/.jdks/openjdk-26.0.1!/java.base]
either use fromURL(final URL url, final List<UrlType> urlTypes) or use the static setDefaultURLTypes(final List<UrlType> urlTypes) or addDefaultURLTypes(UrlType urlType) with your specialized UrlType.
	at org.reflections.vfs.Vfs.fromURL(Vfs.java:113)
	at org.reflections.vfs.Vfs.fromURL(Vfs.java:95)
	at org.reflections.Reflections.lambda$scan$2(Reflections.java:176)
	at java.base/java.util.stream.ForEachOps$ForEachOp$OfRef.accept(ForEachOps.java:186)
	at java.base/java.util.HashMap$KeySpliterator.forEachRemaining(HashMap.java:1716)
	at java.base/java.util.stream.AbstractPipeline.copyInto(AbstractPipeline.java:570)
	at java.base/java.util.stream.ForEachOps$ForEachTask.compute(ForEachOps.java:293)
	at java.base/java.util.concurrent.CountedCompleter.exec(CountedCompleter.java:759)
	at java.base/java.util.concurrent.ForkJoinTask.doExec(ForkJoinTask.java:511)
	at java.base/java.util.concurrent.ForkJoinPool$WorkQueue.topLevelExec(ForkJoinPool.java:1450)
	at java.base/java.util.concurrent.ForkJoinPool.runWorker(ForkJoinPool.java:2019)
	at java.base/java.util.concurrent.ForkJoinWorkerThread.run(ForkJoinWorkerThread.java:187)
[pool-2-thread-1] WARN org.reflections.Reflections - could not create Vfs.Dir from url. ignoring the exception and continuing
org.reflections.ReflectionsException: could not create Vfs.Dir from url, no matching UrlType was found [file:/C:/Users/a.basaleh/.jdks/openjdk-26.0.1!/java.transaction.xa]
either use fromURL(final URL url, final List<UrlType> urlTypes) or use the static setDefaultURLTypes(final List<UrlType> urlTypes) or addDefaultURLTypes(UrlType urlType) with your specialized UrlType.
	at org.reflections.vfs.Vfs.fromURL(Vfs.java:113)
	at org.reflections.vfs.Vfs.fromURL(Vfs.java:95)
	at org.reflections.Reflections.lambda$scan$2(Reflections.java:176)
	at java.base/java.util.stream.ForEachOps$ForEachOp$OfRef.accept(ForEachOps.java:186)
	at java.base/java.util.HashMap$KeySpliterator.forEachRemaining(HashMap.java:1716)
	at java.base/java.util.stream.AbstractPipeline.copyInto(AbstractPipeline.java:570)
	at java.base/java.util.stream.ForEachOps$ForEachTask.compute(ForEachOps.java:293)
	at java.base/java.util.concurrent.CountedCompleter.exec(CountedCompleter.java:759)
	at java.base/java.util.concurrent.ForkJoinTask.doExec(ForkJoinTask.java:511)
	at java.base/java.util.concurrent.ForkJoinPool.helpComplete(ForkJoinPool.java:2375)
	at java.base/java.util.concurrent.ForkJoinTask.awaitDone(ForkJoinTask.java:497)
	at java.base/java.util.concurrent.ForkJoinTask.join(ForkJoinTask.java:669)
	at java.base/java.util.concurrent.ForkJoinTask.invoke(ForkJoinTask.java:684)
	at java.base/java.util.stream.ForEachOps$ForEachOp.evaluateParallel(ForEachOps.java:162)
	at java.base/java.util.stream.ForEachOps$ForEachOp$OfRef.evaluateParallel(ForEachOps.java:176)
	at java.base/java.util.stream.AbstractPipeline.evaluate(AbstractPipeline.java:264)
	at java.base/java.util.stream.ReferencePipeline.forEach(ReferencePipeline.java:632)
	at java.base/java.util.stream.ReferencePipeline$Head.forEach(ReferencePipeline.java:806)
	at org.reflections.Reflections.scan(Reflections.java:173)
	at org.reflections.Reflections.<init>(Reflections.java:126)
	at com.thoughtworks.gauge.execution.parameters.parsers.base.ParameterParsingChain.createReflections(ParameterParsingChain.java:47)
	at com.thoughtworks.gauge.execution.parameters.parsers.base.ParameterParsingChain.<init>(ParameterParsingChain.java:33)
	at com.thoughtworks.gauge.connection.MessageProcessorFactory.initializeExecutionMessageProcessors(MessageProcessorFactory.java:91)
	at com.thoughtworks.gauge.connection.MessageProcessorFactory.getProcessor(MessageProcessorFactory.java:66)
	at com.thoughtworks.gauge.RunnerServiceHandler.lambda$validateStep$17(RunnerServiceHandler.java:332)
	at java.base/java.util.concurrent.ThreadPoolExecutor.runWorker(ThreadPoolExecutor.java:1090)
	at java.base/java.util.concurrent.ThreadPoolExecutor$Worker.run(ThreadPoolExecutor.java:614)
	at java.base/java.lang.Thread.run(Thread.java:1516)
[ForkJoinPool.commonPool-worker-2] WARN org.reflections.Reflections - could not create Vfs.Dir from url. ignoring the exception and continuing
org.reflections.ReflectionsException: could not create Vfs.Dir from url, no matching UrlType was found [file:/C:/Users/a.basaleh/.jdks/openjdk-26.0.1!/jdk.internal.vm.ci]
either use fromURL(final URL url, final List<UrlType> urlTypes) or use the static setDefaultURLTypes(final List<UrlType> urlTypes) or addDefaultURLTypes(UrlType urlType) with your specialized UrlType.
	at org.reflections.vfs.Vfs.fromURL(Vfs.java:113)
	at org.reflections.vfs.Vfs.fromURL(Vfs.java:95)
	at org.reflections.Reflections.lambda$scan$2(Reflections.java:176)
	at java.base/java.util.stream.ForEachOps$ForEachOp$OfRef.accept(ForEachOps.java:186)
	at java.base/java.util.HashMap$KeySpliterator.forEachRemaining(HashMap.java:1716)
	at java.base/java.util.stream.AbstractPipeline.copyInto(AbstractPipeline.java:570)
	at java.base/java.util.stream.ForEachOps$ForEachTask.compute(ForEachOps.java:293)
	at java.base/java.util.concurrent.CountedCompleter.exec(CountedCompleter.java:759)
	at java.base/java.util.concurrent.ForkJoinTask.doExec(ForkJoinTask.java:511)
	at java.base/java.util.concurrent.ForkJoinPool$WorkQueue.topLevelExec(ForkJoinPool.java:1450)
	at java.base/java.util.concurrent.ForkJoinPool.runWorker(ForkJoinPool.java:2019)
	at java.base/java.util.concurrent.ForkJoinWorkerThread.run(ForkJoinWorkerThread.java:187)
[ForkJoinPool.commonPool-worker-4] WARN org.reflections.Reflections - could not create Dir using com.thoughtworks.gauge.scan.ClasspathScanner$1@bd6a547 from url file:/C:/Users/a.basaleh/.jdks/openjdk-26.0.1!/java.prefs. skipping.
java.lang.NullPointerException: Cannot invoke "java.io.File.isDirectory()" because "file" is null
	at com.thoughtworks.gauge.scan.ClasspathScanner$1.createDir(ClasspathScanner.java:48)
	at org.reflections.vfs.Vfs.fromURL(Vfs.java:103)
	at org.reflections.vfs.Vfs.fromURL(Vfs.java:95)
	at org.reflections.Reflections.lambda$scan$2(Reflections.java:176)
	at java.base/java.util.stream.ForEachOps$ForEachOp$OfRef.accept(ForEachOps.java:186)
	at java.base/java.util.HashMap$KeySpliterator.forEachRemaining(HashMap.java:1716)
	at java.base/java.util.stream.AbstractPipeline.copyInto(AbstractPipeline.java:570)
	at java.base/java.util.stream.ForEachOps$ForEachTask.compute(ForEachOps.java:293)
	at java.base/java.util.concurrent.CountedCompleter.exec(CountedCompleter.java:759)
	at java.base/java.util.concurrent.ForkJoinTask.doExec(ForkJoinTask.java:511)
	at java.base/java.util.concurrent.ForkJoinPool$WorkQueue.topLevelExec(ForkJoinPool.java:1450)
	at java.base/java.util.concurrent.ForkJoinPool.runWorker(ForkJoinPool.java:2019)
	at java.base/java.util.concurrent.ForkJoinWorkerThread.run(ForkJoinWorkerThread.java:187)
[ForkJoinPool.commonPool-worker-3] WARN org.reflections.Reflections - could not create Dir using com.thoughtworks.gauge.scan.ClasspathScanner$1@bd6a547 from url file:/C:/Users/a.basaleh/.jdks/openjdk-26.0.1!/jdk.jstatd. skipping.
java.lang.NullPointerException: Cannot invoke "java.io.File.isDirectory()" because "file" is null
	at com.thoughtworks.gauge.scan.ClasspathScanner$1.createDir(ClasspathScanner.java:48)
	at org.reflections.vfs.Vfs.fromURL(Vfs.java:103)
	at org.reflections.vfs.Vfs.fromURL(Vfs.java:95)
	at org.reflections.Reflections.lambda$scan$2(Reflections.java:176)
	at java.base/java.util.stream.ForEachOps$ForEachOp$OfRef.accept(ForEachOps.java:186)
	at java.base/java.util.HashMap$KeySpliterator.forEachRemaining(HashMap.java:1716)
	at java.base/java.util.stream.AbstractPipeline.copyInto(AbstractPipeline.java:570)
	at java.base/java.util.stream.ForEachOps$ForEachTask.compute(ForEachOps.java:293)
	at java.base/java.util.concurrent.CountedCompleter.exec(CountedCompleter.java:759)
	at java.base/java.util.concurrent.ForkJoinTask.doExec(ForkJoinTask.java:511)
	at java.base/java.util.concurrent.ForkJoinPool$WorkQueue.topLevelExec(ForkJoinPool.java:1450)
	at java.base/java.util.concurrent.ForkJoinPool.runWorker(ForkJoinPool.java:2019)
	at java.base/java.util.concurrent.ForkJoinWorkerThread.run(ForkJoinWorkerThread.java:187)
[ForkJoinPool.commonPool-worker-10] WARN org.reflections.Reflections - could not create Dir using com.thoughtworks.gauge.scan.ClasspathScanner$1@bd6a547 from url file:/C:/Users/a.basaleh/.jdks/openjdk-26.0.1!/jdk.dynalink. skipping.
java.lang.NullPointerException: Cannot invoke "java.io.File.isDirectory()" because "file" is null
	at com.thoughtworks.gauge.scan.ClasspathScanner$1.createDir(ClasspathScanner.java:48)
	at org.reflections.vfs.Vfs.fromURL(Vfs.java:103)
	at org.reflections.vfs.Vfs.fromURL(Vfs.java:95)
	at org.reflections.Reflections.lambda$scan$2(Reflections.java:176)
	at java.base/java.util.stream.ForEachOps$ForEachOp$OfRef.accept(ForEachOps.java:186)
	at java.base/java.util.HashMap$KeySpliterator.forEachRemaining(HashMap.java:1716)
	at java.base/java.util.stream.AbstractPipeline.copyInto(AbstractPipeline.java:570)
	at java.base/java.util.stream.ForEachOps$ForEachTask.compute(ForEachOps.java:293)
	at java.base/java.util.concurrent.CountedCompleter.exec(CountedCompleter.java:759)
	at java.base/java.util.concurrent.ForkJoinTask.doExec(ForkJoinTask.java:511)
	at java.base/java.util.concurrent.ForkJoinPool$WorkQueue.topLevelExec(ForkJoinPool.java:1450)
	at java.base/java.util.concurrent.ForkJoinPool.runWorker(ForkJoinPool.java:2019)
	at java.base/java.util.concurrent.ForkJoinWorkerThread.run(ForkJoinWorkerThread.java:187)
[ForkJoinPool.commonPool-worker-10] WARN org.reflections.Reflections - could not create Vfs.Dir from url. ignoring the exception and continuing
org.reflections.ReflectionsException: could not create Vfs.Dir from url, no matching UrlType was found [file:/C:/Users/a.basaleh/.jdks/openjdk-26.0.1!/jdk.dynalink]
either use fromURL(final URL url, final List<UrlType> urlTypes) or use the static setDefaultURLTypes(final List<UrlType> urlTypes) or addDefaultURLTypes(UrlType urlType) with your specialized UrlType.
	at org.reflections.vfs.Vfs.fromURL(Vfs.java:113)
	at org.reflections.vfs.Vfs.fromURL(Vfs.java:95)
	at org.reflections.Reflections.lambda$scan$2(Reflections.java:176)
	at java.base/java.util.stream.ForEachOps$ForEachOp$OfRef.accept(ForEachOps.java:186)
	at java.base/java.util.HashMap$KeySpliterator.forEachRemaining(HashMap.java:1716)
	at java.base/java.util.stream.AbstractPipeline.copyInto(AbstractPipeline.java:570)
	at java.base/java.util.stream.ForEachOps$ForEachTask.compute(ForEachOps.java:293)
	at java.base/java.util.concurrent.CountedCompleter.exec(CountedCompleter.java:759)
	at java.base/java.util.concurrent.ForkJoinTask.doExec(ForkJoinTask.java:511)
	at java.base/java.util.concurrent.ForkJoinPool$WorkQueue.topLevelExec(ForkJoinPool.java:1450)
	at java.base/java.util.concurrent.ForkJoinPool.runWorker(ForkJoinPool.java:2019)
	at java.base/java.util.concurrent.ForkJoinWorkerThread.run(ForkJoinWorkerThread.java:187)
[ForkJoinPool.commonPool-worker-1] WARN org.reflections.Reflections - could not create Dir using com.thoughtworks.gauge.scan.ClasspathScanner$1@bd6a547 from url file:/C:/Users/a.basaleh/.jdks/openjdk-26.0.1!/jdk.jconsole. skipping.
java.lang.NullPointerException: Cannot invoke "java.io.File.isDirectory()" because "file" is null
	at com.thoughtworks.gauge.scan.ClasspathScanner$1.createDir(ClasspathScanner.java:48)
	at org.reflections.vfs.Vfs.fromURL(Vfs.java:103)
	at org.reflections.vfs.Vfs.fromURL(Vfs.java:95)
	at org.reflections.Reflections.lambda$scan$2(Reflections.java:176)
	at java.base/java.util.stream.ForEachOps$ForEachOp$OfRef.accept(ForEachOps.java:186)
	at java.base/java.util.HashMap$KeySpliterator.forEachRemaining(HashMap.java:1716)
	at java.base/java.util.stream.AbstractPipeline.copyInto(AbstractPipeline.java:570)
	at java.base/java.util.stream.ForEachOps$ForEachTask.compute(ForEachOps.java:293)
	at java.base/java.util.concurrent.CountedCompleter.exec(CountedCompleter.java:759)
	at java.base/java.util.concurrent.ForkJoinTask.doExec(ForkJoinTask.java:511)
	at java.base/java.util.concurrent.ForkJoinPool$WorkQueue.topLevelExec(ForkJoinPool.java:1450)
	at java.base/java.util.concurrent.ForkJoinPool.runWorker(ForkJoinPool.java:2019)
	at java.base/java.util.concurrent.ForkJoinWorkerThread.run(ForkJoinWorkerThread.java:187)
[ForkJoinPool.commonPool-worker-2] WARN org.reflections.Reflections - could not create Dir using com.thoughtworks.gauge.scan.ClasspathScanner$1@bd6a547 from url file:/C:/Users/a.basaleh/.jdks/openjdk-26.0.1!/jdk.management.agent. skipping.
java.lang.NullPointerException: Cannot invoke "java.io.File.isDirectory()" because "file" is null
	at com.thoughtworks.gauge.scan.ClasspathScanner$1.createDir(ClasspathScanner.java:48)
	at org.reflections.vfs.Vfs.fromURL(Vfs.java:103)
	at org.reflections.vfs.Vfs.fromURL(Vfs.java:95)
	at org.reflections.Reflections.lambda$scan$2(Reflections.java:176)
	at java.base/java.util.stream.ForEachOps$ForEachOp$OfRef.accept(ForEachOps.java:186)
	at java.base/java.util.HashMap$KeySpliterator.forEachRemaining(HashMap.java:1716)
	at java.base/java.util.stream.AbstractPipeline.copyInto(AbstractPipeline.java:570)
	at java.base/java.util.stream.ForEachOps$ForEachTask.compute(ForEachOps.java:293)
	at java.base/java.util.concurrent.CountedCompleter.exec(CountedCompleter.java:759)
	at java.base/java.util.concurrent.ForkJoinTask.doExec(ForkJoinTask.java:511)
	at java.base/java.util.concurrent.ForkJoinPool$WorkQueue.topLevelExec(ForkJoinPool.java:1450)
	at java.base/java.util.concurrent.ForkJoinPool.runWorker(ForkJoinPool.java:2019)
	at java.base/java.util.concurrent.ForkJoinWorkerThread.run(ForkJoinWorkerThread.java:187)
[pool-2-thread-1] WARN org.reflections.Reflections - could not create Dir using com.thoughtworks.gauge.scan.ClasspathScanner$1@bd6a547 from url file:/C:/Users/a.basaleh/.jdks/openjdk-26.0.1!/java.security.sasl. skipping.
java.lang.NullPointerException: Cannot invoke "java.io.File.isDirectory()" because "file" is null
	at com.thoughtworks.gauge.scan.ClasspathScanner$1.createDir(ClasspathScanner.java:48)
	at org.reflections.vfs.Vfs.fromURL(Vfs.java:103)
	at org.reflections.vfs.Vfs.fromURL(Vfs.java:95)
	at org.reflections.Reflections.lambda$scan$2(Reflections.java:176)
	at java.base/java.util.stream.ForEachOps$ForEachOp$OfRef.accept(ForEachOps.java:186)
	at java.base/java.util.HashMap$KeySpliterator.forEachRemaining(HashMap.java:1716)
	at java.base/java.util.stream.AbstractPipeline.copyInto(AbstractPipeline.java:570)
	at java.base/java.util.stream.ForEachOps$ForEachTask.compute(ForEachOps.java:293)
	at java.base/java.util.concurrent.CountedCompleter.exec(CountedCompleter.java:759)
	at java.base/java.util.concurrent.ForkJoinTask.doExec(ForkJoinTask.java:511)
	at java.base/java.util.concurrent.ForkJoinPool$WorkQueue.helpComplete(ForkJoinPool.java:1537)
	at java.base/java.util.concurrent.ForkJoinPool.helpComplete(ForkJoinPool.java:2332)
	at java.base/java.util.concurrent.ForkJoinTask.awaitDone(ForkJoinTask.java:497)
	at java.base/java.util.concurrent.ForkJoinTask.join(ForkJoinTask.java:669)
	at java.base/java.util.concurrent.ForkJoinTask.invoke(ForkJoinTask.java:684)
	at java.base/java.util.stream.ForEachOps$ForEachOp.evaluateParallel(ForEachOps.java:162)
	at java.base/java.util.stream.ForEachOps$ForEachOp$OfRef.evaluateParallel(ForEachOps.java:176)
	at java.base/java.util.stream.AbstractPipeline.evaluate(AbstractPipeline.java:264)
	at java.base/java.util.stream.ReferencePipeline.forEach(ReferencePipeline.java:632)
	at java.base/java.util.stream.ReferencePipeline$Head.forEach(ReferencePipeline.java:806)
	at org.reflections.Reflections.scan(Reflections.java:173)
	at org.reflections.Reflections.<init>(Reflections.java:126)
	at com.thoughtworks.gauge.execution.parameters.parsers.base.ParameterParsingChain.createReflections(ParameterParsingChain.java:47)
	at com.thoughtworks.gauge.execution.parameters.parsers.base.ParameterParsingChain.<init>(ParameterParsingChain.java:33)
	at com.thoughtworks.gauge.connection.MessageProcessorFactory.initializeExecutionMessageProcessors(MessageProcessorFactory.java:91)
	at com.thoughtworks.gauge.connection.MessageProcessorFactory.getProcessor(MessageProcessorFactory.java:66)
	at com.thoughtworks.gauge.RunnerServiceHandler.lambda$validateStep$17(RunnerServiceHandler.java:332)
	at java.base/java.util.concurrent.ThreadPoolExecutor.runWorker(ThreadPoolExecutor.java:1090)
	at java.base/java.util.concurrent.ThreadPoolExecutor$Worker.run(ThreadPoolExecutor.java:614)
	at java.base/java.lang.Thread.run(Thread.java:1516)
[ForkJoinPool.commonPool-worker-4] WARN org.reflections.Reflections - could not create Vfs.Dir from url. ignoring the exception and continuing
org.reflections.ReflectionsException: could not create Vfs.Dir from url, no matching UrlType was found [file:/C:/Users/a.basaleh/.jdks/openjdk-26.0.1!/java.prefs]
either use fromURL(final URL url, final List<UrlType> urlTypes) or use the static setDefaultURLTypes(final List<UrlType> urlTypes) or addDefaultURLTypes(UrlType urlType) with your specialized UrlType.
	at org.reflections.vfs.Vfs.fromURL(Vfs.java:113)
	at org.reflections.vfs.Vfs.fromURL(Vfs.java:95)
	at org.reflections.Reflections.lambda$scan$2(Reflections.java:176)
	at java.base/java.util.stream.ForEachOps$ForEachOp$OfRef.accept(ForEachOps.java:186)
	at java.base/java.util.HashMap$KeySpliterator.forEachRemaining(HashMap.java:1716)
	at java.base/java.util.stream.AbstractPipeline.copyInto(AbstractPipeline.java:570)
	at java.base/java.util.stream.ForEachOps$ForEachTask.compute(ForEachOps.java:293)
	at java.base/java.util.concurrent.CountedCompleter.exec(CountedCompleter.java:759)
	at java.base/java.util.concurrent.ForkJoinTask.doExec(ForkJoinTask.java:511)
	at java.base/java.util.concurrent.ForkJoinPool$WorkQueue.topLevelExec(ForkJoinPool.java:1450)
	at java.base/java.util.concurrent.ForkJoinPool.runWorker(ForkJoinPool.java:2019)
	at java.base/java.util.concurrent.ForkJoinWorkerThread.run(ForkJoinWorkerThread.java:187)
[ForkJoinPool.commonPool-worker-8] WARN org.reflections.Reflections - could not create Dir using com.thoughtworks.gauge.scan.ClasspathScanner$1@bd6a547 from url file:/C:/Users/a.basaleh/.jdks/openjdk-26.0.1!/jdk.editpad. skipping.
java.lang.NullPointerException: Cannot invoke "java.io.File.isDirectory()" because "file" is null
	at com.thoughtworks.gauge.scan.ClasspathScanner$1.createDir(ClasspathScanner.java:48)
	at org.reflections.vfs.Vfs.fromURL(Vfs.java:103)
	at org.reflections.vfs.Vfs.fromURL(Vfs.java:95)
	at org.reflections.Reflections.lambda$scan$2(Reflections.java:176)
	at java.base/java.util.stream.ForEachOps$ForEachOp$OfRef.accept(ForEachOps.java:186)
	at java.base/java.util.HashMap$KeySpliterator.forEachRemaining(HashMap.java:1716)
	at java.base/java.util.stream.AbstractPipeline.copyInto(AbstractPipeline.java:570)
	at java.base/java.util.stream.ForEachOps$ForEachTask.compute(ForEachOps.java:293)
	at java.base/java.util.concurrent.CountedCompleter.exec(CountedCompleter.java:759)
	at java.base/java.util.concurrent.ForkJoinTask.doExec(ForkJoinTask.java:511)
	at java.base/java.util.concurrent.ForkJoinPool$WorkQueue.topLevelExec(ForkJoinPool.java:1450)
	at java.base/java.util.concurrent.ForkJoinPool.runWorker(ForkJoinPool.java:2019)
	at java.base/java.util.concurrent.ForkJoinWorkerThread.run(ForkJoinWorkerThread.java:187)
[ForkJoinPool.commonPool-worker-3] WARN org.reflections.Reflections - could not create Vfs.Dir from url. ignoring the exception and continuing
org.reflections.ReflectionsException: could not create Vfs.Dir from url, no matching UrlType was found [file:/C:/Users/a.basaleh/.jdks/openjdk-26.0.1!/jdk.jstatd]
either use fromURL(final URL url, final List<UrlType> urlTypes) or use the static setDefaultURLTypes(final List<UrlType> urlTypes) or addDefaultURLTypes(UrlType urlType) with your specialized UrlType.
	at org.reflections.vfs.Vfs.fromURL(Vfs.java:113)
	at org.reflections.vfs.Vfs.fromURL(Vfs.java:95)
	at org.reflections.Reflections.lambda$scan$2(Reflections.java:176)
	at java.base/java.util.stream.ForEachOps$ForEachOp$OfRef.accept(ForEachOps.java:186)
	at java.base/java.util.HashMap$KeySpliterator.forEachRemaining(HashMap.java:1716)
	at java.base/java.util.stream.AbstractPipeline.copyInto(AbstractPipeline.java:570)
	at java.base/java.util.stream.ForEachOps$ForEachTask.compute(ForEachOps.java:293)
	at java.base/java.util.concurrent.CountedCompleter.exec(CountedCompleter.java:759)
	at java.base/java.util.concurrent.ForkJoinTask.doExec(ForkJoinTask.java:511)
	at java.base/java.util.concurrent.ForkJoinPool$WorkQueue.topLevelExec(ForkJoinPool.java:1450)
	at java.base/java.util.concurrent.ForkJoinPool.runWorker(ForkJoinPool.java:2019)
	at java.base/java.util.concurrent.ForkJoinWorkerThread.run(ForkJoinWorkerThread.java:187)
[ForkJoinPool.commonPool-worker-1] WARN org.reflections.Reflections - could not create Vfs.Dir from url. ignoring the exception and continuing
org.reflections.ReflectionsException: could not create Vfs.Dir from url, no matching UrlType was found [file:/C:/Users/a.basaleh/.jdks/openjdk-26.0.1!/jdk.jconsole]
either use fromURL(final URL url, final List<UrlType> urlTypes) or use the static setDefaultURLTypes(final List<UrlType> urlTypes) or addDefaultURLTypes(UrlType urlType) with your specialized UrlType.
	at org.reflections.vfs.Vfs.fromURL(Vfs.java:113)
	at org.reflections.vfs.Vfs.fromURL(Vfs.java:95)
	at org.reflections.Reflections.lambda$scan$2(Reflections.java:176)
	at java.base/java.util.stream.ForEachOps$ForEachOp$OfRef.accept(ForEachOps.java:186)
	at java.base/java.util.HashMap$KeySpliterator.forEachRemaining(HashMap.java:1716)
	at java.base/java.util.stream.AbstractPipeline.copyInto(AbstractPipeline.java:570)
	at java.base/java.util.stream.ForEachOps$ForEachTask.compute(ForEachOps.java:293)
	at java.base/java.util.concurrent.CountedCompleter.exec(CountedCompleter.java:759)
	at java.base/java.util.concurrent.ForkJoinTask.doExec(ForkJoinTask.java:511)
	at java.base/java.util.concurrent.ForkJoinPool$WorkQueue.topLevelExec(ForkJoinPool.java:1450)
	at java.base/java.util.concurrent.ForkJoinPool.runWorker(ForkJoinPool.java:2019)
	at java.base/java.util.concurrent.ForkJoinWorkerThread.run(ForkJoinWorkerThread.java:187)
[ForkJoinPool.commonPool-worker-2] WARN org.reflections.Reflections - could not create Vfs.Dir from url. ignoring the exception and continuing
org.reflections.ReflectionsException: could not create Vfs.Dir from url, no matching UrlType was found [file:/C:/Users/a.basaleh/.jdks/openjdk-26.0.1!/jdk.management.agent]
either use fromURL(final URL url, final List<UrlType> urlTypes) or use the static setDefaultURLTypes(final List<UrlType> urlTypes) or addDefaultURLTypes(UrlType urlType) with your specialized UrlType.
	at org.reflections.vfs.Vfs.fromURL(Vfs.java:113)
	at org.reflections.vfs.Vfs.fromURL(Vfs.java:95)
	at org.reflections.Reflections.lambda$scan$2(Reflections.java:176)
	at java.base/java.util.stream.ForEachOps$ForEachOp$OfRef.accept(ForEachOps.java:186)
	at java.base/java.util.HashMap$KeySpliterator.forEachRemaining(HashMap.java:1716)
	at java.base/java.util.stream.AbstractPipeline.copyInto(AbstractPipeline.java:570)
	at java.base/java.util.stream.ForEachOps$ForEachTask.compute(ForEachOps.java:293)
	at java.base/java.util.concurrent.CountedCompleter.exec(CountedCompleter.java:759)
	at java.base/java.util.concurrent.ForkJoinTask.doExec(ForkJoinTask.java:511)
	at java.base/java.util.concurrent.ForkJoinPool$WorkQueue.topLevelExec(ForkJoinPool.java:1450)
	at java.base/java.util.concurrent.ForkJoinPool.runWorker(ForkJoinPool.java:2019)
	at java.base/java.util.concurrent.ForkJoinWorkerThread.run(ForkJoinWorkerThread.java:187)
[pool-2-thread-1] WARN org.reflections.Reflections - could not create Vfs.Dir from url. ignoring the exception and continuing
org.reflections.ReflectionsException: could not create Vfs.Dir from url, no matching UrlType was found [file:/C:/Users/a.basaleh/.jdks/openjdk-26.0.1!/java.security.sasl]
either use fromURL(final URL url, final List<UrlType> urlTypes) or use the static setDefaultURLTypes(final List<UrlType> urlTypes) or addDefaultURLTypes(UrlType urlType) with your specialized UrlType.
	at org.reflections.vfs.Vfs.fromURL(Vfs.java:113)
	at org.reflections.vfs.Vfs.fromURL(Vfs.java:95)
	at org.reflections.Reflections.lambda$scan$2(Reflections.java:176)
	at java.base/java.util.stream.ForEachOps$ForEachOp$OfRef.accept(ForEachOps.java:186)
	at java.base/java.util.HashMap$KeySpliterator.forEachRemaining(HashMap.java:1716)
	at java.base/java.util.stream.AbstractPipeline.copyInto(AbstractPipeline.java:570)
	at java.base/java.util.stream.ForEachOps$ForEachTask.compute(ForEachOps.java:293)
	at java.base/java.util.concurrent.CountedCompleter.exec(CountedCompleter.java:759)
	at java.base/java.util.concurrent.ForkJoinTask.doExec(ForkJoinTask.java:511)
	at java.base/java.util.concurrent.ForkJoinPool$WorkQueue.helpComplete(ForkJoinPool.java:1537)
	at java.base/java.util.concurrent.ForkJoinPool.helpComplete(ForkJoinPool.java:2332)
	at java.base/java.util.concurrent.ForkJoinTask.awaitDone(ForkJoinTask.java:497)
	at java.base/java.util.concurrent.ForkJoinTask.join(ForkJoinTask.java:669)
	at java.base/java.util.concurrent.ForkJoinTask.invoke(ForkJoinTask.java:684)
	at java.base/java.util.stream.ForEachOps$ForEachOp.evaluateParallel(ForEachOps.java:162)
	at java.base/java.util.stream.ForEachOps$ForEachOp$OfRef.evaluateParallel(ForEachOps.java:176)
	at java.base/java.util.stream.AbstractPipeline.evaluate(AbstractPipeline.java:264)
	at java.base/java.util.stream.ReferencePipeline.forEach(ReferencePipeline.java:632)
	at java.base/java.util.stream.ReferencePipeline$Head.forEach(ReferencePipeline.java:806)
	at org.reflections.Reflections.scan(Reflections.java:173)
	at org.reflections.Reflections.<init>(Reflections.java:126)
	at com.thoughtworks.gauge.execution.parameters.parsers.base.ParameterParsingChain.createReflections(ParameterParsingChain.java:47)
	at com.thoughtworks.gauge.execution.parameters.parsers.base.ParameterParsingChain.<init>(ParameterParsingChain.java:33)
	at com.thoughtworks.gauge.connection.MessageProcessorFactory.initializeExecutionMessageProcessors(MessageProcessorFactory.java:91)
	at com.thoughtworks.gauge.connection.MessageProcessorFactory.getProcessor(MessageProcessorFactory.java:66)
	at com.thoughtworks.gauge.RunnerServiceHandler.lambda$validateStep$17(RunnerServiceHandler.java:332)
	at java.base/java.util.concurrent.ThreadPoolExecutor.runWorker(ThreadPoolExecutor.java:1090)
	at java.base/java.util.concurrent.ThreadPoolExecutor$Worker.run(ThreadPoolExecutor.java:614)
	at java.base/java.lang.Thread.run(Thread.java:1516)
[ForkJoinPool.commonPool-worker-8] WARN org.reflections.Reflections - could not create Vfs.Dir from url. ignoring the exception and continuing
org.reflections.ReflectionsException: could not create Vfs.Dir from url, no matching UrlType was found [file:/C:/Users/a.basaleh/.jdks/openjdk-26.0.1!/jdk.editpad]
either use fromURL(final URL url, final List<UrlType> urlTypes) or use the static setDefaultURLTypes(final List<UrlType> urlTypes) or addDefaultURLTypes(UrlType urlType) with your specialized UrlType.
	at org.reflections.vfs.Vfs.fromURL(Vfs.java:113)
	at org.reflections.vfs.Vfs.fromURL(Vfs.java:95)
	at org.reflections.Reflections.lambda$scan$2(Reflections.java:176)
	at java.base/java.util.stream.ForEachOps$ForEachOp$OfRef.accept(ForEachOps.java:186)
	at java.base/java.util.HashMap$KeySpliterator.forEachRemaining(HashMap.java:1716)
	at java.base/java.util.stream.AbstractPipeline.copyInto(AbstractPipeline.java:570)
	at java.base/java.util.stream.ForEachOps$ForEachTask.compute(ForEachOps.java:293)
	at java.base/java.util.concurrent.CountedCompleter.exec(CountedCompleter.java:759)
	at java.base/java.util.concurrent.ForkJoinTask.doExec(ForkJoinTask.java:511)
	at java.base/java.util.concurrent.ForkJoinPool$WorkQueue.topLevelExec(ForkJoinPool.java:1450)
	at java.base/java.util.concurrent.ForkJoinPool.runWorker(ForkJoinPool.java:2019)
	at java.base/java.util.concurrent.ForkJoinWorkerThread.run(ForkJoinWorkerThread.java:187)
[ForkJoinPool.commonPool-worker-3] WARN org.reflections.Reflections - could not create Dir using com.thoughtworks.gauge.scan.ClasspathScanner$1@bd6a547 from url file:/C:/Users/a.basaleh/.jdks/openjdk-26.0.1!/jdk.internal.ed. skipping.
java.lang.NullPointerException: Cannot invoke "java.io.File.isDirectory()" because "file" is null
	at com.thoughtworks.gauge.scan.ClasspathScanner$1.createDir(ClasspathScanner.java:48)
	at org.reflections.vfs.Vfs.fromURL(Vfs.java:103)
	at org.reflections.vfs.Vfs.fromURL(Vfs.java:95)
	at org.reflections.Reflections.lambda$scan$2(Reflections.java:176)
	at java.base/java.util.stream.ForEachOps$ForEachOp$OfRef.accept(ForEachOps.java:186)
	at java.base/java.util.HashMap$KeySpliterator.forEachRemaining(HashMap.java:1716)
	at java.base/java.util.stream.AbstractPipeline.copyInto(AbstractPipeline.java:570)
	at java.base/java.util.stream.ForEachOps$ForEachTask.compute(ForEachOps.java:293)
	at java.base/java.util.concurrent.CountedCompleter.exec(CountedCompleter.java:759)
	at java.base/java.util.concurrent.ForkJoinTask.doExec(ForkJoinTask.java:511)
	at java.base/java.util.concurrent.ForkJoinPool$WorkQueue.topLevelExec(ForkJoinPool.java:1450)
	at java.base/java.util.concurrent.ForkJoinPool.runWorker(ForkJoinPool.java:2019)
	at java.base/java.util.concurrent.ForkJoinWorkerThread.run(ForkJoinWorkerThread.java:187)
[ForkJoinPool.commonPool-worker-3] WARN org.reflections.Reflections - could not create Vfs.Dir from url. ignoring the exception and continuing
org.reflections.ReflectionsException: could not create Vfs.Dir from url, no matching UrlType was found [file:/C:/Users/a.basaleh/.jdks/openjdk-26.0.1!/jdk.internal.ed]
either use fromURL(final URL url, final List<UrlType> urlTypes) or use the static setDefaultURLTypes(final List<UrlType> urlTypes) or addDefaultURLTypes(UrlType urlType) with your specialized UrlType.
	at org.reflections.vfs.Vfs.fromURL(Vfs.java:113)
	at org.reflections.vfs.Vfs.fromURL(Vfs.java:95)
	at org.reflections.Reflections.lambda$scan$2(Reflections.java:176)
	at java.base/java.util.stream.ForEachOps$ForEachOp$OfRef.accept(ForEachOps.java:186)
	at java.base/java.util.HashMap$KeySpliterator.forEachRemaining(HashMap.java:1716)
	at java.base/java.util.stream.AbstractPipeline.copyInto(AbstractPipeline.java:570)
	at java.base/java.util.stream.ForEachOps$ForEachTask.compute(ForEachOps.java:293)
	at java.base/java.util.concurrent.CountedCompleter.exec(CountedCompleter.java:759)
	at java.base/java.util.concurrent.ForkJoinTask.doExec(ForkJoinTask.java:511)
	at java.base/java.util.concurrent.ForkJoinPool$WorkQueue.topLevelExec(ForkJoinPool.java:1450)
	at java.base/java.util.concurrent.ForkJoinPool.runWorker(ForkJoinPool.java:2019)
	at java.base/java.util.concurrent.ForkJoinWorkerThread.run(ForkJoinWorkerThread.java:187)
[ForkJoinPool.commonPool-worker-3] WARN org.reflections.Reflections - could not create Dir using com.thoughtworks.gauge.scan.ClasspathScanner$1@bd6a547 from url file:/C:/Users/a.basaleh/.jdks/openjdk-26.0.1!/java.xml. skipping.
java.lang.NullPointerException: Cannot invoke "java.io.File.isDirectory()" because "file" is null
	at com.thoughtworks.gauge.scan.ClasspathScanner$1.createDir(ClasspathScanner.java:48)
	at org.reflections.vfs.Vfs.fromURL(Vfs.java:103)
	at org.reflections.vfs.Vfs.fromURL(Vfs.java:95)
	at org.reflections.Reflections.lambda$scan$2(Reflections.java:176)
	at java.base/java.util.stream.ForEachOps$ForEachOp$OfRef.accept(ForEachOps.java:186)
	at java.base/java.util.HashMap$KeySpliterator.forEachRemaining(HashMap.java:1716)
	at java.base/java.util.stream.AbstractPipeline.copyInto(AbstractPipeline.java:570)
	at java.base/java.util.stream.ForEachOps$ForEachTask.compute(ForEachOps.java:293)
	at java.base/java.util.concurrent.CountedCompleter.exec(CountedCompleter.java:759)
	at java.base/java.util.concurrent.ForkJoinTask.doExec(ForkJoinTask.java:511)
	at java.base/java.util.concurrent.ForkJoinPool$WorkQueue.topLevelExec(ForkJoinPool.java:1450)
	at java.base/java.util.concurrent.ForkJoinPool.runWorker(ForkJoinPool.java:2019)
	at java.base/java.util.concurrent.ForkJoinWorkerThread.run(ForkJoinWorkerThread.java:187)
[ForkJoinPool.commonPool-worker-3] WARN org.reflections.Reflections - could not create Vfs.Dir from url. ignoring the exception and continuing
org.reflections.ReflectionsException: could not create Vfs.Dir from url, no matching UrlType was found [file:/C:/Users/a.basaleh/.jdks/openjdk-26.0.1!/java.xml]
either use fromURL(final URL url, final List<UrlType> urlTypes) or use the static setDefaultURLTypes(final List<UrlType> urlTypes) or addDefaultURLTypes(UrlType urlType) with your specialized UrlType.
	at org.reflections.vfs.Vfs.fromURL(Vfs.java:113)
	at org.reflections.vfs.Vfs.fromURL(Vfs.java:95)
	at org.reflections.Reflections.lambda$scan$2(Reflections.java:176)
	at java.base/java.util.stream.ForEachOps$ForEachOp$OfRef.accept(ForEachOps.java:186)
	at java.base/java.util.HashMap$KeySpliterator.forEachRemaining(HashMap.java:1716)
	at java.base/java.util.stream.AbstractPipeline.copyInto(AbstractPipeline.java:570)
	at java.base/java.util.stream.ForEachOps$ForEachTask.compute(ForEachOps.java:293)
	at java.base/java.util.concurrent.CountedCompleter.exec(CountedCompleter.java:759)
	at java.base/java.util.concurrent.ForkJoinTask.doExec(ForkJoinTask.java:511)
	at java.base/java.util.concurrent.ForkJoinPool$WorkQueue.topLevelExec(ForkJoinPool.java:1450)
	at java.base/java.util.concurrent.ForkJoinPool.runWorker(ForkJoinPool.java:2019)
	at java.base/java.util.concurrent.ForkJoinWorkerThread.run(ForkJoinWorkerThread.java:187)
[ForkJoinPool.commonPool-worker-4] WARN org.reflections.Reflections - could not create Dir using com.thoughtworks.gauge.scan.ClasspathScanner$1@bd6a547 from url file:/C:/Users/a.basaleh/.jdks/openjdk-26.0.1!/jdk.internal.le. skipping.
java.lang.NullPointerException: Cannot invoke "java.io.File.isDirectory()" because "file" is null
	at com.thoughtworks.gauge.scan.ClasspathScanner$1.createDir(ClasspathScanner.java:48)
	at org.reflections.vfs.Vfs.fromURL(Vfs.java:103)
	at org.reflections.vfs.Vfs.fromURL(Vfs.java:95)
	at org.reflections.Reflections.lambda$scan$2(Reflections.java:176)
	at java.base/java.util.stream.ForEachOps$ForEachOp$OfRef.accept(ForEachOps.java:186)
	at java.base/java.util.HashMap$KeySpliterator.forEachRemaining(HashMap.java:1716)
	at java.base/java.util.stream.AbstractPipeline.copyInto(AbstractPipeline.java:570)
	at java.base/java.util.stream.ForEachOps$ForEachTask.compute(ForEachOps.java:293)
	at java.base/java.util.concurrent.CountedCompleter.exec(CountedCompleter.java:759)
	at java.base/java.util.concurrent.ForkJoinTask.doExec(ForkJoinTask.java:511)
	at java.base/java.util.concurrent.ForkJoinPool$WorkQueue.topLevelExec(ForkJoinPool.java:1450)
	at java.base/java.util.concurrent.ForkJoinPool.runWorker(ForkJoinPool.java:2019)
	at java.base/java.util.concurrent.ForkJoinWorkerThread.run(ForkJoinWorkerThread.java:187)
[ForkJoinPool.commonPool-worker-2] WARN org.reflections.Reflections - could not create Dir using com.thoughtworks.gauge.scan.ClasspathScanner$1@bd6a547 from url file:/C:/Users/a.basaleh/.jdks/openjdk-26.0.1!/java.scripting. skipping.
java.lang.NullPointerException: Cannot invoke "java.io.File.isDirectory()" because "file" is null
	at com.thoughtworks.gauge.scan.ClasspathScanner$1.createDir(ClasspathScanner.java:48)
	at org.reflections.vfs.Vfs.fromURL(Vfs.java:103)
	at org.reflections.vfs.Vfs.fromURL(Vfs.java:95)
	at org.reflections.Reflections.lambda$scan$2(Reflections.java:176)
	at java.base/java.util.stream.ForEachOps$ForEachOp$OfRef.accept(ForEachOps.java:186)
	at java.base/java.util.HashMap$KeySpliterator.forEachRemaining(HashMap.java:1716)
	at java.base/java.util.stream.AbstractPipeline.copyInto(AbstractPipeline.java:570)
	at java.base/java.util.stream.ForEachOps$ForEachTask.compute(ForEachOps.java:293)
	at java.base/java.util.concurrent.CountedCompleter.exec(CountedCompleter.java:759)
	at java.base/java.util.concurrent.ForkJoinTask.doExec(ForkJoinTask.java:511)
	at java.base/java.util.concurrent.ForkJoinPool$WorkQueue.topLevelExec(ForkJoinPool.java:1450)
	at java.base/java.util.concurrent.ForkJoinPool.runWorker(ForkJoinPool.java:2019)
	at java.base/java.util.concurrent.ForkJoinWorkerThread.run(ForkJoinWorkerThread.java:187)
[pool-2-thread-1] WARN org.reflections.Reflections - could not create Dir using com.thoughtworks.gauge.scan.ClasspathScanner$1@bd6a547 from url file:/C:/Users/a.basaleh/.jdks/openjdk-26.0.1!/jdk.jshell. skipping.
java.lang.NullPointerException: Cannot invoke "java.io.File.isDirectory()" because "file" is null
	at com.thoughtworks.gauge.scan.ClasspathScanner$1.createDir(ClasspathScanner.java:48)
	at org.reflections.vfs.Vfs.fromURL(Vfs.java:103)
	at org.reflections.vfs.Vfs.fromURL(Vfs.java:95)
	at org.reflections.Reflections.lambda$scan$2(Reflections.java:176)
	at java.base/java.util.stream.ForEachOps$ForEachOp$OfRef.accept(ForEachOps.java:186)
	at java.base/java.util.HashMap$KeySpliterator.forEachRemaining(HashMap.java:1716)
	at java.base/java.util.stream.AbstractPipeline.copyInto(AbstractPipeline.java:570)
	at java.base/java.util.stream.ForEachOps$ForEachTask.compute(ForEachOps.java:293)
	at java.base/java.util.concurrent.CountedCompleter.exec(CountedCompleter.java:759)
	at java.base/java.util.concurrent.ForkJoinTask.doExec(ForkJoinTask.java:511)
	at java.base/java.util.concurrent.ForkJoinPool$WorkQueue.helpComplete(ForkJoinPool.java:1537)
	at java.base/java.util.concurrent.ForkJoinPool.helpComplete(ForkJoinPool.java:2332)
	at java.base/java.util.concurrent.ForkJoinTask.awaitDone(ForkJoinTask.java:497)
	at java.base/java.util.concurrent.ForkJoinTask.join(ForkJoinTask.java:669)
	at java.base/java.util.concurrent.ForkJoinTask.invoke(ForkJoinTask.java:684)
	at java.base/java.util.stream.ForEachOps$ForEachOp.evaluateParallel(ForEachOps.java:162)
	at java.base/java.util.stream.ForEachOps$ForEachOp$OfRef.evaluateParallel(ForEachOps.java:176)
	at java.base/java.util.stream.AbstractPipeline.evaluate(AbstractPipeline.java:264)
	at java.base/java.util.stream.ReferencePipeline.forEach(ReferencePipeline.java:632)
	at java.base/java.util.stream.ReferencePipeline$Head.forEach(ReferencePipeline.java:806)
	at org.reflections.Reflections.scan(Reflections.java:173)
	at org.reflections.Reflections.<init>(Reflections.java:126)
	at com.thoughtworks.gauge.execution.parameters.parsers.base.ParameterParsingChain.createReflections(ParameterParsingChain.java:47)
	at com.thoughtworks.gauge.execution.parameters.parsers.base.ParameterParsingChain.<init>(ParameterParsingChain.java:33)
	at com.thoughtworks.gauge.connection.MessageProcessorFactory.initializeExecutionMessageProcessors(MessageProcessorFactory.java:91)
	at com.thoughtworks.gauge.connection.MessageProcessorFactory.getProcessor(MessageProcessorFactory.java:66)
	at com.thoughtworks.gauge.RunnerServiceHandler.lambda$validateStep$17(RunnerServiceHandler.java:332)
	at java.base/java.util.concurrent.ThreadPoolExecutor.runWorker(ThreadPoolExecutor.java:1090)
	at java.base/java.util.concurrent.ThreadPoolExecutor$Worker.run(ThreadPoolExecutor.java:614)
	at java.base/java.lang.Thread.run(Thread.java:1516)
[pool-2-thread-1] WARN org.reflections.Reflections - could not create Vfs.Dir from url. ignoring the exception and continuing
org.reflections.ReflectionsException: could not create Vfs.Dir from url, no matching UrlType was found [file:/C:/Users/a.basaleh/.jdks/openjdk-26.0.1!/jdk.jshell]
either use fromURL(final URL url, final List<UrlType> urlTypes) or use the static setDefaultURLTypes(final List<UrlType> urlTypes) or addDefaultURLTypes(UrlType urlType) with your specialized UrlType.
	at org.reflections.vfs.Vfs.fromURL(Vfs.java:113)
	at org.reflections.vfs.Vfs.fromURL(Vfs.java:95)
	at org.reflections.Reflections.lambda$scan$2(Reflections.java:176)
	at java.base/java.util.stream.ForEachOps$ForEachOp$OfRef.accept(ForEachOps.java:186)
	at java.base/java.util.HashMap$KeySpliterator.forEachRemaining(HashMap.java:1716)
	at java.base/java.util.stream.AbstractPipeline.copyInto(AbstractPipeline.java:570)
	at java.base/java.util.stream.ForEachOps$ForEachTask.compute(ForEachOps.java:293)
	at java.base/java.util.concurrent.CountedCompleter.exec(CountedCompleter.java:759)
	at java.base/java.util.concurrent.ForkJoinTask.doExec(ForkJoinTask.java:511)
	at java.base/java.util.concurrent.ForkJoinPool$WorkQueue.helpComplete(ForkJoinPool.java:1537)
	at java.base/java.util.concurrent.ForkJoinPool.helpComplete(ForkJoinPool.java:2332)
	at java.base/java.util.concurrent.ForkJoinTask.awaitDone(ForkJoinTask.java:497)
	at java.base/java.util.concurrent.ForkJoinTask.join(ForkJoinTask.java:669)
	at java.base/java.util.concurrent.ForkJoinTask.invoke(ForkJoinTask.java:684)
	at java.base/java.util.stream.ForEachOps$ForEachOp.evaluateParallel(ForEachOps.java:162)
	at java.base/java.util.stream.ForEachOps$ForEachOp$OfRef.evaluateParallel(ForEachOps.java:176)
	at java.base/java.util.stream.AbstractPipeline.evaluate(AbstractPipeline.java:264)
	at java.base/java.util.stream.ReferencePipeline.forEach(ReferencePipeline.java:632)
	at java.base/java.util.stream.ReferencePipeline$Head.forEach(ReferencePipeline.java:806)
	at org.reflections.Reflections.scan(Reflections.java:173)
	at org.reflections.Reflections.<init>(Reflections.java:126)
	at com.thoughtworks.gauge.execution.parameters.parsers.base.ParameterParsingChain.createReflections(ParameterParsingChain.java:47)
	at com.thoughtworks.gauge.execution.parameters.parsers.base.ParameterParsingChain.<init>(ParameterParsingChain.java:33)
	at com.thoughtworks.gauge.connection.MessageProcessorFactory.initializeExecutionMessageProcessors(MessageProcessorFactory.java:91)
	at com.thoughtworks.gauge.connection.MessageProcessorFactory.getProcessor(MessageProcessorFactory.java:66)
	at com.thoughtworks.gauge.RunnerServiceHandler.lambda$validateStep$17(RunnerServiceHandler.java:332)
	at java.base/java.util.concurrent.ThreadPoolExecutor.runWorker(ThreadPoolExecutor.java:1090)
	at java.base/java.util.concurrent.ThreadPoolExecutor$Worker.run(ThreadPoolExecutor.java:614)
	at java.base/java.lang.Thread.run(Thread.java:1516)
[ForkJoinPool.commonPool-worker-8] WARN org.reflections.Reflections - could not create Dir using com.thoughtworks.gauge.scan.ClasspathScanner$1@bd6a547 from url file:/C:/Users/a.basaleh/.jdks/openjdk-26.0.1!/jdk.localedata. skipping.
java.lang.NullPointerException: Cannot invoke "java.io.File.isDirectory()" because "file" is null
	at com.thoughtworks.gauge.scan.ClasspathScanner$1.createDir(ClasspathScanner.java:48)
	at org.reflections.vfs.Vfs.fromURL(Vfs.java:103)
	at org.reflections.vfs.Vfs.fromURL(Vfs.java:95)
	at org.reflections.Reflections.lambda$scan$2(Reflections.java:176)
	at java.base/java.util.stream.ForEachOps$ForEachOp$OfRef.accept(ForEachOps.java:186)
	at java.base/java.util.HashMap$KeySpliterator.forEachRemaining(HashMap.java:1716)
	at java.base/java.util.stream.AbstractPipeline.copyInto(AbstractPipeline.java:570)
	at java.base/java.util.stream.ForEachOps$ForEachTask.compute(ForEachOps.java:293)
	at java.base/java.util.concurrent.CountedCompleter.exec(CountedCompleter.java:759)
	at java.base/java.util.concurrent.ForkJoinTask.doExec(ForkJoinTask.java:511)
	at java.base/java.util.concurrent.ForkJoinPool$WorkQueue.topLevelExec(ForkJoinPool.java:1450)
	at java.base/java.util.concurrent.ForkJoinPool.runWorker(ForkJoinPool.java:2019)
	at java.base/java.util.concurrent.ForkJoinWorkerThread.run(ForkJoinWorkerThread.java:187)
[ForkJoinPool.commonPool-worker-2] WARN org.reflections.Reflections - could not create Vfs.Dir from url. ignoring the exception and continuing
org.reflections.ReflectionsException: could not create Vfs.Dir from url, no matching UrlType was found [file:/C:/Users/a.basaleh/.jdks/openjdk-26.0.1!/java.scripting]
either use fromURL(final URL url, final List<UrlType> urlTypes) or use the static setDefaultURLTypes(final List<UrlType> urlTypes) or addDefaultURLTypes(UrlType urlType) with your specialized UrlType.
	at org.reflections.vfs.Vfs.fromURL(Vfs.java:113)
	at org.reflections.vfs.Vfs.fromURL(Vfs.java:95)
	at org.reflections.Reflections.lambda$scan$2(Reflections.java:176)
	at java.base/java.util.stream.ForEachOps$ForEachOp$OfRef.accept(ForEachOps.java:186)
	at java.base/java.util.HashMap$KeySpliterator.forEachRemaining(HashMap.java:1716)
	at java.base/java.util.stream.AbstractPipeline.copyInto(AbstractPipeline.java:570)
	at java.base/java.util.stream.ForEachOps$ForEachTask.compute(ForEachOps.java:293)
	at java.base/java.util.concurrent.CountedCompleter.exec(CountedCompleter.java:759)
	at java.base/java.util.concurrent.ForkJoinTask.doExec(ForkJoinTask.java:511)
	at java.base/java.util.concurrent.ForkJoinPool$WorkQueue.topLevelExec(ForkJoinPool.java:1450)
	at java.base/java.util.concurrent.ForkJoinPool.runWorker(ForkJoinPool.java:2019)
	at java.base/java.util.concurrent.ForkJoinWorkerThread.run(ForkJoinWorkerThread.java:187)
[ForkJoinPool.commonPool-worker-6] WARN org.reflections.Reflections - could not create Dir using com.thoughtworks.gauge.scan.ClasspathScanner$1@bd6a547 from url file:/C:/Users/a.basaleh/.jdks/openjdk-26.0.1!/jdk.sctp. skipping.
java.lang.NullPointerException: Cannot invoke "java.io.File.isDirectory()" because "file" is null
	at com.thoughtworks.gauge.scan.ClasspathScanner$1.createDir(ClasspathScanner.java:48)
	at org.reflections.vfs.Vfs.fromURL(Vfs.java:103)
	at org.reflections.vfs.Vfs.fromURL(Vfs.java:95)
	at org.reflections.Reflections.lambda$scan$2(Reflections.java:176)
	at java.base/java.util.stream.ForEachOps$ForEachOp$OfRef.accept(ForEachOps.java:186)
	at java.base/java.util.HashMap$KeySpliterator.forEachRemaining(HashMap.java:1716)
	at java.base/java.util.stream.AbstractPipeline.copyInto(AbstractPipeline.java:570)
	at java.base/java.util.stream.ForEachOps$ForEachTask.compute(ForEachOps.java:293)
	at java.base/java.util.concurrent.CountedCompleter.exec(CountedCompleter.java:759)
	at java.base/java.util.concurrent.ForkJoinTask.doExec(ForkJoinTask.java:511)
	at java.base/java.util.concurrent.ForkJoinPool$WorkQueue.topLevelExec(ForkJoinPool.java:1450)
	at java.base/java.util.concurrent.ForkJoinPool.runWorker(ForkJoinPool.java:2019)
	at java.base/java.util.concurrent.ForkJoinWorkerThread.run(ForkJoinWorkerThread.java:187)
[ForkJoinPool.commonPool-worker-2] WARN org.reflections.Reflections - could not create Dir using com.thoughtworks.gauge.scan.ClasspathScanner$1@bd6a547 from url file:/C:/Users/a.basaleh/.jdks/openjdk-26.0.1!/jdk.hotspot.agent. skipping.
java.lang.NullPointerException: Cannot invoke "java.io.File.isDirectory()" because "file" is null
	at com.thoughtworks.gauge.scan.ClasspathScanner$1.createDir(ClasspathScanner.java:48)
	at org.reflections.vfs.Vfs.fromURL(Vfs.java:103)
	at org.reflections.vfs.Vfs.fromURL(Vfs.java:95)
	at org.reflections.Reflections.lambda$scan$2(Reflections.java:176)
	at java.base/java.util.stream.ForEachOps$ForEachOp$OfRef.accept(ForEachOps.java:186)
	at java.base/java.util.HashMap$KeySpliterator.forEachRemaining(HashMap.java:1716)
	at java.base/java.util.stream.AbstractPipeline.copyInto(AbstractPipeline.java:570)
	at java.base/java.util.stream.ForEachOps$ForEachTask.compute(ForEachOps.java:293)
	at java.base/java.util.concurrent.CountedCompleter.exec(CountedCompleter.java:759)
	at java.base/java.util.concurrent.ForkJoinTask.doExec(ForkJoinTask.java:511)
	at java.base/java.util.concurrent.ForkJoinPool$WorkQueue.topLevelExec(ForkJoinPool.java:1450)
	at java.base/java.util.concurrent.ForkJoinPool.runWorker(ForkJoinPool.java:2019)
	at java.base/java.util.concurrent.ForkJoinWorkerThread.run(ForkJoinWorkerThread.java:187)
[ForkJoinPool.commonPool-worker-6] WARN org.reflections.Reflections - could not create Vfs.Dir from url. ignoring the exception and continuing
org.reflections.ReflectionsException: could not create Vfs.Dir from url, no matching UrlType was found [file:/C:/Users/a.basaleh/.jdks/openjdk-26.0.1!/jdk.sctp]
either use fromURL(final URL url, final List<UrlType> urlTypes) or use the static setDefaultURLTypes(final List<UrlType> urlTypes) or addDefaultURLTypes(UrlType urlType) with your specialized UrlType.
	at org.reflections.vfs.Vfs.fromURL(Vfs.java:113)
	at org.reflections.vfs.Vfs.fromURL(Vfs.java:95)
	at org.reflections.Reflections.lambda$scan$2(Reflections.java:176)
	at java.base/java.util.stream.ForEachOps$ForEachOp$OfRef.accept(ForEachOps.java:186)
	at java.base/java.util.HashMap$KeySpliterator.forEachRemaining(HashMap.java:1716)
	at java.base/java.util.stream.AbstractPipeline.copyInto(AbstractPipeline.java:570)
	at java.base/java.util.stream.ForEachOps$ForEachTask.compute(ForEachOps.java:293)
	at java.base/java.util.concurrent.CountedCompleter.exec(CountedCompleter.java:759)
	at java.base/java.util.concurrent.ForkJoinTask.doExec(ForkJoinTask.java:511)
	at java.base/java.util.concurrent.ForkJoinPool$WorkQueue.topLevelExec(ForkJoinPool.java:1450)
	at java.base/java.util.concurrent.ForkJoinPool.runWorker(ForkJoinPool.java:2019)
	at java.base/java.util.concurrent.ForkJoinWorkerThread.run(ForkJoinWorkerThread.java:187)
[ForkJoinPool.commonPool-worker-4] WARN org.reflections.Reflections - could not create Vfs.Dir from url. ignoring the exception and continuing
org.reflections.ReflectionsException: could not create Vfs.Dir from url, no matching UrlType was found [file:/C:/Users/a.basaleh/.jdks/openjdk-26.0.1!/jdk.internal.le]
either use fromURL(final URL url, final List<UrlType> urlTypes) or use the static setDefaultURLTypes(final List<UrlType> urlTypes) or addDefaultURLTypes(UrlType urlType) with your specialized UrlType.
	at org.reflections.vfs.Vfs.fromURL(Vfs.java:113)
	at org.reflections.vfs.Vfs.fromURL(Vfs.java:95)
	at org.reflections.Reflections.lambda$scan$2(Reflections.java:176)
	at java.base/java.util.stream.ForEachOps$ForEachOp$OfRef.accept(ForEachOps.java:186)
	at java.base/java.util.HashMap$KeySpliterator.forEachRemaining(HashMap.java:1716)
	at java.base/java.util.stream.AbstractPipeline.copyInto(AbstractPipeline.java:570)
	at java.base/java.util.stream.ForEachOps$ForEachTask.compute(ForEachOps.java:293)
	at java.base/java.util.concurrent.CountedCompleter.exec(CountedCompleter.java:759)
	at java.base/java.util.concurrent.ForkJoinTask.doExec(ForkJoinTask.java:511)
	at java.base/java.util.concurrent.ForkJoinPool$WorkQueue.topLevelExec(ForkJoinPool.java:1450)
	at java.base/java.util.concurrent.ForkJoinPool.runWorker(ForkJoinPool.java:2019)
	at java.base/java.util.concurrent.ForkJoinWorkerThread.run(ForkJoinWorkerThread.java:187)
[ForkJoinPool.commonPool-worker-8] WARN org.reflections.Reflections - could not create Vfs.Dir from url. ignoring the exception and continuing
org.reflections.ReflectionsException: could not create Vfs.Dir from url, no matching UrlType was found [file:/C:/Users/a.basaleh/.jdks/openjdk-26.0.1!/jdk.localedata]
either use fromURL(final URL url, final List<UrlType> urlTypes) or use the static setDefaultURLTypes(final List<UrlType> urlTypes) or addDefaultURLTypes(UrlType urlType) with your specialized UrlType.
	at org.reflections.vfs.Vfs.fromURL(Vfs.java:113)
	at org.reflections.vfs.Vfs.fromURL(Vfs.java:95)
	at org.reflections.Reflections.lambda$scan$2(Reflections.java:176)
	at java.base/java.util.stream.ForEachOps$ForEachOp$OfRef.accept(ForEachOps.java:186)
	at java.base/java.util.HashMap$KeySpliterator.forEachRemaining(HashMap.java:1716)
	at java.base/java.util.stream.AbstractPipeline.copyInto(AbstractPipeline.java:570)
	at java.base/java.util.stream.ForEachOps$ForEachTask.compute(ForEachOps.java:293)
	at java.base/java.util.concurrent.CountedCompleter.exec(CountedCompleter.java:759)
	at java.base/java.util.concurrent.ForkJoinTask.doExec(ForkJoinTask.java:511)
	at java.base/java.util.concurrent.ForkJoinPool$WorkQueue.topLevelExec(ForkJoinPool.java:1450)
	at java.base/java.util.concurrent.ForkJoinPool.runWorker(ForkJoinPool.java:2019)
	at java.base/java.util.concurrent.ForkJoinWorkerThread.run(ForkJoinWorkerThread.java:187)
[ForkJoinPool.commonPool-worker-7] WARN org.reflections.Reflections - could not create Dir using com.thoughtworks.gauge.scan.ClasspathScanner$1@bd6a547 from url file:/C:/Users/a.basaleh/.jdks/openjdk-26.0.1!/jdk.security.auth. skipping.
java.lang.NullPointerException: Cannot invoke "java.io.File.isDirectory()" because "file" is null
	at com.thoughtworks.gauge.scan.ClasspathScanner$1.createDir(ClasspathScanner.java:48)
	at org.reflections.vfs.Vfs.fromURL(Vfs.java:103)
	at org.reflections.vfs.Vfs.fromURL(Vfs.java:95)
	at org.reflections.Reflections.lambda$scan$2(Reflections.java:176)
	at java.base/java.util.stream.ForEachOps$ForEachOp$OfRef.accept(ForEachOps.java:186)
	at java.base/java.util.HashMap$KeySpliterator.forEachRemaining(HashMap.java:1716)
	at java.base/java.util.stream.AbstractPipeline.copyInto(AbstractPipeline.java:570)
	at java.base/java.util.stream.ForEachOps$ForEachTask.compute(ForEachOps.java:293)
	at java.base/java.util.concurrent.CountedCompleter.exec(CountedCompleter.java:759)
	at java.base/java.util.concurrent.ForkJoinTask.doExec(ForkJoinTask.java:511)
	at java.base/java.util.concurrent.ForkJoinPool$WorkQueue.topLevelExec(ForkJoinPool.java:1450)
	at java.base/java.util.concurrent.ForkJoinPool.runWorker(ForkJoinPool.java:2019)
	at java.base/java.util.concurrent.ForkJoinWorkerThread.run(ForkJoinWorkerThread.java:187)
[ForkJoinPool.commonPool-worker-2] WARN org.reflections.Reflections - could not create Vfs.Dir from url. ignoring the exception and continuing
org.reflections.ReflectionsException: could not create Vfs.Dir from url, no matching UrlType was found [file:/C:/Users/a.basaleh/.jdks/openjdk-26.0.1!/jdk.hotspot.agent]
either use fromURL(final URL url, final List<UrlType> urlTypes) or use the static setDefaultURLTypes(final List<UrlType> urlTypes) or addDefaultURLTypes(UrlType urlType) with your specialized UrlType.
	at org.reflections.vfs.Vfs.fromURL(Vfs.java:113)
	at org.reflections.vfs.Vfs.fromURL(Vfs.java:95)
	at org.reflections.Reflections.lambda$scan$2(Reflections.java:176)
	at java.base/java.util.stream.ForEachOps$ForEachOp$OfRef.accept(ForEachOps.java:186)
	at java.base/java.util.HashMap$KeySpliterator.forEachRemaining(HashMap.java:1716)
	at java.base/java.util.stream.AbstractPipeline.copyInto(AbstractPipeline.java:570)
	at java.base/java.util.stream.ForEachOps$ForEachTask.compute(ForEachOps.java:293)
	at java.base/java.util.concurrent.CountedCompleter.exec(CountedCompleter.java:759)
	at java.base/java.util.concurrent.ForkJoinTask.doExec(ForkJoinTask.java:511)
	at java.base/java.util.concurrent.ForkJoinPool$WorkQueue.topLevelExec(ForkJoinPool.java:1450)
	at java.base/java.util.concurrent.ForkJoinPool.runWorker(ForkJoinPool.java:2019)
	at java.base/java.util.concurrent.ForkJoinWorkerThread.run(ForkJoinWorkerThread.java:187)
[ForkJoinPool.commonPool-worker-6] WARN org.reflections.Reflections - could not create Dir using com.thoughtworks.gauge.scan.ClasspathScanner$1@bd6a547 from url file:/C:/Users/a.basaleh/.jdks/openjdk-26.0.1!/jdk.xml.dom. skipping.
java.lang.NullPointerException: Cannot invoke "java.io.File.isDirectory()" because "file" is null
	at com.thoughtworks.gauge.scan.ClasspathScanner$1.createDir(ClasspathScanner.java:48)
	at org.reflections.vfs.Vfs.fromURL(Vfs.java:103)
	at org.reflections.vfs.Vfs.fromURL(Vfs.java:95)
	at org.reflections.Reflections.lambda$scan$2(Reflections.java:176)
	at java.base/java.util.stream.ForEachOps$ForEachOp$OfRef.accept(ForEachOps.java:186)
	at java.base/java.util.HashMap$KeySpliterator.forEachRemaining(HashMap.java:1716)
	at java.base/java.util.stream.AbstractPipeline.copyInto(AbstractPipeline.java:570)
	at java.base/java.util.stream.ForEachOps$ForEachTask.compute(ForEachOps.java:293)
	at java.base/java.util.concurrent.CountedCompleter.exec(CountedCompleter.java:759)
	at java.base/java.util.concurrent.ForkJoinTask.doExec(ForkJoinTask.java:511)
	at java.base/java.util.concurrent.ForkJoinPool$WorkQueue.topLevelExec(ForkJoinPool.java:1450)
	at java.base/java.util.concurrent.ForkJoinPool.runWorker(ForkJoinPool.java:2019)
	at java.base/java.util.concurrent.ForkJoinWorkerThread.run(ForkJoinWorkerThread.java:187)
[ForkJoinPool.commonPool-worker-7] WARN org.reflections.Reflections - could not create Vfs.Dir from url. ignoring the exception and continuing
org.reflections.ReflectionsException: could not create Vfs.Dir from url, no matching UrlType was found [file:/C:/Users/a.basaleh/.jdks/openjdk-26.0.1!/jdk.security.auth]
either use fromURL(final URL url, final List<UrlType> urlTypes) or use the static setDefaultURLTypes(final List<UrlType> urlTypes) or addDefaultURLTypes(UrlType urlType) with your specialized UrlType.
	at org.reflections.vfs.Vfs.fromURL(Vfs.java:113)
	at org.reflections.vfs.Vfs.fromURL(Vfs.java:95)
	at org.reflections.Reflections.lambda$scan$2(Reflections.java:176)
	at java.base/java.util.stream.ForEachOps$ForEachOp$OfRef.accept(ForEachOps.java:186)
	at java.base/java.util.HashMap$KeySpliterator.forEachRemaining(HashMap.java:1716)
	at java.base/java.util.stream.AbstractPipeline.copyInto(AbstractPipeline.java:570)
	at java.base/java.util.stream.ForEachOps$ForEachTask.compute(ForEachOps.java:293)
	at java.base/java.util.concurrent.CountedCompleter.exec(CountedCompleter.java:759)
	at java.base/java.util.concurrent.ForkJoinTask.doExec(ForkJoinTask.java:511)
	at java.base/java.util.concurrent.ForkJoinPool$WorkQueue.topLevelExec(ForkJoinPool.java:1450)
	at java.base/java.util.concurrent.ForkJoinPool.runWorker(ForkJoinPool.java:2019)
	at java.base/java.util.concurrent.ForkJoinWorkerThread.run(ForkJoinWorkerThread.java:187)
[ForkJoinPool.commonPool-worker-4] WARN org.reflections.Reflections - could not create Dir using com.thoughtworks.gauge.scan.ClasspathScanner$1@bd6a547 from url file:/C:/Users/a.basaleh/.jdks/openjdk-26.0.1!/java.management. skipping.
java.lang.NullPointerException: Cannot invoke "java.io.File.isDirectory()" because "file" is null
	at com.thoughtworks.gauge.scan.ClasspathScanner$1.createDir(ClasspathScanner.java:48)
	at org.reflections.vfs.Vfs.fromURL(Vfs.java:103)
	at org.reflections.vfs.Vfs.fromURL(Vfs.java:95)
	at org.reflections.Reflections.lambda$scan$2(Reflections.java:176)
	at java.base/java.util.stream.ForEachOps$ForEachOp$OfRef.accept(ForEachOps.java:186)
	at java.base/java.util.HashMap$KeySpliterator.forEachRemaining(HashMap.java:1716)
	at java.base/java.util.stream.AbstractPipeline.copyInto(AbstractPipeline.java:570)
	at java.base/java.util.stream.ForEachOps$ForEachTask.compute(ForEachOps.java:293)
	at java.base/java.util.concurrent.CountedCompleter.exec(CountedCompleter.java:759)
	at java.base/java.util.concurrent.ForkJoinTask.doExec(ForkJoinTask.java:511)
	at java.base/java.util.concurrent.ForkJoinPool$WorkQueue.topLevelExec(ForkJoinPool.java:1450)
	at java.base/java.util.concurrent.ForkJoinPool.runWorker(ForkJoinPool.java:2019)
	at java.base/java.util.concurrent.ForkJoinWorkerThread.run(ForkJoinWorkerThread.java:187)
[ForkJoinPool.commonPool-worker-2] WARN org.reflections.Reflections - could not create Dir using com.thoughtworks.gauge.scan.ClasspathScanner$1@bd6a547 from url file:/C:/Users/a.basaleh/.jdks/openjdk-26.0.1!/java.se. skipping.
java.lang.NullPointerException: Cannot invoke "java.io.File.isDirectory()" because "file" is null
	at com.thoughtworks.gauge.scan.ClasspathScanner$1.createDir(ClasspathScanner.java:48)
	at org.reflections.vfs.Vfs.fromURL(Vfs.java:103)
	at org.reflections.vfs.Vfs.fromURL(Vfs.java:95)
	at org.reflections.Reflections.lambda$scan$2(Reflections.java:176)
	at java.base/java.util.stream.ForEachOps$ForEachOp$OfRef.accept(ForEachOps.java:186)
	at java.base/java.util.HashMap$KeySpliterator.forEachRemaining(HashMap.java:1716)
	at java.base/java.util.stream.AbstractPipeline.copyInto(AbstractPipeline.java:570)
	at java.base/java.util.stream.ForEachOps$ForEachTask.compute(ForEachOps.java:293)
	at java.base/java.util.concurrent.CountedCompleter.exec(CountedCompleter.java:759)
	at java.base/java.util.concurrent.ForkJoinTask.doExec(ForkJoinTask.java:511)
	at java.base/java.util.concurrent.ForkJoinPool$WorkQueue.topLevelExec(ForkJoinPool.java:1450)
	at java.base/java.util.concurrent.ForkJoinPool.runWorker(ForkJoinPool.java:2019)
	at java.base/java.util.concurrent.ForkJoinWorkerThread.run(ForkJoinWorkerThread.java:187)
[ForkJoinPool.commonPool-worker-6] WARN org.reflections.Reflections - could not create Vfs.Dir from url. ignoring the exception and continuing
org.reflections.ReflectionsException: could not create Vfs.Dir from url, no matching UrlType was found [file:/C:/Users/a.basaleh/.jdks/openjdk-26.0.1!/jdk.xml.dom]
either use fromURL(final URL url, final List<UrlType> urlTypes) or use the static setDefaultURLTypes(final List<UrlType> urlTypes) or addDefaultURLTypes(UrlType urlType) with your specialized UrlType.
	at org.reflections.vfs.Vfs.fromURL(Vfs.java:113)
	at org.reflections.vfs.Vfs.fromURL(Vfs.java:95)
	at org.reflections.Reflections.lambda$scan$2(Reflections.java:176)
	at java.base/java.util.stream.ForEachOps$ForEachOp$OfRef.accept(ForEachOps.java:186)
	at java.base/java.util.HashMap$KeySpliterator.forEachRemaining(HashMap.java:1716)
	at java.base/java.util.stream.AbstractPipeline.copyInto(AbstractPipeline.java:570)
	at java.base/java.util.stream.ForEachOps$ForEachTask.compute(ForEachOps.java:293)
	at java.base/java.util.concurrent.CountedCompleter.exec(CountedCompleter.java:759)
	at java.base/java.util.concurrent.ForkJoinTask.doExec(ForkJoinTask.java:511)
	at java.base/java.util.concurrent.ForkJoinPool$WorkQueue.topLevelExec(ForkJoinPool.java:1450)
	at java.base/java.util.concurrent.ForkJoinPool.runWorker(ForkJoinPool.java:2019)
	at java.base/java.util.concurrent.ForkJoinWorkerThread.run(ForkJoinWorkerThread.java:187)
[ForkJoinPool.commonPool-worker-4] WARN org.reflections.Reflections - could not create Vfs.Dir from url. ignoring the exception and continuing
org.reflections.ReflectionsException: could not create Vfs.Dir from url, no matching UrlType was found [file:/C:/Users/a.basaleh/.jdks/openjdk-26.0.1!/java.management]
either use fromURL(final URL url, final List<UrlType> urlTypes) or use the static setDefaultURLTypes(final List<UrlType> urlTypes) or addDefaultURLTypes(UrlType urlType) with your specialized UrlType.
	at org.reflections.vfs.Vfs.fromURL(Vfs.java:113)
	at org.reflections.vfs.Vfs.fromURL(Vfs.java:95)
	at org.reflections.Reflections.lambda$scan$2(Reflections.java:176)
	at java.base/java.util.stream.ForEachOps$ForEachOp$OfRef.accept(ForEachOps.java:186)
	at java.base/java.util.HashMap$KeySpliterator.forEachRemaining(HashMap.java:1716)
	at java.base/java.util.stream.AbstractPipeline.copyInto(AbstractPipeline.java:570)
	at java.base/java.util.stream.ForEachOps$ForEachTask.compute(ForEachOps.java:293)
	at java.base/java.util.concurrent.CountedCompleter.exec(CountedCompleter.java:759)
	at java.base/java.util.concurrent.ForkJoinTask.doExec(ForkJoinTask.java:511)
	at java.base/java.util.concurrent.ForkJoinPool$WorkQueue.topLevelExec(ForkJoinPool.java:1450)
	at java.base/java.util.concurrent.ForkJoinPool.runWorker(ForkJoinPool.java:2019)
	at java.base/java.util.concurrent.ForkJoinWorkerThread.run(ForkJoinWorkerThread.java:187)
[ForkJoinPool.commonPool-worker-2] WARN org.reflections.Reflections - could not create Vfs.Dir from url. ignoring the exception and continuing
org.reflections.ReflectionsException: could not create Vfs.Dir from url, no matching UrlType was found [file:/C:/Users/a.basaleh/.jdks/openjdk-26.0.1!/java.se]
either use fromURL(final URL url, final List<UrlType> urlTypes) or use the static setDefaultURLTypes(final List<UrlType> urlTypes) or addDefaultURLTypes(UrlType urlType) with your specialized UrlType.
	at org.reflections.vfs.Vfs.fromURL(Vfs.java:113)
	at org.reflections.vfs.Vfs.fromURL(Vfs.java:95)
	at org.reflections.Reflections.lambda$scan$2(Reflections.java:176)
	at java.base/java.util.stream.ForEachOps$ForEachOp$OfRef.accept(ForEachOps.java:186)
	at java.base/java.util.HashMap$KeySpliterator.forEachRemaining(HashMap.java:1716)
	at java.base/java.util.stream.AbstractPipeline.copyInto(AbstractPipeline.java:570)
	at java.base/java.util.stream.ForEachOps$ForEachTask.compute(ForEachOps.java:293)
	at java.base/java.util.concurrent.CountedCompleter.exec(CountedCompleter.java:759)
	at java.base/java.util.concurrent.ForkJoinTask.doExec(ForkJoinTask.java:511)
	at java.base/java.util.concurrent.ForkJoinPool$WorkQueue.topLevelExec(ForkJoinPool.java:1450)
	at java.base/java.util.concurrent.ForkJoinPool.runWorker(ForkJoinPool.java:2019)
	at java.base/java.util.concurrent.ForkJoinWorkerThread.run(ForkJoinWorkerThread.java:187)
[ForkJoinPool.commonPool-worker-4] WARN org.reflections.Reflections - could not create Dir using com.thoughtworks.gauge.scan.ClasspathScanner$1@bd6a547 from url file:/C:/Users/a.basaleh/.jdks/openjdk-26.0.1!/jdk.javadoc. skipping.
java.lang.NullPointerException: Cannot invoke "java.io.File.isDirectory()" because "file" is null
	at com.thoughtworks.gauge.scan.ClasspathScanner$1.createDir(ClasspathScanner.java:48)
	at org.reflections.vfs.Vfs.fromURL(Vfs.java:103)
	at org.reflections.vfs.Vfs.fromURL(Vfs.java:95)
	at org.reflections.Reflections.lambda$scan$2(Reflections.java:176)
	at java.base/java.util.stream.ForEachOps$ForEachOp$OfRef.accept(ForEachOps.java:186)
	at java.base/java.util.HashMap$KeySpliterator.forEachRemaining(HashMap.java:1716)
	at java.base/java.util.stream.AbstractPipeline.copyInto(AbstractPipeline.java:570)
	at java.base/java.util.stream.ForEachOps$ForEachTask.compute(ForEachOps.java:293)
	at java.base/java.util.concurrent.CountedCompleter.exec(CountedCompleter.java:759)
	at java.base/java.util.concurrent.ForkJoinTask.doExec(ForkJoinTask.java:511)
	at java.base/java.util.concurrent.ForkJoinPool$WorkQueue.topLevelExec(ForkJoinPool.java:1450)
	at java.base/java.util.concurrent.ForkJoinPool.runWorker(ForkJoinPool.java:2019)
	at java.base/java.util.concurrent.ForkJoinWorkerThread.run(ForkJoinWorkerThread.java:187)
[ForkJoinPool.commonPool-worker-6] WARN org.reflections.Reflections - could not create Dir using com.thoughtworks.gauge.scan.ClasspathScanner$1@bd6a547 from url file:/C:/Users/a.basaleh/.jdks/openjdk-26.0.1!/jdk.nio.mapmode. skipping.
java.lang.NullPointerException: Cannot invoke "java.io.File.isDirectory()" because "file" is null
	at com.thoughtworks.gauge.scan.ClasspathScanner$1.createDir(ClasspathScanner.java:48)
	at org.reflections.vfs.Vfs.fromURL(Vfs.java:103)
	at org.reflections.vfs.Vfs.fromURL(Vfs.java:95)
	at org.reflections.Reflections.lambda$scan$2(Reflections.java:176)
	at java.base/java.util.stream.ForEachOps$ForEachOp$OfRef.accept(ForEachOps.java:186)
	at java.base/java.util.HashMap$KeySpliterator.forEachRemaining(HashMap.java:1716)
	at java.base/java.util.stream.AbstractPipeline.copyInto(AbstractPipeline.java:570)
	at java.base/java.util.stream.ForEachOps$ForEachTask.compute(ForEachOps.java:293)
	at java.base/java.util.concurrent.CountedCompleter.exec(CountedCompleter.java:759)
	at java.base/java.util.concurrent.ForkJoinTask.doExec(ForkJoinTask.java:511)
	at java.base/java.util.concurrent.ForkJoinPool$WorkQueue.topLevelExec(ForkJoinPool.java:1450)
	at java.base/java.util.concurrent.ForkJoinPool.runWorker(ForkJoinPool.java:2019)
	at java.base/java.util.concurrent.ForkJoinWorkerThread.run(ForkJoinWorkerThread.java:187)
[ForkJoinPool.commonPool-worker-4] WARN org.reflections.Reflections - could not create Vfs.Dir from url. ignoring the exception and continuing
org.reflections.ReflectionsException: could not create Vfs.Dir from url, no matching UrlType was found [file:/C:/Users/a.basaleh/.jdks/openjdk-26.0.1!/jdk.javadoc]
either use fromURL(final URL url, final List<UrlType> urlTypes) or use the static setDefaultURLTypes(final List<UrlType> urlTypes) or addDefaultURLTypes(UrlType urlType) with your specialized UrlType.
	at org.reflections.vfs.Vfs.fromURL(Vfs.java:113)
	at org.reflections.vfs.Vfs.fromURL(Vfs.java:95)
	at org.reflections.Reflections.lambda$scan$2(Reflections.java:176)
	at java.base/java.util.stream.ForEachOps$ForEachOp$OfRef.accept(ForEachOps.java:186)
	at java.base/java.util.HashMap$KeySpliterator.forEachRemaining(HashMap.java:1716)
	at java.base/java.util.stream.AbstractPipeline.copyInto(AbstractPipeline.java:570)
	at java.base/java.util.stream.ForEachOps$ForEachTask.compute(ForEachOps.java:293)
	at java.base/java.util.concurrent.CountedCompleter.exec(CountedCompleter.java:759)
	at java.base/java.util.concurrent.ForkJoinTask.doExec(ForkJoinTask.java:511)
	at java.base/java.util.concurrent.ForkJoinPool$WorkQueue.topLevelExec(ForkJoinPool.java:1450)
	at java.base/java.util.concurrent.ForkJoinPool.runWorker(ForkJoinPool.java:2019)
	at java.base/java.util.concurrent.ForkJoinWorkerThread.run(ForkJoinWorkerThread.java:187)
[ForkJoinPool.commonPool-worker-6] WARN org.reflections.Reflections - could not create Vfs.Dir from url. ignoring the exception and continuing
org.reflections.ReflectionsException: could not create Vfs.Dir from url, no matching UrlType was found [file:/C:/Users/a.basaleh/.jdks/openjdk-26.0.1!/jdk.nio.mapmode]
either use fromURL(final URL url, final List<UrlType> urlTypes) or use the static setDefaultURLTypes(final List<UrlType> urlTypes) or addDefaultURLTypes(UrlType urlType) with your specialized UrlType.
	at org.reflections.vfs.Vfs.fromURL(Vfs.java:113)
	at org.reflections.vfs.Vfs.fromURL(Vfs.java:95)
	at org.reflections.Reflections.lambda$scan$2(Reflections.java:176)
	at java.base/java.util.stream.ForEachOps$ForEachOp$OfRef.accept(ForEachOps.java:186)
	at java.base/java.util.HashMap$KeySpliterator.forEachRemaining(HashMap.java:1716)
	at java.base/java.util.stream.AbstractPipeline.copyInto(AbstractPipeline.java:570)
	at java.base/java.util.stream.ForEachOps$ForEachTask.compute(ForEachOps.java:293)
	at java.base/java.util.concurrent.CountedCompleter.exec(CountedCompleter.java:759)
	at java.base/java.util.concurrent.ForkJoinTask.doExec(ForkJoinTask.java:511)
	at java.base/java.util.concurrent.ForkJoinPool$WorkQueue.topLevelExec(ForkJoinPool.java:1450)
	at java.base/java.util.concurrent.ForkJoinPool.runWorker(ForkJoinPool.java:2019)
	at java.base/java.util.concurrent.ForkJoinWorkerThread.run(ForkJoinWorkerThread.java:187)
[ForkJoinPool.commonPool-worker-4] WARN org.reflections.Reflections - could not create Dir using com.thoughtworks.gauge.scan.ClasspathScanner$1@bd6a547 from url file:/C:/Users/a.basaleh/.jdks/openjdk-26.0.1!/jdk.naming.rmi. skipping.
java.lang.NullPointerException: Cannot invoke "java.io.File.isDirectory()" because "file" is null
	at com.thoughtworks.gauge.scan.ClasspathScanner$1.createDir(ClasspathScanner.java:48)
	at org.reflections.vfs.Vfs.fromURL(Vfs.java:103)
	at org.reflections.vfs.Vfs.fromURL(Vfs.java:95)
	at org.reflections.Reflections.lambda$scan$2(Reflections.java:176)
	at java.base/java.util.stream.ForEachOps$ForEachOp$OfRef.accept(ForEachOps.java:186)
	at java.base/java.util.HashMap$KeySpliterator.forEachRemaining(HashMap.java:1716)
	at java.base/java.util.stream.AbstractPipeline.copyInto(AbstractPipeline.java:570)
	at java.base/java.util.stream.ForEachOps$ForEachTask.compute(ForEachOps.java:293)
	at java.base/java.util.concurrent.CountedCompleter.exec(CountedCompleter.java:759)
	at java.base/java.util.concurrent.ForkJoinTask.doExec(ForkJoinTask.java:511)
	at java.base/java.util.concurrent.ForkJoinPool$WorkQueue.topLevelExec(ForkJoinPool.java:1450)
	at java.base/java.util.concurrent.ForkJoinPool.runWorker(ForkJoinPool.java:2019)
	at java.base/java.util.concurrent.ForkJoinWorkerThread.run(ForkJoinWorkerThread.java:187)
[ForkJoinPool.commonPool-worker-6] WARN org.reflections.Reflections - could not create Dir using com.thoughtworks.gauge.scan.ClasspathScanner$1@bd6a547 from url file:/C:/Users/a.basaleh/.jdks/openjdk-26.0.1!/jdk.incubator.vector. skipping.
java.lang.NullPointerException: Cannot invoke "java.io.File.isDirectory()" because "file" is null
	at com.thoughtworks.gauge.scan.ClasspathScanner$1.createDir(ClasspathScanner.java:48)
	at org.reflections.vfs.Vfs.fromURL(Vfs.java:103)
	at org.reflections.vfs.Vfs.fromURL(Vfs.java:95)
	at org.reflections.Reflections.lambda$scan$2(Reflections.java:176)
	at java.base/java.util.stream.ForEachOps$ForEachOp$OfRef.accept(ForEachOps.java:186)
	at java.base/java.util.HashMap$KeySpliterator.forEachRemaining(HashMap.java:1716)
	at java.base/java.util.stream.AbstractPipeline.copyInto(AbstractPipeline.java:570)
	at java.base/java.util.stream.ForEachOps$ForEachTask.compute(ForEachOps.java:293)
	at java.base/java.util.concurrent.CountedCompleter.exec(CountedCompleter.java:759)
	at java.base/java.util.concurrent.ForkJoinTask.doExec(ForkJoinTask.java:511)
	at java.base/java.util.concurrent.ForkJoinPool$WorkQueue.topLevelExec(ForkJoinPool.java:1450)
	at java.base/java.util.concurrent.ForkJoinPool.runWorker(ForkJoinPool.java:2019)
	at java.base/java.util.concurrent.ForkJoinWorkerThread.run(ForkJoinWorkerThread.java:187)
[ForkJoinPool.commonPool-worker-4] WARN org.reflections.Reflections - could not create Vfs.Dir from url. ignoring the exception and continuing
org.reflections.ReflectionsException: could not create Vfs.Dir from url, no matching UrlType was found [file:/C:/Users/a.basaleh/.jdks/openjdk-26.0.1!/jdk.naming.rmi]
either use fromURL(final URL url, final List<UrlType> urlTypes) or use the static setDefaultURLTypes(final List<UrlType> urlTypes) or addDefaultURLTypes(UrlType urlType) with your specialized UrlType.
	at org.reflections.vfs.Vfs.fromURL(Vfs.java:113)
	at org.reflections.vfs.Vfs.fromURL(Vfs.java:95)
	at org.reflections.Reflections.lambda$scan$2(Reflections.java:176)
	at java.base/java.util.stream.ForEachOps$ForEachOp$OfRef.accept(ForEachOps.java:186)
	at java.base/java.util.HashMap$KeySpliterator.forEachRemaining(HashMap.java:1716)
	at java.base/java.util.stream.AbstractPipeline.copyInto(AbstractPipeline.java:570)
	at java.base/java.util.stream.ForEachOps$ForEachTask.compute(ForEachOps.java:293)
	at java.base/java.util.concurrent.CountedCompleter.exec(CountedCompleter.java:759)
	at java.base/java.util.concurrent.ForkJoinTask.doExec(ForkJoinTask.java:511)
	at java.base/java.util.concurrent.ForkJoinPool$WorkQueue.topLevelExec(ForkJoinPool.java:1450)
	at java.base/java.util.concurrent.ForkJoinPool.runWorker(ForkJoinPool.java:2019)
	at java.base/java.util.concurrent.ForkJoinWorkerThread.run(ForkJoinWorkerThread.java:187)
[ForkJoinPool.commonPool-worker-6] WARN org.reflections.Reflections - could not create Vfs.Dir from url. ignoring the exception and continuing
org.reflections.ReflectionsException: could not create Vfs.Dir from url, no matching UrlType was found [file:/C:/Users/a.basaleh/.jdks/openjdk-26.0.1!/jdk.incubator.vector]
either use fromURL(final URL url, final List<UrlType> urlTypes) or use the static setDefaultURLTypes(final List<UrlType> urlTypes) or addDefaultURLTypes(UrlType urlType) with your specialized UrlType.
	at org.reflections.vfs.Vfs.fromURL(Vfs.java:113)
	at org.reflections.vfs.Vfs.fromURL(Vfs.java:95)
	at org.reflections.Reflections.lambda$scan$2(Reflections.java:176)
	at java.base/java.util.stream.ForEachOps$ForEachOp$OfRef.accept(ForEachOps.java:186)
	at java.base/java.util.HashMap$KeySpliterator.forEachRemaining(HashMap.java:1716)
	at java.base/java.util.stream.AbstractPipeline.copyInto(AbstractPipeline.java:570)
	at java.base/java.util.stream.ForEachOps$ForEachTask.compute(ForEachOps.java:293)
	at java.base/java.util.concurrent.CountedCompleter.exec(CountedCompleter.java:759)
	at java.base/java.util.concurrent.ForkJoinTask.doExec(ForkJoinTask.java:511)
	at java.base/java.util.concurrent.ForkJoinPool$WorkQueue.topLevelExec(ForkJoinPool.java:1450)
	at java.base/java.util.concurrent.ForkJoinPool.runWorker(ForkJoinPool.java:2019)
	at java.base/java.util.concurrent.ForkJoinWorkerThread.run(ForkJoinWorkerThread.java:187)
[ForkJoinPool.commonPool-worker-6] WARN org.reflections.Reflections - could not create Dir using com.thoughtworks.gauge.scan.ClasspathScanner$1@bd6a547 from url file:/C:/Users/a.basaleh/.jdks/openjdk-26.0.1!/jdk.jdi. skipping.
java.lang.NullPointerException: Cannot invoke "java.io.File.isDirectory()" because "file" is null
	at com.thoughtworks.gauge.scan.ClasspathScanner$1.createDir(ClasspathScanner.java:48)
	at org.reflections.vfs.Vfs.fromURL(Vfs.java:103)
	at org.reflections.vfs.Vfs.fromURL(Vfs.java:95)
	at org.reflections.Reflections.lambda$scan$2(Reflections.java:176)
	at java.base/java.util.stream.ForEachOps$ForEachOp$OfRef.accept(ForEachOps.java:186)
	at java.base/java.util.HashMap$KeySpliterator.forEachRemaining(HashMap.java:1716)
	at java.base/java.util.stream.AbstractPipeline.copyInto(AbstractPipeline.java:570)
	at java.base/java.util.stream.ForEachOps$ForEachTask.compute(ForEachOps.java:293)
	at java.base/java.util.concurrent.CountedCompleter.exec(CountedCompleter.java:759)
	at java.base/java.util.concurrent.ForkJoinTask.doExec(ForkJoinTask.java:511)
	at java.base/java.util.concurrent.ForkJoinPool$WorkQueue.topLevelExec(ForkJoinPool.java:1450)
	at java.base/java.util.concurrent.ForkJoinPool.runWorker(ForkJoinPool.java:2019)
	at java.base/java.util.concurrent.ForkJoinWorkerThread.run(ForkJoinWorkerThread.java:187)
[ForkJoinPool.commonPool-worker-4] WARN org.reflections.Reflections - could not create Dir using com.thoughtworks.gauge.scan.ClasspathScanner$1@bd6a547 from url file:/C:/Users/a.basaleh/.jdks/openjdk-26.0.1!/java.compiler. skipping.
java.lang.NullPointerException: Cannot invoke "java.io.File.isDirectory()" because "file" is null
	at com.thoughtworks.gauge.scan.ClasspathScanner$1.createDir(ClasspathScanner.java:48)
	at org.reflections.vfs.Vfs.fromURL(Vfs.java:103)
	at org.reflections.vfs.Vfs.fromURL(Vfs.java:95)
	at org.reflections.Reflections.lambda$scan$2(Reflections.java:176)
	at java.base/java.util.stream.ForEachOps$ForEachOp$OfRef.accept(ForEachOps.java:186)
	at java.base/java.util.HashMap$KeySpliterator.forEachRemaining(HashMap.java:1716)
	at java.base/java.util.stream.AbstractPipeline.copyInto(AbstractPipeline.java:570)
	at java.base/java.util.stream.ForEachOps$ForEachTask.compute(ForEachOps.java:293)
	at java.base/java.util.concurrent.CountedCompleter.exec(CountedCompleter.java:759)
	at java.base/java.util.concurrent.ForkJoinTask.doExec(ForkJoinTask.java:511)
	at java.base/java.util.concurrent.ForkJoinPool$WorkQueue.topLevelExec(ForkJoinPool.java:1450)
	at java.base/java.util.concurrent.ForkJoinPool.runWorker(ForkJoinPool.java:2019)
	at java.base/java.util.concurrent.ForkJoinWorkerThread.run(ForkJoinWorkerThread.java:187)
[ForkJoinPool.commonPool-worker-6] WARN org.reflections.Reflections - could not create Vfs.Dir from url. ignoring the exception and continuing
org.reflections.ReflectionsException: could not create Vfs.Dir from url, no matching UrlType was found [file:/C:/Users/a.basaleh/.jdks/openjdk-26.0.1!/jdk.jdi]
either use fromURL(final URL url, final List<UrlType> urlTypes) or use the static setDefaultURLTypes(final List<UrlType> urlTypes) or addDefaultURLTypes(UrlType urlType) with your specialized UrlType.
	at org.reflections.vfs.Vfs.fromURL(Vfs.java:113)
	at org.reflections.vfs.Vfs.fromURL(Vfs.java:95)
	at org.reflections.Reflections.lambda$scan$2(Reflections.java:176)
	at java.base/java.util.stream.ForEachOps$ForEachOp$OfRef.accept(ForEachOps.java:186)
	at java.base/java.util.HashMap$KeySpliterator.forEachRemaining(HashMap.java:1716)
	at java.base/java.util.stream.AbstractPipeline.copyInto(AbstractPipeline.java:570)
	at java.base/java.util.stream.ForEachOps$ForEachTask.compute(ForEachOps.java:293)
	at java.base/java.util.concurrent.CountedCompleter.exec(CountedCompleter.java:759)
	at java.base/java.util.concurrent.ForkJoinTask.doExec(ForkJoinTask.java:511)
	at java.base/java.util.concurrent.ForkJoinPool$WorkQueue.topLevelExec(ForkJoinPool.java:1450)
	at java.base/java.util.concurrent.ForkJoinPool.runWorker(ForkJoinPool.java:2019)
	at java.base/java.util.concurrent.ForkJoinWorkerThread.run(ForkJoinWorkerThread.java:187)
[ForkJoinPool.commonPool-worker-4] WARN org.reflections.Reflections - could not create Vfs.Dir from url. ignoring the exception and continuing
org.reflections.ReflectionsException: could not create Vfs.Dir from url, no matching UrlType was found [file:/C:/Users/a.basaleh/.jdks/openjdk-26.0.1!/java.compiler]
either use fromURL(final URL url, final List<UrlType> urlTypes) or use the static setDefaultURLTypes(final List<UrlType> urlTypes) or addDefaultURLTypes(UrlType urlType) with your specialized UrlType.
	at org.reflections.vfs.Vfs.fromURL(Vfs.java:113)
	at org.reflections.vfs.Vfs.fromURL(Vfs.java:95)
	at org.reflections.Reflections.lambda$scan$2(Reflections.java:176)
	at java.base/java.util.stream.ForEachOps$ForEachOp$OfRef.accept(ForEachOps.java:186)
	at java.base/java.util.HashMap$KeySpliterator.forEachRemaining(HashMap.java:1716)
	at java.base/java.util.stream.AbstractPipeline.copyInto(AbstractPipeline.java:570)
	at java.base/java.util.stream.ForEachOps$ForEachTask.compute(ForEachOps.java:293)
	at java.base/java.util.concurrent.CountedCompleter.exec(CountedCompleter.java:759)
	at java.base/java.util.concurrent.ForkJoinTask.doExec(ForkJoinTask.java:511)
	at java.base/java.util.concurrent.ForkJoinPool$WorkQueue.topLevelExec(ForkJoinPool.java:1450)
	at java.base/java.util.concurrent.ForkJoinPool.runWorker(ForkJoinPool.java:2019)
	at java.base/java.util.concurrent.ForkJoinWorkerThread.run(ForkJoinWorkerThread.java:187)
[ForkJoinPool.commonPool-worker-6] WARN org.reflections.Reflections - could not create Dir using com.thoughtworks.gauge.scan.ClasspathScanner$1@bd6a547 from url file:/C:/Users/a.basaleh/.jdks/openjdk-26.0.1!/jdk.jcmd. skipping.
java.lang.NullPointerException: Cannot invoke "java.io.File.isDirectory()" because "file" is null
	at com.thoughtworks.gauge.scan.ClasspathScanner$1.createDir(ClasspathScanner.java:48)
	at org.reflections.vfs.Vfs.fromURL(Vfs.java:103)
	at org.reflections.vfs.Vfs.fromURL(Vfs.java:95)
	at org.reflections.Reflections.lambda$scan$2(Reflections.java:176)
	at java.base/java.util.stream.ForEachOps$ForEachOp$OfRef.accept(ForEachOps.java:186)
	at java.base/java.util.HashMap$KeySpliterator.forEachRemaining(HashMap.java:1716)
	at java.base/java.util.stream.AbstractPipeline.copyInto(AbstractPipeline.java:570)
	at java.base/java.util.stream.ForEachOps$ForEachTask.compute(ForEachOps.java:293)
	at java.base/java.util.concurrent.CountedCompleter.exec(CountedCompleter.java:759)
	at java.base/java.util.concurrent.ForkJoinTask.doExec(ForkJoinTask.java:511)
	at java.base/java.util.concurrent.ForkJoinPool$WorkQueue.topLevelExec(ForkJoinPool.java:1450)
	at java.base/java.util.concurrent.ForkJoinPool.runWorker(ForkJoinPool.java:2019)
	at java.base/java.util.concurrent.ForkJoinWorkerThread.run(ForkJoinWorkerThread.java:187)
[ForkJoinPool.commonPool-worker-5] WARN org.reflections.Reflections - could not create Dir using com.thoughtworks.gauge.scan.ClasspathScanner$1@bd6a547 from url file:/C:/Users/a.basaleh/.jdks/openjdk-26.0.1!/java.datatransfer. skipping.
java.lang.NullPointerException: Cannot invoke "java.io.File.isDirectory()" because "file" is null
	at com.thoughtworks.gauge.scan.ClasspathScanner$1.createDir(ClasspathScanner.java:48)
	at org.reflections.vfs.Vfs.fromURL(Vfs.java:103)
	at org.reflections.vfs.Vfs.fromURL(Vfs.java:95)
	at org.reflections.Reflections.lambda$scan$2(Reflections.java:176)
	at java.base/java.util.stream.ForEachOps$ForEachOp$OfRef.accept(ForEachOps.java:186)
	at java.base/java.util.HashMap$KeySpliterator.forEachRemaining(HashMap.java:1716)
	at java.base/java.util.stream.AbstractPipeline.copyInto(AbstractPipeline.java:570)
	at java.base/java.util.stream.ForEachOps$ForEachTask.compute(ForEachOps.java:293)
	at java.base/java.util.concurrent.CountedCompleter.exec(CountedCompleter.java:759)
	at java.base/java.util.concurrent.ForkJoinTask.doExec(ForkJoinTask.java:511)
	at java.base/java.util.concurrent.ForkJoinPool$WorkQueue.topLevelExec(ForkJoinPool.java:1450)
	at java.base/java.util.concurrent.ForkJoinPool.runWorker(ForkJoinPool.java:2019)
	at java.base/java.util.concurrent.ForkJoinWorkerThread.run(ForkJoinWorkerThread.java:187)
[ForkJoinPool.commonPool-worker-6] WARN org.reflections.Reflections - could not create Vfs.Dir from url. ignoring the exception and continuing
org.reflections.ReflectionsException: could not create Vfs.Dir from url, no matching UrlType was found [file:/C:/Users/a.basaleh/.jdks/openjdk-26.0.1!/jdk.jcmd]
either use fromURL(final URL url, final List<UrlType> urlTypes) or use the static setDefaultURLTypes(final List<UrlType> urlTypes) or addDefaultURLTypes(UrlType urlType) with your specialized UrlType.
	at org.reflections.vfs.Vfs.fromURL(Vfs.java:113)
	at org.reflections.vfs.Vfs.fromURL(Vfs.java:95)
	at org.reflections.Reflections.lambda$scan$2(Reflections.java:176)
	at java.base/java.util.stream.ForEachOps$ForEachOp$OfRef.accept(ForEachOps.java:186)
	at java.base/java.util.HashMap$KeySpliterator.forEachRemaining(HashMap.java:1716)
	at java.base/java.util.stream.AbstractPipeline.copyInto(AbstractPipeline.java:570)
	at java.base/java.util.stream.ForEachOps$ForEachTask.compute(ForEachOps.java:293)
	at java.base/java.util.concurrent.CountedCompleter.exec(CountedCompleter.java:759)
	at java.base/java.util.concurrent.ForkJoinTask.doExec(ForkJoinTask.java:511)
	at java.base/java.util.concurrent.ForkJoinPool$WorkQueue.topLevelExec(ForkJoinPool.java:1450)
	at java.base/java.util.concurrent.ForkJoinPool.runWorker(ForkJoinPool.java:2019)
	at java.base/java.util.concurrent.ForkJoinWorkerThread.run(ForkJoinWorkerThread.java:187)
[ForkJoinPool.commonPool-worker-5] WARN org.reflections.Reflections - could not create Vfs.Dir from url. ignoring the exception and continuing
org.reflections.ReflectionsException: could not create Vfs.Dir from url, no matching UrlType was found [file:/C:/Users/a.basaleh/.jdks/openjdk-26.0.1!/java.datatransfer]
either use fromURL(final URL url, final List<UrlType> urlTypes) or use the static setDefaultURLTypes(final List<UrlType> urlTypes) or addDefaultURLTypes(UrlType urlType) with your specialized UrlType.
	at org.reflections.vfs.Vfs.fromURL(Vfs.java:113)
	at org.reflections.vfs.Vfs.fromURL(Vfs.java:95)
	at org.reflections.Reflections.lambda$scan$2(Reflections.java:176)
	at java.base/java.util.stream.ForEachOps$ForEachOp$OfRef.accept(ForEachOps.java:186)
	at java.base/java.util.HashMap$KeySpliterator.forEachRemaining(HashMap.java:1716)
	at java.base/java.util.stream.AbstractPipeline.copyInto(AbstractPipeline.java:570)
	at java.base/java.util.stream.ForEachOps$ForEachTask.compute(ForEachOps.java:293)
	at java.base/java.util.concurrent.CountedCompleter.exec(CountedCompleter.java:759)
	at java.base/java.util.concurrent.ForkJoinTask.doExec(ForkJoinTask.java:511)
	at java.base/java.util.concurrent.ForkJoinPool$WorkQueue.topLevelExec(ForkJoinPool.java:1450)
	at java.base/java.util.concurrent.ForkJoinPool.runWorker(ForkJoinPool.java:2019)
	at java.base/java.util.concurrent.ForkJoinWorkerThread.run(ForkJoinWorkerThread.java:187)
[ForkJoinPool.commonPool-worker-3] WARN org.reflections.Reflections - could not create Dir using com.thoughtworks.gauge.scan.ClasspathScanner$1@bd6a547 from url file:/C:/Users/a.basaleh/.jdks/openjdk-26.0.1!/jdk.graal.compiler.management. skipping.
java.lang.NullPointerException: Cannot invoke "java.io.File.isDirectory()" because "file" is null
	at com.thoughtworks.gauge.scan.ClasspathScanner$1.createDir(ClasspathScanner.java:48)
	at org.reflections.vfs.Vfs.fromURL(Vfs.java:103)
	at org.reflections.vfs.Vfs.fromURL(Vfs.java:95)
	at org.reflections.Reflections.lambda$scan$2(Reflections.java:176)
	at java.base/java.util.stream.ForEachOps$ForEachOp$OfRef.accept(ForEachOps.java:186)
	at java.base/java.util.HashMap$KeySpliterator.forEachRemaining(HashMap.java:1716)
	at java.base/java.util.stream.AbstractPipeline.copyInto(AbstractPipeline.java:570)
	at java.base/java.util.stream.ForEachOps$ForEachTask.compute(ForEachOps.java:293)
	at java.base/java.util.concurrent.CountedCompleter.exec(CountedCompleter.java:759)
	at java.base/java.util.concurrent.ForkJoinTask.doExec(ForkJoinTask.java:511)
	at java.base/java.util.concurrent.ForkJoinPool$WorkQueue.topLevelExec(ForkJoinPool.java:1450)
	at java.base/java.util.concurrent.ForkJoinPool.runWorker(ForkJoinPool.java:2019)
	at java.base/java.util.concurrent.ForkJoinWorkerThread.run(ForkJoinWorkerThread.java:187)
[ForkJoinPool.commonPool-worker-3] WARN org.reflections.Reflections - could not create Vfs.Dir from url. ignoring the exception and continuing
org.reflections.ReflectionsException: could not create Vfs.Dir from url, no matching UrlType was found [file:/C:/Users/a.basaleh/.jdks/openjdk-26.0.1!/jdk.graal.compiler.management]
either use fromURL(final URL url, final List<UrlType> urlTypes) or use the static setDefaultURLTypes(final List<UrlType> urlTypes) or addDefaultURLTypes(UrlType urlType) with your specialized UrlType.
	at org.reflections.vfs.Vfs.fromURL(Vfs.java:113)
	at org.reflections.vfs.Vfs.fromURL(Vfs.java:95)
	at org.reflections.Reflections.lambda$scan$2(Reflections.java:176)
	at java.base/java.util.stream.ForEachOps$ForEachOp$OfRef.accept(ForEachOps.java:186)
	at java.base/java.util.HashMap$KeySpliterator.forEachRemaining(HashMap.java:1716)
	at java.base/java.util.stream.AbstractPipeline.copyInto(AbstractPipeline.java:570)
	at java.base/java.util.stream.ForEachOps$ForEachTask.compute(ForEachOps.java:293)
	at java.base/java.util.concurrent.CountedCompleter.exec(CountedCompleter.java:759)
	at java.base/java.util.concurrent.ForkJoinTask.doExec(ForkJoinTask.java:511)
	at java.base/java.util.concurrent.ForkJoinPool$WorkQueue.topLevelExec(ForkJoinPool.java:1450)
	at java.base/java.util.concurrent.ForkJoinPool.runWorker(ForkJoinPool.java:2019)
	at java.base/java.util.concurrent.ForkJoinWorkerThread.run(ForkJoinWorkerThread.java:187)
[ForkJoinPool.commonPool-worker-3] WARN org.reflections.Reflections - could not create Dir using com.thoughtworks.gauge.scan.ClasspathScanner$1@bd6a547 from url file:/C:/Users/a.basaleh/.jdks/openjdk-26.0.1!/jdk.jdwp.agent. skipping.
java.lang.NullPointerException: Cannot invoke "java.io.File.isDirectory()" because "file" is null
	at com.thoughtworks.gauge.scan.ClasspathScanner$1.createDir(ClasspathScanner.java:48)
	at org.reflections.vfs.Vfs.fromURL(Vfs.java:103)
	at org.reflections.vfs.Vfs.fromURL(Vfs.java:95)
	at org.reflections.Reflections.lambda$scan$2(Reflections.java:176)
	at java.base/java.util.stream.ForEachOps$ForEachOp$OfRef.accept(ForEachOps.java:186)
	at java.base/java.util.HashMap$KeySpliterator.forEachRemaining(HashMap.java:1716)
	at java.base/java.util.stream.AbstractPipeline.copyInto(AbstractPipeline.java:570)
	at java.base/java.util.stream.ForEachOps$ForEachTask.compute(ForEachOps.java:293)
	at java.base/java.util.concurrent.CountedCompleter.exec(CountedCompleter.java:759)
	at java.base/java.util.concurrent.ForkJoinTask.doExec(ForkJoinTask.java:511)
	at java.base/java.util.concurrent.ForkJoinPool$WorkQueue.topLevelExec(ForkJoinPool.java:1450)
	at java.base/java.util.concurrent.ForkJoinPool.runWorker(ForkJoinPool.java:2019)
	at java.base/java.util.concurrent.ForkJoinWorkerThread.run(ForkJoinWorkerThread.java:187)
[ForkJoinPool.commonPool-worker-10] WARN org.reflections.Reflections - could not create Dir using com.thoughtworks.gauge.scan.ClasspathScanner$1@bd6a547 from url file:/C:/Users/a.basaleh/.jdks/openjdk-26.0.1!/jdk.httpserver. skipping.
java.lang.NullPointerException: Cannot invoke "java.io.File.isDirectory()" because "file" is null
	at com.thoughtworks.gauge.scan.ClasspathScanner$1.createDir(ClasspathScanner.java:48)
	at org.reflections.vfs.Vfs.fromURL(Vfs.java:103)
	at org.reflections.vfs.Vfs.fromURL(Vfs.java:95)
	at org.reflections.Reflections.lambda$scan$2(Reflections.java:176)
	at java.base/java.util.stream.ForEachOps$ForEachOp$OfRef.accept(ForEachOps.java:186)
	at java.base/java.util.HashMap$KeySpliterator.forEachRemaining(HashMap.java:1716)
	at java.base/java.util.stream.AbstractPipeline.copyInto(AbstractPipeline.java:570)
	at java.base/java.util.stream.ForEachOps$ForEachTask.compute(ForEachOps.java:293)
	at java.base/java.util.concurrent.CountedCompleter.exec(CountedCompleter.java:759)
	at java.base/java.util.concurrent.ForkJoinTask.doExec(ForkJoinTask.java:511)
	at java.base/java.util.concurrent.ForkJoinPool$WorkQueue.topLevelExec(ForkJoinPool.java:1450)
	at java.base/java.util.concurrent.ForkJoinPool.runWorker(ForkJoinPool.java:2019)
	at java.base/java.util.concurrent.ForkJoinWorkerThread.run(ForkJoinWorkerThread.java:187)
[ForkJoinPool.commonPool-worker-3] WARN org.reflections.Reflections - could not create Vfs.Dir from url. ignoring the exception and continuing
org.reflections.ReflectionsException: could not create Vfs.Dir from url, no matching UrlType was found [file:/C:/Users/a.basaleh/.jdks/openjdk-26.0.1!/jdk.jdwp.agent]
either use fromURL(final URL url, final List<UrlType> urlTypes) or use the static setDefaultURLTypes(final List<UrlType> urlTypes) or addDefaultURLTypes(UrlType urlType) with your specialized UrlType.
	at org.reflections.vfs.Vfs.fromURL(Vfs.java:113)
	at org.reflections.vfs.Vfs.fromURL(Vfs.java:95)
	at org.reflections.Reflections.lambda$scan$2(Reflections.java:176)
	at java.base/java.util.stream.ForEachOps$ForEachOp$OfRef.accept(ForEachOps.java:186)
	at java.base/java.util.HashMap$KeySpliterator.forEachRemaining(HashMap.java:1716)
	at java.base/java.util.stream.AbstractPipeline.copyInto(AbstractPipeline.java:570)
	at java.base/java.util.stream.ForEachOps$ForEachTask.compute(ForEachOps.java:293)
	at java.base/java.util.concurrent.CountedCompleter.exec(CountedCompleter.java:759)
	at java.base/java.util.concurrent.ForkJoinTask.doExec(ForkJoinTask.java:511)
	at java.base/java.util.concurrent.ForkJoinPool$WorkQueue.topLevelExec(ForkJoinPool.java:1450)
	at java.base/java.util.concurrent.ForkJoinPool.runWorker(ForkJoinPool.java:2019)
	at java.base/java.util.concurrent.ForkJoinWorkerThread.run(ForkJoinWorkerThread.java:187)
[ForkJoinPool.commonPool-worker-10] WARN org.reflections.Reflections - could not create Vfs.Dir from url. ignoring the exception and continuing
org.reflections.ReflectionsException: could not create Vfs.Dir from url, no matching UrlType was found [file:/C:/Users/a.basaleh/.jdks/openjdk-26.0.1!/jdk.httpserver]
either use fromURL(final URL url, final List<UrlType> urlTypes) or use the static setDefaultURLTypes(final List<UrlType> urlTypes) or addDefaultURLTypes(UrlType urlType) with your specialized UrlType.
	at org.reflections.vfs.Vfs.fromURL(Vfs.java:113)
	at org.reflections.vfs.Vfs.fromURL(Vfs.java:95)
	at org.reflections.Reflections.lambda$scan$2(Reflections.java:176)
	at java.base/java.util.stream.ForEachOps$ForEachOp$OfRef.accept(ForEachOps.java:186)
	at java.base/java.util.HashMap$KeySpliterator.forEachRemaining(HashMap.java:1716)
	at java.base/java.util.stream.AbstractPipeline.copyInto(AbstractPipeline.java:570)
	at java.base/java.util.stream.ForEachOps$ForEachTask.compute(ForEachOps.java:293)
	at java.base/java.util.concurrent.CountedCompleter.exec(CountedCompleter.java:759)
	at java.base/java.util.concurrent.ForkJoinTask.doExec(ForkJoinTask.java:511)
	at java.base/java.util.concurrent.ForkJoinPool$WorkQueue.topLevelExec(ForkJoinPool.java:1450)
	at java.base/java.util.concurrent.ForkJoinPool.runWorker(ForkJoinPool.java:2019)
	at java.base/java.util.concurrent.ForkJoinWorkerThread.run(ForkJoinWorkerThread.java:187)
[ForkJoinPool.commonPool-worker-10] WARN org.reflections.Reflections - could not create Dir using com.thoughtworks.gauge.scan.ClasspathScanner$1@bd6a547 from url file:/C:/Users/a.basaleh/.jdks/openjdk-26.0.1!/jdk.jlink. skipping.
java.lang.NullPointerException: Cannot invoke "java.io.File.isDirectory()" because "file" is null
	at com.thoughtworks.gauge.scan.ClasspathScanner$1.createDir(ClasspathScanner.java:48)
	at org.reflections.vfs.Vfs.fromURL(Vfs.java:103)
	at org.reflections.vfs.Vfs.fromURL(Vfs.java:95)
	at org.reflections.Reflections.lambda$scan$2(Reflections.java:176)
	at java.base/java.util.stream.ForEachOps$ForEachOp$OfRef.accept(ForEachOps.java:186)
	at java.base/java.util.HashMap$KeySpliterator.forEachRemaining(HashMap.java:1716)
	at java.base/java.util.stream.AbstractPipeline.copyInto(AbstractPipeline.java:570)
	at java.base/java.util.stream.ForEachOps$ForEachTask.compute(ForEachOps.java:293)
	at java.base/java.util.concurrent.CountedCompleter.exec(CountedCompleter.java:759)
	at java.base/java.util.concurrent.ForkJoinTask.doExec(ForkJoinTask.java:511)
	at java.base/java.util.concurrent.ForkJoinPool$WorkQueue.topLevelExec(ForkJoinPool.java:1450)
	at java.base/java.util.concurrent.ForkJoinPool.runWorker(ForkJoinPool.java:2019)
	at java.base/java.util.concurrent.ForkJoinWorkerThread.run(ForkJoinWorkerThread.java:187)
[ForkJoinPool.commonPool-worker-10] WARN org.reflections.Reflections - could not create Vfs.Dir from url. ignoring the exception and continuing
org.reflections.ReflectionsException: could not create Vfs.Dir from url, no matching UrlType was found [file:/C:/Users/a.basaleh/.jdks/openjdk-26.0.1!/jdk.jlink]
either use fromURL(final URL url, final List<UrlType> urlTypes) or use the static setDefaultURLTypes(final List<UrlType> urlTypes) or addDefaultURLTypes(UrlType urlType) with your specialized UrlType.
	at org.reflections.vfs.Vfs.fromURL(Vfs.java:113)
	at org.reflections.vfs.Vfs.fromURL(Vfs.java:95)
	at org.reflections.Reflections.lambda$scan$2(Reflections.java:176)
	at java.base/java.util.stream.ForEachOps$ForEachOp$OfRef.accept(ForEachOps.java:186)
	at java.base/java.util.HashMap$KeySpliterator.forEachRemaining(HashMap.java:1716)
	at java.base/java.util.stream.AbstractPipeline.copyInto(AbstractPipeline.java:570)
	at java.base/java.util.stream.ForEachOps$ForEachTask.compute(ForEachOps.java:293)
	at java.base/java.util.concurrent.CountedCompleter.exec(CountedCompleter.java:759)
	at java.base/java.util.concurrent.ForkJoinTask.doExec(ForkJoinTask.java:511)
	at java.base/java.util.concurrent.ForkJoinPool$WorkQueue.topLevelExec(ForkJoinPool.java:1450)
	at java.base/java.util.concurrent.ForkJoinPool.runWorker(ForkJoinPool.java:2019)
	at java.base/java.util.concurrent.ForkJoinWorkerThread.run(ForkJoinWorkerThread.java:187)
[ForkJoinPool.commonPool-worker-2] WARN org.reflections.Reflections - could not create Dir using com.thoughtworks.gauge.scan.ClasspathScanner$1@bd6a547 from url file:/C:/Users/a.basaleh/.jdks/openjdk-26.0.1!/jdk.jpackage. skipping.
java.lang.NullPointerException: Cannot invoke "java.io.File.isDirectory()" because "file" is null
	at com.thoughtworks.gauge.scan.ClasspathScanner$1.createDir(ClasspathScanner.java:48)
	at org.reflections.vfs.Vfs.fromURL(Vfs.java:103)
	at org.reflections.vfs.Vfs.fromURL(Vfs.java:95)
	at org.reflections.Reflections.lambda$scan$2(Reflections.java:176)
	at java.base/java.util.stream.ForEachOps$ForEachOp$OfRef.accept(ForEachOps.java:186)
	at java.base/java.util.HashMap$KeySpliterator.forEachRemaining(HashMap.java:1716)
	at java.base/java.util.stream.AbstractPipeline.copyInto(AbstractPipeline.java:570)
	at java.base/java.util.stream.ForEachOps$ForEachTask.compute(ForEachOps.java:293)
	at java.base/java.util.concurrent.CountedCompleter.exec(CountedCompleter.java:759)
	at java.base/java.util.concurrent.ForkJoinTask.doExec(ForkJoinTask.java:511)
	at java.base/java.util.concurrent.ForkJoinPool$WorkQueue.topLevelExec(ForkJoinPool.java:1450)
	at java.base/java.util.concurrent.ForkJoinPool.runWorker(ForkJoinPool.java:2019)
	at java.base/java.util.concurrent.ForkJoinWorkerThread.run(ForkJoinWorkerThread.java:187)
[ForkJoinPool.commonPool-worker-2] WARN org.reflections.Reflections - could not create Vfs.Dir from url. ignoring the exception and continuing
org.reflections.ReflectionsException: could not create Vfs.Dir from url, no matching UrlType was found [file:/C:/Users/a.basaleh/.jdks/openjdk-26.0.1!/jdk.jpackage]
either use fromURL(final URL url, final List<UrlType> urlTypes) or use the static setDefaultURLTypes(final List<UrlType> urlTypes) or addDefaultURLTypes(UrlType urlType) with your specialized UrlType.
	at org.reflections.vfs.Vfs.fromURL(Vfs.java:113)
	at org.reflections.vfs.Vfs.fromURL(Vfs.java:95)
	at org.reflections.Reflections.lambda$scan$2(Reflections.java:176)
	at java.base/java.util.stream.ForEachOps$ForEachOp$OfRef.accept(ForEachOps.java:186)
	at java.base/java.util.HashMap$KeySpliterator.forEachRemaining(HashMap.java:1716)
	at java.base/java.util.stream.AbstractPipeline.copyInto(AbstractPipeline.java:570)
	at java.base/java.util.stream.ForEachOps$ForEachTask.compute(ForEachOps.java:293)
	at java.base/java.util.concurrent.CountedCompleter.exec(CountedCompleter.java:759)
	at java.base/java.util.concurrent.ForkJoinTask.doExec(ForkJoinTask.java:511)
	at java.base/java.util.concurrent.ForkJoinPool$WorkQueue.topLevelExec(ForkJoinPool.java:1450)
	at java.base/java.util.concurrent.ForkJoinPool.runWorker(ForkJoinPool.java:2019)
	at java.base/java.util.concurrent.ForkJoinWorkerThread.run(ForkJoinWorkerThread.java:187)
[ForkJoinPool.commonPool-worker-8] WARN org.reflections.Reflections - could not create Dir using com.thoughtworks.gauge.scan.ClasspathScanner$1@bd6a547 from url file:/C:/Users/a.basaleh/.jdks/openjdk-26.0.1!/jdk.unsupported. skipping.
java.lang.NullPointerException: Cannot invoke "java.io.File.isDirectory()" because "file" is null
	at com.thoughtworks.gauge.scan.ClasspathScanner$1.createDir(ClasspathScanner.java:48)
	at org.reflections.vfs.Vfs.fromURL(Vfs.java:103)
	at org.reflections.vfs.Vfs.fromURL(Vfs.java:95)
	at org.reflections.Reflections.lambda$scan$2(Reflections.java:176)
	at java.base/java.util.stream.ForEachOps$ForEachOp$OfRef.accept(ForEachOps.java:186)
	at java.base/java.util.HashMap$KeySpliterator.forEachRemaining(HashMap.java:1716)
	at java.base/java.util.stream.AbstractPipeline.copyInto(AbstractPipeline.java:570)
	at java.base/java.util.stream.ForEachOps$ForEachTask.compute(ForEachOps.java:293)
	at java.base/java.util.concurrent.CountedCompleter.exec(CountedCompleter.java:759)
	at java.base/java.util.concurrent.ForkJoinTask.doExec(ForkJoinTask.java:511)
	at java.base/java.util.concurrent.ForkJoinPool$WorkQueue.topLevelExec(ForkJoinPool.java:1450)
	at java.base/java.util.concurrent.ForkJoinPool.runWorker(ForkJoinPool.java:2019)
	at java.base/java.util.concurrent.ForkJoinWorkerThread.run(ForkJoinWorkerThread.java:187)
[ForkJoinPool.commonPool-worker-8] WARN org.reflections.Reflections - could not create Vfs.Dir from url. ignoring the exception and continuing
org.reflections.ReflectionsException: could not create Vfs.Dir from url, no matching UrlType was found [file:/C:/Users/a.basaleh/.jdks/openjdk-26.0.1!/jdk.unsupported]
either use fromURL(final URL url, final List<UrlType> urlTypes) or use the static setDefaultURLTypes(final List<UrlType> urlTypes) or addDefaultURLTypes(UrlType urlType) with your specialized UrlType.
	at org.reflections.vfs.Vfs.fromURL(Vfs.java:113)
	at org.reflections.vfs.Vfs.fromURL(Vfs.java:95)
	at org.reflections.Reflections.lambda$scan$2(Reflections.java:176)
	at java.base/java.util.stream.ForEachOps$ForEachOp$OfRef.accept(ForEachOps.java:186)
	at java.base/java.util.HashMap$KeySpliterator.forEachRemaining(HashMap.java:1716)
	at java.base/java.util.stream.AbstractPipeline.copyInto(AbstractPipeline.java:570)
	at java.base/java.util.stream.ForEachOps$ForEachTask.compute(ForEachOps.java:293)
	at java.base/java.util.concurrent.CountedCompleter.exec(CountedCompleter.java:759)
	at java.base/java.util.concurrent.ForkJoinTask.doExec(ForkJoinTask.java:511)
	at java.base/java.util.concurrent.ForkJoinPool$WorkQueue.topLevelExec(ForkJoinPool.java:1450)
	at java.base/java.util.concurrent.ForkJoinPool.runWorker(ForkJoinPool.java:2019)
	at java.base/java.util.concurrent.ForkJoinWorkerThread.run(ForkJoinWorkerThread.java:187)
[pool-2-thread-1] INFO org.reflections.Reflections - Reflections took 319 ms to scan 144 urls, producing 4665 keys and 19293 values
[pool-2-thread-1] INFO io.github.bonigarcia.wdm.WebDriverManager - Using chromedriver 149.0.7827.55 (resolved driver for Chrome 149)
[pool-2-thread-1] INFO io.github.bonigarcia.wdm.WebDriverManager - Exporting webdriver.chrome.driver as C:\Users\a.basaleh\.cache\selenium\chromedriver\win64\149.0.7827.55\chromedriver.exe
Haz 11, 2026 3:17:20 ÖS org.openqa.selenium.devtools.CdpVersionFinder findNearestMatch
WARNING: Unable to find an exact match for CDP version 149, returning the closest version; found: 148; Please update to a Selenium version that supports CDP version 149
{"logLevel":"debug","message":"Executing \u0027Go To {}\u0027 using \u0027class selenium_helper.CustomActions.visitAWebsite"}
{"logLevel":"debug","message":"Executing \u0027Click On {} by {} on shadow root {}\u0027 using \u0027class selenium_helper.CustomActions.clickInShadowRoot"}
{"logLevel":"debug","message":"Executing \u0027Find Element Where {} is {} then click\u0027 using \u0027class selenium_helper.CustomActions.findElementThenClick"}
{"logLevel":"debug","message":"Executing \u0027Find Failed Where {} is {} then fill with {}\u0027 using \u0027class selenium_helper.CustomActions.findInputThenFill"}
{"logLevel":"debug","message":"Executing \u0027Press {}\u0027 using \u0027class selenium_helper.CustomActions.pressButton"}
{"logLevel":"debug","message":"Executing \u0027Verify Element where {} is {}\u0027 using \u0027class selenium_helper.CustomActions.verifyElementExistence"}
{"logLevel":"debug","message":"Executing \u0027Verify Element where {} is {}\u0027 using \u0027class selenium_helper.CustomActions.verifyElementExistence"}
{"logLevel":"debug","message":"Executing \u0027Find Element Where {} is {} then click\u0027 using \u0027class selenium_helper.CustomActions.findElementThenClick"}
{"logLevel":"debug","message":"Executing \u0027Verify Windows Count Equals To {}\u0027 using \u0027class selenium_helper.CustomActions.verifyWindowsCount"}
{"logLevel":"debug","message":"Executing \u0027Switch To {} Window\u0027 using \u0027class selenium_helper.CustomActions.switchToWindowByNumber"}
{"logLevel":"debug","message":"Executing \u0027Find Element Where {} is {} then click\u0027 using \u0027class selenium_helper.CustomActions.findElementThenClick"}
{"logLevel":"debug","message":"Executing \u0027Verify Element where {} is {}\u0027 using \u0027class selenium_helper.CustomActions.verifyElementExistence"}
{"logLevel":"debug","message":"Executing \u0027Move to {} , {} then click\u0027 using \u0027class selenium_helper.CustomActions.moveToThenClick"}
{"logLevel":"debug","message":"Executing \u0027Find Element Where {} is {} then click\u0027 using \u0027class selenium_helper.CustomActions.findElementThenClick"}
{"logLevel":"debug","message":"Executing \u0027Verify Element where {} is {}\u0027 using \u0027class selenium_helper.CustomActions.verifyElementExistence"}
{"logLevel":"debug","message":"Killing Java runner..."}
{"logLevel":"debug","message":"Stopping execution pool..."}
{"logLevel":"debug","message":"Shutting down grpc server..."}
