12-06-2026 11:48:37.745 [java] [ERROR] 	at java.base/java.util.concurrent.ForkJoinWorkerThread.run(ForkJoinWorkerThread.java:187)
12-06-2026 11:48:37.746 [java] [ERROR] [ForkJoinPool.commonPool-worker-3] WARN org.reflections.Reflections - could not create Dir using com.thoughtworks.gauge.scan.ClasspathScanner$1@440b067b from url file:/C:/Users/a.basaleh/.jdks/openjdk-26.0.1!/java.naming. skipping.
12-06-2026 11:48:37.746 [java] [ERROR] java.lang.NullPointerException: Cannot invoke "java.io.File.isDirectory()" because "file" is null
12-06-2026 11:48:37.746 [java] [ERROR] 	at com.thoughtworks.gauge.scan.ClasspathScanner$1.createDir(ClasspathScanner.java:48)
12-06-2026 11:48:37.746 [java] [ERROR] 	at org.reflections.vfs.Vfs.fromURL(Vfs.java:103)
12-06-2026 11:48:37.746 [java] [ERROR] 	at org.reflections.vfs.Vfs.fromURL(Vfs.java:95)
12-06-2026 11:48:37.746 [java] [ERROR] 	at org.reflections.Reflections.lambda$scan$2(Reflections.java:176)
12-06-2026 11:48:37.746 [java] [ERROR] 	at java.base/java.util.stream.ForEachOps$ForEachOp$OfRef.accept(ForEachOps.java:186)
12-06-2026 11:48:37.746 [java] [ERROR] 	at java.base/java.util.HashMap$KeySpliterator.forEachRemaining(HashMap.java:1716)
12-06-2026 11:48:37.746 [java] [ERROR] 	at java.base/java.util.stream.AbstractPipeline.copyInto(AbstractPipeline.java:570)
12-06-2026 11:48:37.746 [java] [ERROR] 	at java.base/java.util.stream.ForEachOps$ForEachTask.compute(ForEachOps.java:293)
12-06-2026 11:48:37.746 [java] [ERROR] 	at java.base/java.util.concurrent.CountedCompleter.exec(CountedCompleter.java:759)
12-06-2026 11:48:37.746 [java] [ERROR] 	at java.base/java.util.concurrent.ForkJoinTask.doExec(ForkJoinTask.java:511)
12-06-2026 11:48:37.746 [java] [ERROR] 	at java.base/java.util.concurrent.ForkJoinPool$WorkQueue.topLevelExec(ForkJoinPool.java:1450)
12-06-2026 11:48:37.746 [java] [ERROR] 	at java.base/java.util.concurrent.ForkJoinPool.runWorker(ForkJoinPool.java:2019)
12-06-2026 11:48:37.746 [java] [ERROR] 	at java.base/java.util.concurrent.ForkJoinWorkerThread.run(ForkJoinWorkerThread.java:187)
12-06-2026 11:48:37.746 [java] [ERROR] [ForkJoinPool.commonPool-worker-7] WARN org.reflections.Reflections - could not create Dir using com.thoughtworks.gauge.scan.ClasspathScanner$1@440b067b from url file:/C:/Users/a.basaleh/.jdks/openjdk-26.0.1!/java.net.http. skipping.
12-06-2026 11:48:37.746 [java] [ERROR] java.lang.NullPointerException: Cannot invoke "java.io.File.isDirectory()" because "file" is null
12-06-2026 11:48:37.746 [java] [ERROR] 	at com.thoughtworks.gauge.scan.ClasspathScanner$1.createDir(ClasspathScanner.java:48)
12-06-2026 11:48:37.746 [java] [ERROR] 	at org.reflections.vfs.Vfs.fromURL(Vfs.java:103)
12-06-2026 11:48:37.746 [java] [ERROR] 	at org.reflections.vfs.Vfs.fromURL(Vfs.java:95)
12-06-2026 11:48:37.746 [java] [ERROR] 	at org.reflections.Reflections.lambda$scan$2(Reflections.java:176)
12-06-2026 11:48:37.746 [java] [ERROR] 	at java.base/java.util.stream.ForEachOps$ForEachOp$OfRef.accept(ForEachOps.java:186)
12-06-2026 11:48:37.746 [java] [ERROR] 	at java.base/java.util.HashMap$KeySpliterator.forEachRemaining(HashMap.java:1716)
12-06-2026 11:48:37.746 [java] [ERROR] 	at java.base/java.util.stream.AbstractPipeline.copyInto(AbstractPipeline.java:570)
12-06-2026 11:48:37.746 [java] [ERROR] 	at java.base/java.util.stream.ForEachOps$ForEachTask.compute(ForEachOps.java:293)
12-06-2026 11:48:37.746 [java] [ERROR] 	at java.base/java.util.concurrent.CountedCompleter.exec(CountedCompleter.java:759)
12-06-2026 11:48:37.746 [java] [ERROR] 	at java.base/java.util.concurrent.ForkJoinTask.doExec(ForkJoinTask.java:511)
12-06-2026 11:48:37.746 [java] [ERROR] 	at java.base/java.util.concurrent.ForkJoinPool$WorkQueue.topLevelExec(ForkJoinPool.java:1450)
12-06-2026 11:48:37.746 [java] [ERROR] 	at java.base/java.util.concurrent.ForkJoinPool.runWorker(ForkJoinPool.java:2019)
12-06-2026 11:48:37.746 [java] [ERROR] 	at java.base/java.util.concurrent.ForkJoinWorkerThread.run(ForkJoinWorkerThread.java:187)
12-06-2026 11:48:37.746 [java] [ERROR] [ForkJoinPool.commonPool-worker-5] WARN org.reflections.Reflections - could not create Dir using com.thoughtworks.gauge.scan.ClasspathScanner$1@440b067b from url file:/C:/Users/a.basaleh/.jdks/openjdk-26.0.1!/jdk.internal.md. skipping.
12-06-2026 11:48:37.746 [java] [ERROR] java.lang.NullPointerException: Cannot invoke "java.io.File.isDirectory()" because "file" is null
12-06-2026 11:48:37.746 [java] [ERROR] 	at com.thoughtworks.gauge.scan.ClasspathScanner$1.createDir(ClasspathScanner.java:48)
12-06-2026 11:48:37.748 [java] [ERROR] 	at org.reflections.vfs.Vfs.fromURL(Vfs.java:103)
12-06-2026 11:48:37.748 [java] [ERROR] 	at org.reflections.vfs.Vfs.fromURL(Vfs.java:95)
12-06-2026 11:48:37.748 [java] [ERROR] 	at org.reflections.Reflections.lambda$scan$2(Reflections.java:176)
12-06-2026 11:48:37.748 [java] [ERROR] 	at java.base/java.util.stream.ForEachOps$ForEachOp$OfRef.accept(ForEachOps.java:186)
12-06-2026 11:48:37.748 [java] [ERROR] 	at java.base/java.util.HashMap$KeySpliterator.forEachRemaining(HashMap.java:1716)
12-06-2026 11:48:37.748 [java] [ERROR] 	at java.base/java.util.stream.AbstractPipeline.copyInto(AbstractPipeline.java:570)
12-06-2026 11:48:37.748 [java] [ERROR] 	at java.base/java.util.stream.ForEachOps$ForEachTask.compute(ForEachOps.java:293)
12-06-2026 11:48:37.748 [java] [ERROR] 	at java.base/java.util.concurrent.CountedCompleter.exec(CountedCompleter.java:759)
12-06-2026 11:48:37.748 [java] [ERROR] 	at java.base/java.util.concurrent.ForkJoinTask.doExec(ForkJoinTask.java:511)
12-06-2026 11:48:37.748 [java] [ERROR] 	at java.base/java.util.concurrent.ForkJoinPool$WorkQueue.topLevelExec(ForkJoinPool.java:1450)
12-06-2026 11:48:37.748 [java] [ERROR] 	at java.base/java.util.concurrent.ForkJoinPool.runWorker(ForkJoinPool.java:2019)
12-06-2026 11:48:37.748 [java] [ERROR] 	at java.base/java.util.concurrent.ForkJoinWorkerThread.run(ForkJoinWorkerThread.java:187)
12-06-2026 11:48:37.748 [java] [ERROR] [ForkJoinPool.commonPool-worker-4] WARN org.reflections.Reflections - could not create Dir using com.thoughtworks.gauge.scan.ClasspathScanner$1@440b067b from url file:/C:/Users/a.basaleh/.jdks/openjdk-26.0.1!/jdk.accessibility. skipping.
12-06-2026 11:48:37.748 [java] [ERROR] java.lang.NullPointerException: Cannot invoke "java.io.File.isDirectory()" because "file" is null
12-06-2026 11:48:37.748 [java] [ERROR] 	at com.thoughtworks.gauge.scan.ClasspathScanner$1.createDir(ClasspathScanner.java:48)
12-06-2026 11:48:37.748 [java] [ERROR] 	at org.reflections.vfs.Vfs.fromURL(Vfs.java:103)
12-06-2026 11:48:37.748 [java] [ERROR] 	at org.reflections.vfs.Vfs.fromURL(Vfs.java:95)
12-06-2026 11:48:37.748 [java] [ERROR] 	at org.reflections.Reflections.lambda$scan$2(Reflections.java:176)
12-06-2026 11:48:37.748 [java] [ERROR] 	at java.base/java.util.stream.ForEachOps$ForEachOp$OfRef.accept(ForEachOps.java:186)
12-06-2026 11:48:37.748 [java] [ERROR] 	at java.base/java.util.HashMap$KeySpliterator.forEachRemaining(HashMap.java:1716)
12-06-2026 11:48:37.748 [java] [ERROR] 	at java.base/java.util.stream.AbstractPipeline.copyInto(AbstractPipeline.java:570)
12-06-2026 11:48:37.748 [java] [ERROR] 	at java.base/java.util.stream.ForEachOps$ForEachTask.compute(ForEachOps.java:293)
12-06-2026 11:48:37.748 [java] [ERROR] 	at java.base/java.util.concurrent.CountedCompleter.exec(CountedCompleter.java:759)
12-06-2026 11:48:37.748 [java] [ERROR] 	at java.base/java.util.concurrent.ForkJoinTask.doExec(ForkJoinTask.java:511)
12-06-2026 11:48:37.748 [java] [ERROR] 	at java.base/java.util.concurrent.ForkJoinPool$WorkQueue.topLevelExec(ForkJoinPool.java:1450)
12-06-2026 11:48:37.748 [java] [ERROR] 	at java.base/java.util.concurrent.ForkJoinPool.runWorker(ForkJoinPool.java:2019)
12-06-2026 11:48:37.748 [java] [ERROR] 	at java.base/java.util.concurrent.ForkJoinWorkerThread.run(ForkJoinWorkerThread.java:187)
12-06-2026 11:48:37.748 [java] [ERROR] [pool-1-thread-1] WARN org.reflections.Reflections - could not create Vfs.Dir from url. ignoring the exception and continuing
12-06-2026 11:48:37.748 [java] [ERROR] org.reflections.ReflectionsException: could not create Vfs.Dir from url, no matching UrlType was found [file:/C:/Users/a.basaleh/.jdks/openjdk-26.0.1!/java.sql.rowset]
12-06-2026 11:48:37.748 [java] [ERROR] either use fromURL(final URL url, final List<UrlType> urlTypes) or use the static setDefaultURLTypes(final List<UrlType> urlTypes) or addDefaultURLTypes(UrlType urlType) with your specialized UrlType.
12-06-2026 11:48:37.748 [java] [ERROR] 	at org.reflections.vfs.Vfs.fromURL(Vfs.java:113)
12-06-2026 11:48:37.748 [java] [ERROR] 	at org.reflections.vfs.Vfs.fromURL(Vfs.java:95)
12-06-2026 11:48:37.748 [java] [ERROR] 	at org.reflections.Reflections.lambda$scan$2(Reflections.java:176)
12-06-2026 11:48:37.748 [java] [ERROR] 	at java.base/java.util.stream.ForEachOps$ForEachOp$OfRef.accept(ForEachOps.java:186)
12-06-2026 11:48:37.748 [java] [ERROR] 	at java.base/java.util.HashMap$KeySpliterator.forEachRemaining(HashMap.java:1716)
12-06-2026 11:48:37.754 [java] [ERROR] 	at java.base/java.util.stream.AbstractPipeline.copyInto(AbstractPipeline.java:570)
12-06-2026 11:48:37.754 [java] [ERROR] 	at java.base/java.util.stream.ForEachOps$ForEachTask.compute(ForEachOps.java:293)
12-06-2026 11:48:37.754 [java] [ERROR] 	at java.base/java.util.concurrent.CountedCompleter.exec(CountedCompleter.java:759)
12-06-2026 11:48:37.754 [java] [ERROR] 	at java.base/java.util.concurrent.ForkJoinTask.doExec(ForkJoinTask.java:511)
12-06-2026 11:48:37.754 [java] [ERROR] 	at java.base/java.util.concurrent.ForkJoinTask.invoke(ForkJoinTask.java:683)
12-06-2026 11:48:37.754 [java] [ERROR] 	at java.base/java.util.stream.ForEachOps$ForEachOp.evaluateParallel(ForEachOps.java:162)
12-06-2026 11:48:37.754 [java] [ERROR] 	at java.base/java.util.stream.ForEachOps$ForEachOp$OfRef.evaluateParallel(ForEachOps.java:176)
12-06-2026 11:48:37.754 [java] [ERROR] 	at java.base/java.util.stream.AbstractPipeline.evaluate(AbstractPipeline.java:264)
12-06-2026 11:48:37.754 [java] [ERROR] 	at java.base/java.util.stream.ReferencePipeline.forEach(ReferencePipeline.java:632)
12-06-2026 11:48:37.754 [java] [ERROR] 	at java.base/java.util.stream.ReferencePipeline$Head.forEach(ReferencePipeline.java:806)
12-06-2026 11:48:37.754 [java] [ERROR] 	at org.reflections.Reflections.scan(Reflections.java:173)
12-06-2026 11:48:37.754 [java] [ERROR] 	at org.reflections.Reflections.<init>(Reflections.java:126)
12-06-2026 11:48:37.754 [java] [ERROR] 	at com.thoughtworks.gauge.scan.ClasspathScanner.createReflections(ClasspathScanner.java:57)
12-06-2026 11:48:37.754 [java] [ERROR] 	at com.thoughtworks.gauge.scan.ClasspathScanner.scan(ClasspathScanner.java:32)
12-06-2026 11:48:37.754 [java] [ERROR] 	at com.thoughtworks.gauge.connection.MessageProcessorFactory.lambda$new$0(MessageProcessorFactory.java:49)
12-06-2026 11:48:37.754 [java] [ERROR] 	at java.base/java.util.concurrent.Executors$RunnableAdapter.call(Executors.java:545)
12-06-2026 11:48:37.754 [java] [ERROR] 	at java.base/java.util.concurrent.FutureTask.run(FutureTask.java:330)
12-06-2026 11:48:37.754 [java] [ERROR] 	at java.base/java.util.concurrent.ThreadPoolExecutor.runWorker(ThreadPoolExecutor.java:1090)
12-06-2026 11:48:37.754 [java] [ERROR] 	at java.base/java.util.concurrent.ThreadPoolExecutor$Worker.run(ThreadPoolExecutor.java:614)
12-06-2026 11:48:37.754 [java] [ERROR] 	at java.base/java.lang.Thread.run(Thread.java:1516)
12-06-2026 11:48:37.754 [java] [ERROR] [ForkJoinPool.commonPool-worker-9] WARN org.reflections.Reflections - could not create Vfs.Dir from url. ignoring the exception and continuing
12-06-2026 11:48:37.754 [java] [ERROR] org.reflections.ReflectionsException: could not create Vfs.Dir from url, no matching UrlType was found [file:/C:/Users/a.basaleh/.jdks/openjdk-26.0.1!/jdk.javadoc]
12-06-2026 11:48:37.754 [java] [ERROR] either use fromURL(final URL url, final List<UrlType> urlTypes) or use the static setDefaultURLTypes(final List<UrlType> urlTypes) or addDefaultURLTypes(UrlType urlType) with your specialized UrlType.
12-06-2026 11:48:37.754 [java] [ERROR] 	at org.reflections.vfs.Vfs.fromURL(Vfs.java:113)
12-06-2026 11:48:37.754 [java] [ERROR] 	at org.reflections.vfs.Vfs.fromURL(Vfs.java:95)
12-06-2026 11:48:37.754 [java] [ERROR] 	at org.reflections.Reflections.lambda$scan$2(Reflections.java:176)
12-06-2026 11:48:37.754 [java] [ERROR] 	at java.base/java.util.stream.ForEachOps$ForEachOp$OfRef.accept(ForEachOps.java:186)
12-06-2026 11:48:37.754 [java] [ERROR] 	at java.base/java.util.HashMap$KeySpliterator.forEachRemaining(HashMap.java:1716)
12-06-2026 11:48:37.754 [java] [ERROR] 	at java.base/java.util.stream.AbstractPipeline.copyInto(AbstractPipeline.java:570)
12-06-2026 11:48:37.754 [java] [ERROR] 	at java.base/java.util.stream.ForEachOps$ForEachTask.compute(ForEachOps.java:293)
12-06-2026 11:48:37.754 [java] [ERROR] 	at java.base/java.util.concurrent.CountedCompleter.exec(CountedCompleter.java:759)
12-06-2026 11:48:37.754 [java] [ERROR] 	at java.base/java.util.concurrent.ForkJoinTask.doExec(ForkJoinTask.java:511)
12-06-2026 11:48:37.754 [java] [ERROR] 	at java.base/java.util.concurrent.ForkJoinPool$WorkQueue.topLevelExec(ForkJoinPool.java:1450)
12-06-2026 11:48:37.754 [java] [ERROR] 	at java.base/java.util.concurrent.ForkJoinPool.runWorker(ForkJoinPool.java:2019)
12-06-2026 11:48:37.754 [java] [ERROR] 	at java.base/java.util.concurrent.ForkJoinWorkerThread.run(ForkJoinWorkerThread.java:187)
12-06-2026 11:48:37.754 [java] [ERROR] WARNING: A terminally deprecated method in sun.misc.Unsafe has been called
12-06-2026 11:48:37.754 [java] [ERROR] WARNING: sun.misc.Unsafe::allocateMemory has been called by io.grpc.netty.shaded.io.netty.util.internal.PlatformDependent0$2 (file:/C:/Users/a.basaleh/.m2/repository/io/grpc/grpc-netty-shaded/1.76.0/grpc-netty-shaded-1.76.0.jar)
12-06-2026 11:48:37.754 [java] [ERROR] WARNING: Please consider reporting this to the maintainers of class io.grpc.netty.shaded.io.netty.util.internal.PlatformDependent0$2
12-06-2026 11:48:37.754 [java] [ERROR] WARNING: sun.misc.Unsafe::allocateMemory will be removed in a future release
12-06-2026 11:48:37.754 [java] [ERROR] [ForkJoinPool.commonPool-worker-9] WARN org.reflections.Reflections - could not create Dir using com.thoughtworks.gauge.scan.ClasspathScanner$1@440b067b from url file:/C:/Users/a.basaleh/.jdks/openjdk-26.0.1!/jdk.naming.rmi. skipping.
12-06-2026 11:48:37.755 [java] [ERROR] java.lang.NullPointerException: Cannot invoke "java.io.File.isDirectory()" because "file" is null
12-06-2026 11:48:37.755 [java] [ERROR] 	at com.thoughtworks.gauge.scan.ClasspathScanner$1.createDir(ClasspathScanner.java:48)
12-06-2026 11:48:37.755 [java] [ERROR] 	at org.reflections.vfs.Vfs.fromURL(Vfs.java:103)
12-06-2026 11:48:37.755 [java] [ERROR] 	at org.reflections.vfs.Vfs.fromURL(Vfs.java:95)
12-06-2026 11:48:37.755 [java] [ERROR] 	at org.reflections.Reflections.lambda$scan$2(Reflections.java:176)
12-06-2026 11:48:37.755 [java] [ERROR] 	at java.base/java.util.stream.ForEachOps$ForEachOp$OfRef.accept(ForEachOps.java:186)
12-06-2026 11:48:37.755 [java] [ERROR] 	at java.base/java.util.HashMap$KeySpliterator.forEachRemaining(HashMap.java:1716)
12-06-2026 11:48:37.755 [java] [ERROR] 	at java.base/java.util.stream.AbstractPipeline.copyInto(AbstractPipeline.java:570)
12-06-2026 11:48:37.755 [java] [ERROR] 	at java.base/java.util.stream.ForEachOps$ForEachTask.compute(ForEachOps.java:293)
12-06-2026 11:48:37.755 [java] [ERROR] 	at java.base/java.util.concurrent.CountedCompleter.exec(CountedCompleter.java:759)
12-06-2026 11:48:37.755 [java] [ERROR] 	at java.base/java.util.concurrent.ForkJoinTask.doExec(ForkJoinTask.java:511)
12-06-2026 11:48:37.755 [java] [ERROR] 	at java.base/java.util.concurrent.ForkJoinPool$WorkQueue.topLevelExec(ForkJoinPool.java:1450)
12-06-2026 11:48:37.755 [java] [ERROR] 	at java.base/java.util.concurrent.ForkJoinPool.runWorker(ForkJoinPool.java:2019)
12-06-2026 11:48:37.755 [java] [ERROR] 	at java.base/java.util.concurrent.ForkJoinWorkerThread.run(ForkJoinWorkerThread.java:187)
12-06-2026 11:48:37.755 [java] [ERROR] [ForkJoinPool.commonPool-worker-11] WARN org.reflections.Reflections - could not create Dir using com.thoughtworks.gauge.scan.ClasspathScanner$1@440b067b from url file:/C:/Users/a.basaleh/.jdks/openjdk-26.0.1!/jdk.dynalink. skipping.
12-06-2026 11:48:37.755 [java] [ERROR] java.lang.NullPointerException: Cannot invoke "java.io.File.isDirectory()" because "file" is null
12-06-2026 11:48:37.755 [java] [ERROR] 	at com.thoughtworks.gauge.scan.ClasspathScanner$1.createDir(ClasspathScanner.java:48)
12-06-2026 11:48:37.755 [java] [ERROR] 	at org.reflections.vfs.Vfs.fromURL(Vfs.java:103)
12-06-2026 11:48:37.755 [java] [ERROR] 	at org.reflections.vfs.Vfs.fromURL(Vfs.java:95)
12-06-2026 11:48:37.755 [java] [ERROR] 	at org.reflections.Reflections.lambda$scan$2(Reflections.java:176)
12-06-2026 11:48:37.755 [java] [ERROR] 	at java.base/java.util.stream.ForEachOps$ForEachOp$OfRef.accept(ForEachOps.java:186)
12-06-2026 11:48:37.755 [java] [ERROR] 	at java.base/java.util.HashMap$KeySpliterator.forEachRemaining(HashMap.java:1716)
12-06-2026 11:48:37.755 [java] [ERROR] 	at java.base/java.util.stream.AbstractPipeline.copyInto(AbstractPipeline.java:570)
12-06-2026 11:48:37.755 [java] [ERROR] 	at java.base/java.util.stream.ForEachOps$ForEachTask.compute(ForEachOps.java:293)
12-06-2026 11:48:37.755 [java] [ERROR] 	at java.base/java.util.concurrent.CountedCompleter.exec(CountedCompleter.java:759)
12-06-2026 11:48:37.755 [java] [ERROR] 	at java.base/java.util.concurrent.ForkJoinTask.doExec(ForkJoinTask.java:511)
12-06-2026 11:48:37.755 [java] [ERROR] 	at java.base/java.util.concurrent.ForkJoinPool$WorkQueue.topLevelExec(ForkJoinPool.java:1450)
12-06-2026 11:48:37.755 [java] [ERROR] 	at java.base/java.util.concurrent.ForkJoinPool.runWorker(ForkJoinPool.java:2019)
12-06-2026 11:48:37.755 [java] [ERROR] 	at java.base/java.util.concurrent.ForkJoinWorkerThread.run(ForkJoinWorkerThread.java:187)
12-06-2026 11:48:37.755 [java] [ERROR] [ForkJoinPool.commonPool-worker-1] WARN org.reflections.Reflections - could not create Vfs.Dir from url. ignoring the exception and continuing
12-06-2026 11:48:37.755 [java] [ERROR] org.reflections.ReflectionsException: could not create Vfs.Dir from url, no matching UrlType was found [file:/C:/Users/a.basaleh/.jdks/openjdk-26.0.1!/jdk.graal.compiler]
12-06-2026 11:48:37.755 [java] [ERROR] either use fromURL(final URL url, final List<UrlType> urlTypes) or use the static setDefaultURLTypes(final List<UrlType> urlTypes) or addDefaultURLTypes(UrlType urlType) with your specialized UrlType.
12-06-2026 11:48:37.755 [java] [ERROR] 	at org.reflections.vfs.Vfs.fromURL(Vfs.java:113)
12-06-2026 11:48:37.755 [java] [ERROR] 	at org.reflections.vfs.Vfs.fromURL(Vfs.java:95)
12-06-2026 11:48:37.755 [java] [ERROR] 	at org.reflections.Reflections.lambda$scan$2(Reflections.java:176)
12-06-2026 11:48:37.755 [java] [ERROR] 	at java.base/java.util.stream.ForEachOps$ForEachOp$OfRef.accept(ForEachOps.java:186)
12-06-2026 11:48:37.755 [java] [ERROR] 	at java.base/java.util.HashMap$KeySpliterator.forEachRemaining(HashMap.java:1716)
12-06-2026 11:48:37.755 [java] [ERROR] 	at java.base/java.util.stream.AbstractPipeline.copyInto(AbstractPipeline.java:570)
12-06-2026 11:48:37.755 [java] [ERROR] 	at java.base/java.util.stream.ForEachOps$ForEachTask.compute(ForEachOps.java:293)
12-06-2026 11:48:37.755 [java] [ERROR] 	at java.base/java.util.concurrent.CountedCompleter.exec(CountedCompleter.java:759)
12-06-2026 11:48:37.756 [java] [ERROR] 	at java.base/java.util.concurrent.ForkJoinTask.doExec(ForkJoinTask.java:511)
12-06-2026 11:48:37.756 [java] [ERROR] 	at java.base/java.util.concurrent.ForkJoinPool$WorkQueue.topLevelExec(ForkJoinPool.java:1450)
12-06-2026 11:48:37.756 [java] [ERROR] 	at java.base/java.util.concurrent.ForkJoinPool.runWorker(ForkJoinPool.java:2019)
12-06-2026 11:48:37.756 [java] [ERROR] 	at java.base/java.util.concurrent.ForkJoinWorkerThread.run(ForkJoinWorkerThread.java:187)
12-06-2026 11:48:37.756 [java] [ERROR] [ForkJoinPool.commonPool-worker-2] WARN org.reflections.Reflections - could not create Vfs.Dir from url. ignoring the exception and continuing
12-06-2026 11:48:37.756 [java] [ERROR] org.reflections.ReflectionsException: could not create Vfs.Dir from url, no matching UrlType was found [file:/C:/Users/a.basaleh/.jdks/openjdk-26.0.1!/jdk.zipfs]
12-06-2026 11:48:37.756 [java] [ERROR] either use fromURL(final URL url, final List<UrlType> urlTypes) or use the static setDefaultURLTypes(final List<UrlType> urlTypes) or addDefaultURLTypes(UrlType urlType) with your specialized UrlType.
12-06-2026 11:48:37.756 [java] [ERROR] 	at org.reflections.vfs.Vfs.fromURL(Vfs.java:113)
12-06-2026 11:48:37.756 [java] [ERROR] 	at org.reflections.vfs.Vfs.fromURL(Vfs.java:95)
12-06-2026 11:48:37.756 [java] [ERROR] 	at org.reflections.Reflections.lambda$scan$2(Reflections.java:176)
12-06-2026 11:48:37.756 [java] [ERROR] 	at java.base/java.util.stream.ForEachOps$ForEachOp$OfRef.accept(ForEachOps.java:186)
12-06-2026 11:48:37.756 [java] [ERROR] 	at java.base/java.util.HashMap$KeySpliterator.forEachRemaining(HashMap.java:1716)
12-06-2026 11:48:37.756 [java] [ERROR] 	at java.base/java.util.stream.AbstractPipeline.copyInto(AbstractPipeline.java:570)
12-06-2026 11:48:37.756 [java] [ERROR] 	at java.base/java.util.stream.ForEachOps$ForEachTask.compute(ForEachOps.java:293)
12-06-2026 11:48:37.756 [java] [ERROR] 	at java.base/java.util.concurrent.CountedCompleter.exec(CountedCompleter.java:759)
12-06-2026 11:48:37.756 [java] [ERROR] 	at java.base/java.util.concurrent.ForkJoinTask.doExec(ForkJoinTask.java:511)
12-06-2026 11:48:37.756 [java] [ERROR] 	at java.base/java.util.concurrent.ForkJoinPool$WorkQueue.topLevelExec(ForkJoinPool.java:1450)
12-06-2026 11:48:37.756 [java] [ERROR] 	at java.base/java.util.concurrent.ForkJoinPool.runWorker(ForkJoinPool.java:2019)
12-06-2026 11:48:37.756 [java] [ERROR] 	at java.base/java.util.concurrent.ForkJoinWorkerThread.run(ForkJoinWorkerThread.java:187)
12-06-2026 11:48:37.756 [java] [ERROR] [ForkJoinPool.commonPool-worker-3] WARN org.reflections.Reflections - could not create Vfs.Dir from url. ignoring the exception and continuing
12-06-2026 11:48:37.756 [java] [ERROR] org.reflections.ReflectionsException: could not create Vfs.Dir from url, no matching UrlType was found [file:/C:/Users/a.basaleh/.jdks/openjdk-26.0.1!/java.naming]
12-06-2026 11:48:37.756 [java] [ERROR] either use fromURL(final URL url, final List<UrlType> urlTypes) or use the static setDefaultURLTypes(final List<UrlType> urlTypes) or addDefaultURLTypes(UrlType urlType) with your specialized UrlType.
12-06-2026 11:48:37.756 [java] [ERROR] 	at org.reflections.vfs.Vfs.fromURL(Vfs.java:113)
12-06-2026 11:48:37.756 [java] [ERROR] 	at org.reflections.vfs.Vfs.fromURL(Vfs.java:95)
12-06-2026 11:48:37.756 [java] [ERROR] 	at org.reflections.Reflections.lambda$scan$2(Reflections.java:176)
12-06-2026 11:48:37.756 [java] [ERROR] 	at java.base/java.util.stream.ForEachOps$ForEachOp$OfRef.accept(ForEachOps.java:186)
12-06-2026 11:48:37.756 [java] [ERROR] 	at java.base/java.util.HashMap$KeySpliterator.forEachRemaining(HashMap.java:1716)
12-06-2026 11:48:37.756 [java] [ERROR] 	at java.base/java.util.stream.AbstractPipeline.copyInto(AbstractPipeline.java:570)
12-06-2026 11:48:37.756 [java] [ERROR] 	at java.base/java.util.stream.ForEachOps$ForEachTask.compute(ForEachOps.java:293)
12-06-2026 11:48:37.756 [java] [ERROR] 	at java.base/java.util.concurrent.CountedCompleter.exec(CountedCompleter.java:759)
12-06-2026 11:48:37.756 [java] [ERROR] 	at java.base/java.util.concurrent.ForkJoinTask.doExec(ForkJoinTask.java:511)
12-06-2026 11:48:37.756 [java] [ERROR] 	at java.base/java.util.concurrent.ForkJoinPool$WorkQueue.topLevelExec(ForkJoinPool.java:1450)
12-06-2026 11:48:37.756 [java] [ERROR] 	at java.base/java.util.concurrent.ForkJoinPool.runWorker(ForkJoinPool.java:2019)
12-06-2026 11:48:37.756 [java] [ERROR] 	at java.base/java.util.concurrent.ForkJoinWorkerThread.run(ForkJoinWorkerThread.java:187)
12-06-2026 11:48:37.756 [java] [ERROR] [ForkJoinPool.commonPool-worker-7] WARN org.reflections.Reflections - could not create Vfs.Dir from url. ignoring the exception and continuing
12-06-2026 11:48:37.756 [java] [ERROR] org.reflections.ReflectionsException: could not create Vfs.Dir from url, no matching UrlType was found [file:/C:/Users/a.basaleh/.jdks/openjdk-26.0.1!/java.net.http]
12-06-2026 11:48:37.756 [java] [ERROR] either use fromURL(final URL url, final List<UrlType> urlTypes) or use the static setDefaultURLTypes(final List<UrlType> urlTypes) or addDefaultURLTypes(UrlType urlType) with your specialized UrlType.
12-06-2026 11:48:37.756 [java] [ERROR] 	at org.reflections.vfs.Vfs.fromURL(Vfs.java:113)
12-06-2026 11:48:37.756 [java] [ERROR] 	at org.reflections.vfs.Vfs.fromURL(Vfs.java:95)
12-06-2026 11:48:37.756 [java] [ERROR] 	at org.reflections.Reflections.lambda$scan$2(Reflections.java:176)
12-06-2026 11:48:37.756 [java] [ERROR] 	at java.base/java.util.stream.ForEachOps$ForEachOp$OfRef.accept(ForEachOps.java:186)
12-06-2026 11:48:37.756 [java] [ERROR] 	at java.base/java.util.HashMap$KeySpliterator.forEachRemaining(HashMap.java:1716)
12-06-2026 11:48:37.756 [java] [ERROR] 	at java.base/java.util.stream.AbstractPipeline.copyInto(AbstractPipeline.java:570)
12-06-2026 11:48:37.756 [java] [ERROR] 	at java.base/java.util.stream.ForEachOps$ForEachTask.compute(ForEachOps.java:293)
12-06-2026 11:48:37.756 [java] [ERROR] 	at java.base/java.util.concurrent.CountedCompleter.exec(CountedCompleter.java:759)
12-06-2026 11:48:37.756 [java] [ERROR] 	at java.base/java.util.concurrent.ForkJoinTask.doExec(ForkJoinTask.java:511)
12-06-2026 11:48:37.756 [java] [ERROR] 	at java.base/java.util.concurrent.ForkJoinPool$WorkQueue.topLevelExec(ForkJoinPool.java:1450)
12-06-2026 11:48:37.756 [java] [ERROR] 	at java.base/java.util.concurrent.ForkJoinPool.runWorker(ForkJoinPool.java:2019)
12-06-2026 11:48:37.756 [java] [ERROR] 	at java.base/java.util.concurrent.ForkJoinWorkerThread.run(ForkJoinWorkerThread.java:187)
12-06-2026 11:48:37.756 [java] [ERROR] [ForkJoinPool.commonPool-worker-5] WARN org.reflections.Reflections - could not create Vfs.Dir from url. ignoring the exception and continuing
12-06-2026 11:48:37.756 [java] [ERROR] org.reflections.ReflectionsException: could not create Vfs.Dir from url, no matching UrlType was found [file:/C:/Users/a.basaleh/.jdks/openjdk-26.0.1!/jdk.internal.md]
12-06-2026 11:48:37.756 [java] [ERROR] either use fromURL(final URL url, final List<UrlType> urlTypes) or use the static setDefaultURLTypes(final List<UrlType> urlTypes) or addDefaultURLTypes(UrlType urlType) with your specialized UrlType.
12-06-2026 11:48:37.756 [java] [ERROR] 	at org.reflections.vfs.Vfs.fromURL(Vfs.java:113)
12-06-2026 11:48:37.756 [java] [ERROR] 	at org.reflections.vfs.Vfs.fromURL(Vfs.java:95)
12-06-2026 11:48:37.756 [java] [ERROR] 	at org.reflections.Reflections.lambda$scan$2(Reflections.java:176)
12-06-2026 11:48:37.756 [java] [ERROR] 	at java.base/java.util.stream.ForEachOps$ForEachOp$OfRef.accept(ForEachOps.java:186)
12-06-2026 11:48:37.756 [java] [ERROR] 	at java.base/java.util.HashMap$KeySpliterator.forEachRemaining(HashMap.java:1716)
12-06-2026 11:48:37.756 [java] [ERROR] 	at java.base/java.util.stream.AbstractPipeline.copyInto(AbstractPipeline.java:570)
12-06-2026 11:48:37.756 [java] [ERROR] 	at java.base/java.util.stream.ForEachOps$ForEachTask.compute(ForEachOps.java:293)
12-06-2026 11:48:37.756 [java] [ERROR] 	at java.base/java.util.concurrent.CountedCompleter.exec(CountedCompleter.java:759)
12-06-2026 11:48:37.757 [java] [ERROR] 	at java.base/java.util.concurrent.ForkJoinTask.doExec(ForkJoinTask.java:511)
12-06-2026 11:48:37.757 [java] [ERROR] 	at java.base/java.util.concurrent.ForkJoinPool$WorkQueue.topLevelExec(ForkJoinPool.java:1450)
12-06-2026 11:48:37.757 [java] [ERROR] 	at java.base/java.util.concurrent.ForkJoinPool.runWorker(ForkJoinPool.java:2019)
12-06-2026 11:48:37.757 [java] [ERROR] 	at java.base/java.util.concurrent.ForkJoinWorkerThread.run(ForkJoinWorkerThread.java:187)
12-06-2026 11:48:37.757 [java] [ERROR] [ForkJoinPool.commonPool-worker-4] WARN org.reflections.Reflections - could not create Vfs.Dir from url. ignoring the exception and continuing
12-06-2026 11:48:37.757 [java] [ERROR] org.reflections.ReflectionsException: could not create Vfs.Dir from url, no matching UrlType was found [file:/C:/Users/a.basaleh/.jdks/openjdk-26.0.1!/jdk.accessibility]
12-06-2026 11:48:37.757 [java] [ERROR] either use fromURL(final URL url, final List<UrlType> urlTypes) or use the static setDefaultURLTypes(final List<UrlType> urlTypes) or addDefaultURLTypes(UrlType urlType) with your specialized UrlType.
12-06-2026 11:48:37.757 [java] [ERROR] 	at org.reflections.vfs.Vfs.fromURL(Vfs.java:113)
12-06-2026 11:48:37.757 [java] [ERROR] 	at org.reflections.vfs.Vfs.fromURL(Vfs.java:95)
12-06-2026 11:48:37.757 [java] [ERROR] 	at org.reflections.Reflections.lambda$scan$2(Reflections.java:176)
12-06-2026 11:48:37.757 [java] [ERROR] 	at java.base/java.util.stream.ForEachOps$ForEachOp$OfRef.accept(ForEachOps.java:186)
12-06-2026 11:48:37.757 [java] [ERROR] 	at java.base/java.util.HashMap$KeySpliterator.forEachRemaining(HashMap.java:1716)
12-06-2026 11:48:37.757 [java] [ERROR] 	at java.base/java.util.stream.AbstractPipeline.copyInto(AbstractPipeline.java:570)
12-06-2026 11:48:37.757 [java] [ERROR] 	at java.base/java.util.stream.ForEachOps$ForEachTask.compute(ForEachOps.java:293)
12-06-2026 11:48:37.757 [java] [ERROR] 	at java.base/java.util.concurrent.CountedCompleter.exec(CountedCompleter.java:759)
12-06-2026 11:48:37.757 [java] [ERROR] 	at java.base/java.util.concurrent.ForkJoinTask.doExec(ForkJoinTask.java:511)
12-06-2026 11:48:37.757 [java] [ERROR] 	at java.base/java.util.concurrent.ForkJoinPool$WorkQueue.topLevelExec(ForkJoinPool.java:1450)
12-06-2026 11:48:37.757 [java] [ERROR] 	at java.base/java.util.concurrent.ForkJoinPool.runWorker(ForkJoinPool.java:2019)
12-06-2026 11:48:37.757 [java] [ERROR] 	at java.base/java.util.concurrent.ForkJoinWorkerThread.run(ForkJoinWorkerThread.java:187)
12-06-2026 11:48:37.757 [java] [ERROR] [ForkJoinPool.commonPool-worker-9] WARN org.reflections.Reflections - could not create Vfs.Dir from url. ignoring the exception and continuing
12-06-2026 11:48:37.757 [java] [ERROR] org.reflections.ReflectionsException: could not create Vfs.Dir from url, no matching UrlType was found [file:/C:/Users/a.basaleh/.jdks/openjdk-26.0.1!/jdk.naming.rmi]
12-06-2026 11:48:37.757 [java] [ERROR] either use fromURL(final URL url, final List<UrlType> urlTypes) or use the static setDefaultURLTypes(final List<UrlType> urlTypes) or addDefaultURLTypes(UrlType urlType) with your specialized UrlType.
12-06-2026 11:48:37.757 [java] [ERROR] 	at org.reflections.vfs.Vfs.fromURL(Vfs.java:113)
12-06-2026 11:48:37.757 [java] [ERROR] 	at org.reflections.vfs.Vfs.fromURL(Vfs.java:95)
12-06-2026 11:48:37.757 [java] [ERROR] 	at org.reflections.Reflections.lambda$scan$2(Reflections.java:176)
12-06-2026 11:48:37.757 [java] [ERROR] 	at java.base/java.util.stream.ForEachOps$ForEachOp$OfRef.accept(ForEachOps.java:186)
12-06-2026 11:48:37.758 [java] [ERROR] 	at java.base/java.util.HashMap$KeySpliterator.forEachRemaining(HashMap.java:1716)
12-06-2026 11:48:37.758 [java] [ERROR] 	at java.base/java.util.stream.AbstractPipeline.copyInto(AbstractPipeline.java:570)
12-06-2026 11:48:37.758 [java] [ERROR] 	at java.base/java.util.stream.ForEachOps$ForEachTask.compute(ForEachOps.java:293)
12-06-2026 11:48:37.758 [java] [ERROR] 	at java.base/java.util.concurrent.CountedCompleter.exec(CountedCompleter.java:759)
12-06-2026 11:48:37.758 [java] [ERROR] 	at java.base/java.util.concurrent.ForkJoinTask.doExec(ForkJoinTask.java:511)
12-06-2026 11:48:37.758 [java] [ERROR] 	at java.base/java.util.concurrent.ForkJoinPool$WorkQueue.topLevelExec(ForkJoinPool.java:1450)
12-06-2026 11:48:37.758 [java] [ERROR] 	at java.base/java.util.concurrent.ForkJoinPool.runWorker(ForkJoinPool.java:2019)
12-06-2026 11:48:37.758 [java] [ERROR] 	at java.base/java.util.concurrent.ForkJoinWorkerThread.run(ForkJoinWorkerThread.java:187)
12-06-2026 11:48:37.758 [java] [ERROR] [ForkJoinPool.commonPool-worker-11] WARN org.reflections.Reflections - could not create Vfs.Dir from url. ignoring the exception and continuing
12-06-2026 11:48:37.758 [java] [ERROR] org.reflections.ReflectionsException: could not create Vfs.Dir from url, no matching UrlType was found [file:/C:/Users/a.basaleh/.jdks/openjdk-26.0.1!/jdk.dynalink]
12-06-2026 11:48:37.758 [java] [ERROR] either use fromURL(final URL url, final List<UrlType> urlTypes) or use the static setDefaultURLTypes(final List<UrlType> urlTypes) or addDefaultURLTypes(UrlType urlType) with your specialized UrlType.
12-06-2026 11:48:37.758 [java] [ERROR] 	at org.reflections.vfs.Vfs.fromURL(Vfs.java:113)
12-06-2026 11:48:37.758 [java] [ERROR] 	at org.reflections.vfs.Vfs.fromURL(Vfs.java:95)
12-06-2026 11:48:37.758 [java] [ERROR] 	at org.reflections.Reflections.lambda$scan$2(Reflections.java:176)
12-06-2026 11:48:37.758 [java] [ERROR] 	at java.base/java.util.stream.ForEachOps$ForEachOp$OfRef.accept(ForEachOps.java:186)
12-06-2026 11:48:37.758 [java] [ERROR] 	at java.base/java.util.HashMap$KeySpliterator.forEachRemaining(HashMap.java:1716)
12-06-2026 11:48:37.758 [java] [ERROR] 	at java.base/java.util.stream.AbstractPipeline.copyInto(AbstractPipeline.java:570)
12-06-2026 11:48:37.758 [java] [ERROR] 	at java.base/java.util.stream.ForEachOps$ForEachTask.compute(ForEachOps.java:293)
12-06-2026 11:48:37.758 [java] [ERROR] 	at java.base/java.util.concurrent.CountedCompleter.exec(CountedCompleter.java:759)
12-06-2026 11:48:37.758 [java] [ERROR] 	at java.base/java.util.concurrent.ForkJoinTask.doExec(ForkJoinTask.java:511)
12-06-2026 11:48:37.758 [java] [ERROR] 	at java.base/java.util.concurrent.ForkJoinPool$WorkQueue.topLevelExec(ForkJoinPool.java:1450)
12-06-2026 11:48:37.758 [java] [ERROR] 	at java.base/java.util.concurrent.ForkJoinPool.runWorker(ForkJoinPool.java:2019)
12-06-2026 11:48:37.758 [java] [ERROR] 	at java.base/java.util.concurrent.ForkJoinWorkerThread.run(ForkJoinWorkerThread.java:187)
12-06-2026 11:48:37.758 [java] [ERROR] [ForkJoinPool.commonPool-worker-3] WARN org.reflections.Reflections - could not create Dir using com.thoughtworks.gauge.scan.ClasspathScanner$1@440b067b from url file:/C:/Users/a.basaleh/.jdks/openjdk-26.0.1!/jdk.attach. skipping.
12-06-2026 11:48:37.758 [java] [ERROR] java.lang.NullPointerException: Cannot invoke "java.io.File.isDirectory()" because "file" is null
12-06-2026 11:48:37.758 [java] [ERROR] 	at com.thoughtworks.gauge.scan.ClasspathScanner$1.createDir(ClasspathScanner.java:48)
12-06-2026 11:48:37.758 [java] [ERROR] 	at org.reflections.vfs.Vfs.fromURL(Vfs.java:103)
12-06-2026 11:48:37.758 [java] [ERROR] 	at org.reflections.vfs.Vfs.fromURL(Vfs.java:95)
12-06-2026 11:48:37.758 [java] [ERROR] 	at org.reflections.Reflections.lambda$scan$2(Reflections.java:176)
12-06-2026 11:48:37.758 [java] [ERROR] 	at java.base/java.util.stream.ForEachOps$ForEachOp$OfRef.accept(ForEachOps.java:186)
12-06-2026 11:48:37.758 [java] [ERROR] 	at java.base/java.util.HashMap$KeySpliterator.forEachRemaining(HashMap.java:1716)
12-06-2026 11:48:37.758 [java] [ERROR] 	at java.base/java.util.stream.AbstractPipeline.copyInto(AbstractPipeline.java:570)
12-06-2026 11:48:37.758 [java] [ERROR] 	at java.base/java.util.stream.ForEachOps$ForEachTask.compute(ForEachOps.java:293)
12-06-2026 11:48:37.758 [java] [ERROR] 	at java.base/java.util.concurrent.CountedCompleter.exec(CountedCompleter.java:759)
12-06-2026 11:48:37.758 [java] [ERROR] 	at java.base/java.util.concurrent.ForkJoinTask.doExec(ForkJoinTask.java:511)
12-06-2026 11:48:37.758 [java] [ERROR] 	at java.base/java.util.concurrent.ForkJoinPool$WorkQueue.topLevelExec(ForkJoinPool.java:1450)
12-06-2026 11:48:37.758 [java] [ERROR] 	at java.base/java.util.concurrent.ForkJoinPool.runWorker(ForkJoinPool.java:2019)
12-06-2026 11:48:37.758 [java] [ERROR] 	at java.base/java.util.concurrent.ForkJoinWorkerThread.run(ForkJoinWorkerThread.java:187)
12-06-2026 11:48:37.758 [java] [ERROR] [ForkJoinPool.commonPool-worker-7] WARN org.reflections.Reflections - could not create Dir using com.thoughtworks.gauge.scan.ClasspathScanner$1@440b067b from url file:/C:/Users/a.basaleh/.jdks/openjdk-26.0.1!/java.instrument. skipping.
12-06-2026 11:48:37.758 [java] [ERROR] java.lang.NullPointerException: Cannot invoke "java.io.File.isDirectory()" because "file" is null
12-06-2026 11:48:37.758 [java] [ERROR] 	at com.thoughtworks.gauge.scan.ClasspathScanner$1.createDir(ClasspathScanner.java:48)
12-06-2026 11:48:37.758 [java] [ERROR] 	at org.reflections.vfs.Vfs.fromURL(Vfs.java:103)
12-06-2026 11:48:37.758 [java] [ERROR] 	at org.reflections.vfs.Vfs.fromURL(Vfs.java:95)
12-06-2026 11:48:37.758 [java] [ERROR] 	at org.reflections.Reflections.lambda$scan$2(Reflections.java:176)
12-06-2026 11:48:37.758 [java] [ERROR] 	at java.base/java.util.stream.ForEachOps$ForEachOp$OfRef.accept(ForEachOps.java:186)
12-06-2026 11:48:37.758 [java] [ERROR] 	at java.base/java.util.HashMap$KeySpliterator.forEachRemaining(HashMap.java:1716)
12-06-2026 11:48:37.758 [java] [ERROR] 	at java.base/java.util.stream.AbstractPipeline.copyInto(AbstractPipeline.java:570)
12-06-2026 11:48:37.758 [java] [ERROR] 	at java.base/java.util.stream.ForEachOps$ForEachTask.compute(ForEachOps.java:293)
12-06-2026 11:48:37.758 [java] [ERROR] 	at java.base/java.util.concurrent.CountedCompleter.exec(CountedCompleter.java:759)
12-06-2026 11:48:37.758 [java] [ERROR] 	at java.base/java.util.concurrent.ForkJoinTask.doExec(ForkJoinTask.java:511)
12-06-2026 11:48:37.758 [java] [ERROR] 	at java.base/java.util.concurrent.ForkJoinPool$WorkQueue.topLevelExec(ForkJoinPool.java:1450)
12-06-2026 11:48:37.758 [java] [ERROR] 	at java.base/java.util.concurrent.ForkJoinPool.runWorker(ForkJoinPool.java:2019)
12-06-2026 11:48:37.758 [java] [ERROR] 	at java.base/java.util.concurrent.ForkJoinWorkerThread.run(ForkJoinWorkerThread.java:187)
12-06-2026 11:48:37.758 [java] [ERROR] [ForkJoinPool.commonPool-worker-7] WARN org.reflections.Reflections - could not create Vfs.Dir from url. ignoring the exception and continuing
12-06-2026 11:48:37.758 [java] [ERROR] org.reflections.ReflectionsException: could not create Vfs.Dir from url, no matching UrlType was found [file:/C:/Users/a.basaleh/.jdks/openjdk-26.0.1!/java.instrument]
12-06-2026 11:48:37.758 [java] [ERROR] either use fromURL(final URL url, final List<UrlType> urlTypes) or use the static setDefaultURLTypes(final List<UrlType> urlTypes) or addDefaultURLTypes(UrlType urlType) with your specialized UrlType.
12-06-2026 11:48:37.759 [java] [ERROR] 	at org.reflections.vfs.Vfs.fromURL(Vfs.java:113)
12-06-2026 11:48:37.759 [java] [ERROR] 	at org.reflections.vfs.Vfs.fromURL(Vfs.java:95)
12-06-2026 11:48:37.759 [java] [ERROR] 	at org.reflections.Reflections.lambda$scan$2(Reflections.java:176)
12-06-2026 11:48:37.759 [java] [ERROR] 	at java.base/java.util.stream.ForEachOps$ForEachOp$OfRef.accept(ForEachOps.java:186)
12-06-2026 11:48:37.759 [java] [ERROR] 	at java.base/java.util.HashMap$KeySpliterator.forEachRemaining(HashMap.java:1716)
12-06-2026 11:48:37.759 [java] [ERROR] 	at java.base/java.util.stream.AbstractPipeline.copyInto(AbstractPipeline.java:570)
12-06-2026 11:48:37.759 [java] [ERROR] 	at java.base/java.util.stream.ForEachOps$ForEachTask.compute(ForEachOps.java:293)
12-06-2026 11:48:37.759 [java] [ERROR] 	at java.base/java.util.concurrent.CountedCompleter.exec(CountedCompleter.java:759)
12-06-2026 11:48:37.759 [java] [ERROR] 	at java.base/java.util.concurrent.ForkJoinTask.doExec(ForkJoinTask.java:511)
12-06-2026 11:48:37.759 [java] [ERROR] 	at java.base/java.util.concurrent.ForkJoinPool$WorkQueue.topLevelExec(ForkJoinPool.java:1450)
12-06-2026 11:48:37.759 [java] [ERROR] 	at java.base/java.util.concurrent.ForkJoinPool.runWorker(ForkJoinPool.java:2019)
12-06-2026 11:48:37.759 [java] [ERROR] 	at java.base/java.util.concurrent.ForkJoinWorkerThread.run(ForkJoinWorkerThread.java:187)
12-06-2026 11:48:37.759 [java] [ERROR] [ForkJoinPool.commonPool-worker-3] WARN org.reflections.Reflections - could not create Vfs.Dir from url. ignoring the exception and continuing
12-06-2026 11:48:37.759 [java] [ERROR] org.reflections.ReflectionsException: could not create Vfs.Dir from url, no matching UrlType was found [file:/C:/Users/a.basaleh/.jdks/openjdk-26.0.1!/jdk.attach]
12-06-2026 11:48:37.759 [java] [ERROR] either use fromURL(final URL url, final List<UrlType> urlTypes) or use the static setDefaultURLTypes(final List<UrlType> urlTypes) or addDefaultURLTypes(UrlType urlType) with your specialized UrlType.
12-06-2026 11:48:37.759 [java] [ERROR] 	at org.reflections.vfs.Vfs.fromURL(Vfs.java:113)
12-06-2026 11:48:37.759 [java] [ERROR] 	at org.reflections.vfs.Vfs.fromURL(Vfs.java:95)
12-06-2026 11:48:37.759 [java] [ERROR] 	at org.reflections.Reflections.lambda$scan$2(Reflections.java:176)
12-06-2026 11:48:37.759 [java] [ERROR] 	at java.base/java.util.stream.ForEachOps$ForEachOp$OfRef.accept(ForEachOps.java:186)
12-06-2026 11:48:37.759 [java] [ERROR] 	at java.base/java.util.HashMap$KeySpliterator.forEachRemaining(HashMap.java:1716)
12-06-2026 11:48:37.759 [java] [ERROR] 	at java.base/java.util.stream.AbstractPipeline.copyInto(AbstractPipeline.java:570)
12-06-2026 11:48:37.759 [java] [ERROR] 	at java.base/java.util.stream.ForEachOps$ForEachTask.compute(ForEachOps.java:293)
12-06-2026 11:48:37.759 [java] [ERROR] 	at java.base/java.util.concurrent.CountedCompleter.exec(CountedCompleter.java:759)
12-06-2026 11:48:37.759 [java] [ERROR] 	at java.base/java.util.concurrent.ForkJoinTask.doExec(ForkJoinTask.java:511)
12-06-2026 11:48:37.759 [java] [ERROR] 	at java.base/java.util.concurrent.ForkJoinPool$WorkQueue.topLevelExec(ForkJoinPool.java:1450)
12-06-2026 11:48:37.759 [java] [ERROR] 	at java.base/java.util.concurrent.ForkJoinPool.runWorker(ForkJoinPool.java:2019)
12-06-2026 11:48:37.759 [java] [ERROR] 	at java.base/java.util.concurrent.ForkJoinWorkerThread.run(ForkJoinWorkerThread.java:187)
12-06-2026 11:48:37.759 [java] [ERROR] [ForkJoinPool.commonPool-worker-3] WARN org.reflections.Reflections - could not create Dir using com.thoughtworks.gauge.scan.ClasspathScanner$1@440b067b from url file:/C:/Users/a.basaleh/.jdks/openjdk-26.0.1!/jdk.charsets. skipping.
12-06-2026 11:48:37.759 [java] [ERROR] java.lang.NullPointerException: Cannot invoke "java.io.File.isDirectory()" because "file" is null
12-06-2026 11:48:37.759 [java] [ERROR] 	at com.thoughtworks.gauge.scan.ClasspathScanner$1.createDir(ClasspathScanner.java:48)
12-06-2026 11:48:37.759 [java] [ERROR] 	at org.reflections.vfs.Vfs.fromURL(Vfs.java:103)
12-06-2026 11:48:37.759 [java] [ERROR] 	at org.reflections.vfs.Vfs.fromURL(Vfs.java:95)
12-06-2026 11:48:37.759 [java] [ERROR] 	at org.reflections.Reflections.lambda$scan$2(Reflections.java:176)
12-06-2026 11:48:37.759 [java] [ERROR] 	at java.base/java.util.stream.ForEachOps$ForEachOp$OfRef.accept(ForEachOps.java:186)
12-06-2026 11:48:37.759 [java] [ERROR] 	at java.base/java.util.HashMap$KeySpliterator.forEachRemaining(HashMap.java:1716)
12-06-2026 11:48:37.759 [java] [ERROR] 	at java.base/java.util.stream.AbstractPipeline.copyInto(AbstractPipeline.java:570)
12-06-2026 11:48:37.759 [java] [ERROR] 	at java.base/java.util.stream.ForEachOps$ForEachTask.compute(ForEachOps.java:293)
12-06-2026 11:48:37.759 [java] [ERROR] 	at java.base/java.util.concurrent.CountedCompleter.exec(CountedCompleter.java:759)
12-06-2026 11:48:37.759 [java] [ERROR] 	at java.base/java.util.concurrent.ForkJoinTask.doExec(ForkJoinTask.java:511)
12-06-2026 11:48:37.759 [java] [ERROR] 	at java.base/java.util.concurrent.ForkJoinPool$WorkQueue.topLevelExec(ForkJoinPool.java:1450)
12-06-2026 11:48:37.759 [java] [ERROR] 	at java.base/java.util.concurrent.ForkJoinPool.runWorker(ForkJoinPool.java:2019)
12-06-2026 11:48:37.759 [java] [ERROR] 	at java.base/java.util.concurrent.ForkJoinWorkerThread.run(ForkJoinWorkerThread.java:187)
12-06-2026 11:48:37.759 [java] [ERROR] [ForkJoinPool.commonPool-worker-7] WARN org.reflections.Reflections - could not create Dir using com.thoughtworks.gauge.scan.ClasspathScanner$1@440b067b from url file:/C:/Users/a.basaleh/.jdks/openjdk-26.0.1!/java.transaction.xa. skipping.
12-06-2026 11:48:37.759 [java] [ERROR] java.lang.NullPointerException: Cannot invoke "java.io.File.isDirectory()" because "file" is null
12-06-2026 11:48:37.759 [java] [ERROR] 	at com.thoughtworks.gauge.scan.ClasspathScanner$1.createDir(ClasspathScanner.java:48)
12-06-2026 11:48:37.759 [java] [ERROR] 	at org.reflections.vfs.Vfs.fromURL(Vfs.java:103)
12-06-2026 11:48:37.759 [java] [ERROR] 	at org.reflections.vfs.Vfs.fromURL(Vfs.java:95)
12-06-2026 11:48:37.759 [java] [ERROR] 	at org.reflections.Reflections.lambda$scan$2(Reflections.java:176)
12-06-2026 11:48:37.759 [java] [ERROR] 	at java.base/java.util.stream.ForEachOps$ForEachOp$OfRef.accept(ForEachOps.java:186)
12-06-2026 11:48:37.759 [java] [ERROR] 	at java.base/java.util.HashMap$KeySpliterator.forEachRemaining(HashMap.java:1716)
12-06-2026 11:48:37.760 [java] [ERROR] 	at java.base/java.util.stream.AbstractPipeline.copyInto(AbstractPipeline.java:570)
12-06-2026 11:48:37.770 [java] [ERROR] 	at java.base/java.util.stream.ForEachOps$ForEachTask.compute(ForEachOps.java:293)
12-06-2026 11:48:37.770 [java] [ERROR] 	at java.base/java.util.concurrent.CountedCompleter.exec(CountedCompleter.java:759)
12-06-2026 11:48:37.770 [java] [ERROR] 	at java.base/java.util.concurrent.ForkJoinTask.doExec(ForkJoinTask.java:511)
12-06-2026 11:48:37.770 [java] [ERROR] 	at java.base/java.util.concurrent.ForkJoinPool$WorkQueue.topLevelExec(ForkJoinPool.java:1450)
12-06-2026 11:48:37.770 [java] [ERROR] 	at java.base/java.util.concurrent.ForkJoinPool.runWorker(ForkJoinPool.java:2019)
12-06-2026 11:48:37.770 [java] [ERROR] 	at java.base/java.util.concurrent.ForkJoinWorkerThread.run(ForkJoinWorkerThread.java:187)
12-06-2026 11:48:37.770 [java] [ERROR] [ForkJoinPool.commonPool-worker-3] WARN org.reflections.Reflections - could not create Vfs.Dir from url. ignoring the exception and continuing
12-06-2026 11:48:37.770 [java] [ERROR] org.reflections.ReflectionsException: could not create Vfs.Dir from url, no matching UrlType was found [file:/C:/Users/a.basaleh/.jdks/openjdk-26.0.1!/jdk.charsets]
12-06-2026 11:48:37.770 [java] [ERROR] either use fromURL(final URL url, final List<UrlType> urlTypes) or use the static setDefaultURLTypes(final List<UrlType> urlTypes) or addDefaultURLTypes(UrlType urlType) with your specialized UrlType.
12-06-2026 11:48:37.770 [java] [ERROR] 	at org.reflections.vfs.Vfs.fromURL(Vfs.java:113)
12-06-2026 11:48:37.770 [java] [ERROR] 	at org.reflections.vfs.Vfs.fromURL(Vfs.java:95)
12-06-2026 11:48:37.770 [java] [ERROR] 	at org.reflections.Reflections.lambda$scan$2(Reflections.java:176)
12-06-2026 11:48:37.770 [java] [ERROR] 	at java.base/java.util.stream.ForEachOps$ForEachOp$OfRef.accept(ForEachOps.java:186)
12-06-2026 11:48:37.770 [java] [ERROR] 	at java.base/java.util.HashMap$KeySpliterator.forEachRemaining(HashMap.java:1716)
12-06-2026 11:48:37.770 [java] [ERROR] 	at java.base/java.util.stream.AbstractPipeline.copyInto(AbstractPipeline.java:570)
12-06-2026 11:48:37.770 [java] [ERROR] 	at java.base/java.util.stream.ForEachOps$ForEachTask.compute(ForEachOps.java:293)
12-06-2026 11:48:37.770 [java] [ERROR] 	at java.base/java.util.concurrent.CountedCompleter.exec(CountedCompleter.java:759)
12-06-2026 11:48:37.770 [java] [ERROR] 	at java.base/java.util.concurrent.ForkJoinTask.doExec(ForkJoinTask.java:511)
12-06-2026 11:48:37.770 [java] [ERROR] 	at java.base/java.util.concurrent.ForkJoinPool$WorkQueue.topLevelExec(ForkJoinPool.java:1450)
12-06-2026 11:48:37.770 [java] [ERROR] 	at java.base/java.util.concurrent.ForkJoinPool.runWorker(ForkJoinPool.java:2019)
12-06-2026 11:48:37.770 [java] [ERROR] 	at java.base/java.util.concurrent.ForkJoinWorkerThread.run(ForkJoinWorkerThread.java:187)
12-06-2026 11:48:37.770 [java] [ERROR] [ForkJoinPool.commonPool-worker-7] WARN org.reflections.Reflections - could not create Vfs.Dir from url. ignoring the exception and continuing
12-06-2026 11:48:37.770 [java] [ERROR] org.reflections.ReflectionsException: could not create Vfs.Dir from url, no matching UrlType was found [file:/C:/Users/a.basaleh/.jdks/openjdk-26.0.1!/java.transaction.xa]
12-06-2026 11:48:37.770 [java] [ERROR] either use fromURL(final URL url, final List<UrlType> urlTypes) or use the static setDefaultURLTypes(final List<UrlType> urlTypes) or addDefaultURLTypes(UrlType urlType) with your specialized UrlType.
12-06-2026 11:48:37.770 [java] [ERROR] 	at org.reflections.vfs.Vfs.fromURL(Vfs.java:113)
12-06-2026 11:48:37.771 [java] [ERROR] 	at org.reflections.vfs.Vfs.fromURL(Vfs.java:95)
12-06-2026 11:48:37.771 [java] [ERROR] 	at org.reflections.Reflections.lambda$scan$2(Reflections.java:176)
12-06-2026 11:48:37.771 [java] [ERROR] 	at java.base/java.util.stream.ForEachOps$ForEachOp$OfRef.accept(ForEachOps.java:186)
12-06-2026 11:48:37.771 [java] [ERROR] 	at java.base/java.util.HashMap$KeySpliterator.forEachRemaining(HashMap.java:1716)
12-06-2026 11:48:37.771 [java] [ERROR] 	at java.base/java.util.stream.AbstractPipeline.copyInto(AbstractPipeline.java:570)
12-06-2026 11:48:37.781 [java] [ERROR] 	at java.base/java.util.stream.ForEachOps$ForEachTask.compute(ForEachOps.java:293)
12-06-2026 11:48:37.781 [java] [ERROR] 	at java.base/java.util.concurrent.CountedCompleter.exec(CountedCompleter.java:759)
12-06-2026 11:48:37.782 [java] [ERROR] 	at java.base/java.util.concurrent.ForkJoinTask.doExec(ForkJoinTask.java:511)
12-06-2026 11:48:37.782 [java] [ERROR] 	at java.base/java.util.concurrent.ForkJoinPool$WorkQueue.topLevelExec(ForkJoinPool.java:1450)
12-06-2026 11:48:37.782 [java] [ERROR] 	at java.base/java.util.concurrent.ForkJoinPool.runWorker(ForkJoinPool.java:2019)
12-06-2026 11:48:37.782 [java] [ERROR] 	at java.base/java.util.concurrent.ForkJoinWorkerThread.run(ForkJoinWorkerThread.java:187)
12-06-2026 11:48:37.782 [java] [ERROR] [ForkJoinPool.commonPool-worker-7] WARN org.reflections.Reflections - could not create Dir using com.thoughtworks.gauge.scan.ClasspathScanner$1@440b067b from url file:/C:/Users/a.basaleh/.jdks/openjdk-26.0.1!/java.rmi. skipping.
12-06-2026 11:48:37.782 [java] [ERROR] java.lang.NullPointerException: Cannot invoke "java.io.File.isDirectory()" because "file" is null
12-06-2026 11:48:37.782 [java] [ERROR] 	at com.thoughtworks.gauge.scan.ClasspathScanner$1.createDir(ClasspathScanner.java:48)
12-06-2026 11:48:37.782 [java] [ERROR] 	at org.reflections.vfs.Vfs.fromURL(Vfs.java:103)
12-06-2026 11:48:37.782 [java] [ERROR] 	at org.reflections.vfs.Vfs.fromURL(Vfs.java:95)
12-06-2026 11:48:37.782 [java] [ERROR] 	at org.reflections.Reflections.lambda$scan$2(Reflections.java:176)
12-06-2026 11:48:37.782 [java] [ERROR] 	at java.base/java.util.stream.ForEachOps$ForEachOp$OfRef.accept(ForEachOps.java:186)
12-06-2026 11:48:37.782 [java] [ERROR] 	at java.base/java.util.HashMap$KeySpliterator.forEachRemaining(HashMap.java:1716)
12-06-2026 11:48:37.782 [java] [ERROR] 	at java.base/java.util.stream.AbstractPipeline.copyInto(AbstractPipeline.java:570)
12-06-2026 11:48:37.782 [java] [ERROR] 	at java.base/java.util.stream.ForEachOps$ForEachTask.compute(ForEachOps.java:293)
12-06-2026 11:48:37.782 [java] [ERROR] 	at java.base/java.util.concurrent.CountedCompleter.exec(CountedCompleter.java:759)
12-06-2026 11:48:37.782 [java] [ERROR] 	at java.base/java.util.concurrent.ForkJoinTask.doExec(ForkJoinTask.java:511)
12-06-2026 11:48:37.782 [java] [ERROR] 	at java.base/java.util.concurrent.ForkJoinPool$WorkQueue.topLevelExec(ForkJoinPool.java:1450)
12-06-2026 11:48:37.782 [java] [ERROR] 	at java.base/java.util.concurrent.ForkJoinPool.runWorker(ForkJoinPool.java:2019)
12-06-2026 11:48:37.782 [java] [ERROR] 	at java.base/java.util.concurrent.ForkJoinWorkerThread.run(ForkJoinWorkerThread.java:187)
12-06-2026 11:48:37.782 [java] [ERROR] [ForkJoinPool.commonPool-worker-7] WARN org.reflections.Reflections - could not create Vfs.Dir from url. ignoring the exception and continuing
12-06-2026 11:48:37.782 [java] [ERROR] org.reflections.ReflectionsException: could not create Vfs.Dir from url, no matching UrlType was found [file:/C:/Users/a.basaleh/.jdks/openjdk-26.0.1!/java.rmi]
12-06-2026 11:48:37.782 [java] [ERROR] either use fromURL(final URL url, final List<UrlType> urlTypes) or use the static setDefaultURLTypes(final List<UrlType> urlTypes) or addDefaultURLTypes(UrlType urlType) with your specialized UrlType.
12-06-2026 11:48:37.782 [java] [ERROR] 	at org.reflections.vfs.Vfs.fromURL(Vfs.java:113)
12-06-2026 11:48:37.782 [java] [ERROR] 	at org.reflections.vfs.Vfs.fromURL(Vfs.java:95)
12-06-2026 11:48:37.782 [java] [ERROR] 	at org.reflections.Reflections.lambda$scan$2(Reflections.java:176)
12-06-2026 11:48:37.782 [java] [ERROR] 	at java.base/java.util.stream.ForEachOps$ForEachOp$OfRef.accept(ForEachOps.java:186)
12-06-2026 11:48:37.782 [java] [ERROR] 	at java.base/java.util.HashMap$KeySpliterator.forEachRemaining(HashMap.java:1716)
12-06-2026 11:48:37.782 [java] [ERROR] 	at java.base/java.util.stream.AbstractPipeline.copyInto(AbstractPipeline.java:570)
12-06-2026 11:48:37.782 [java] [ERROR] 	at java.base/java.util.stream.ForEachOps$ForEachTask.compute(ForEachOps.java:293)
12-06-2026 11:48:37.782 [java] [ERROR] 	at java.base/java.util.concurrent.CountedCompleter.exec(CountedCompleter.java:759)
12-06-2026 11:48:37.782 [java] [ERROR] 	at java.base/java.util.concurrent.ForkJoinTask.doExec(ForkJoinTask.java:511)
12-06-2026 11:48:37.782 [java] [ERROR] 	at java.base/java.util.concurrent.ForkJoinPool$WorkQueue.topLevelExec(ForkJoinPool.java:1450)
12-06-2026 11:48:37.782 [java] [ERROR] 	at java.base/java.util.concurrent.ForkJoinPool.runWorker(ForkJoinPool.java:2019)
12-06-2026 11:48:37.782 [java] [ERROR] 	at java.base/java.util.concurrent.ForkJoinWorkerThread.run(ForkJoinWorkerThread.java:187)
12-06-2026 11:48:37.782 [java] [ERROR] [ForkJoinPool.commonPool-worker-7] WARN org.reflections.Reflections - could not create Dir using com.thoughtworks.gauge.scan.ClasspathScanner$1@440b067b from url file:/C:/Users/a.basaleh/.jdks/openjdk-26.0.1!/jdk.internal.vm.ci. skipping.
12-06-2026 11:48:37.782 [java] [ERROR] java.lang.NullPointerException: Cannot invoke "java.io.File.isDirectory()" because "file" is null
12-06-2026 11:48:37.782 [java] [ERROR] 	at com.thoughtworks.gauge.scan.ClasspathScanner$1.createDir(ClasspathScanner.java:48)
12-06-2026 11:48:37.782 [java] [ERROR] 	at org.reflections.vfs.Vfs.fromURL(Vfs.java:103)
12-06-2026 11:48:37.782 [java] [ERROR] 	at org.reflections.vfs.Vfs.fromURL(Vfs.java:95)
12-06-2026 11:48:37.782 [java] [ERROR] 	at org.reflections.Reflections.lambda$scan$2(Reflections.java:176)
12-06-2026 11:48:37.782 [java] [ERROR] 	at java.base/java.util.stream.ForEachOps$ForEachOp$OfRef.accept(ForEachOps.java:186)
12-06-2026 11:48:37.782 [java] [ERROR] 	at java.base/java.util.HashMap$KeySpliterator.forEachRemaining(HashMap.java:1716)
12-06-2026 11:48:37.805 [java] [ERROR] 	at java.base/java.util.stream.AbstractPipeline.copyInto(AbstractPipeline.java:570)
12-06-2026 11:48:37.805 [java] [ERROR] 	at java.base/java.util.stream.ForEachOps$ForEachTask.compute(ForEachOps.java:293)
12-06-2026 11:48:37.805 [java] [ERROR] 	at java.base/java.util.concurrent.CountedCompleter.exec(CountedCompleter.java:759)
12-06-2026 11:48:37.805 [java] [ERROR] 	at java.base/java.util.concurrent.ForkJoinTask.doExec(ForkJoinTask.java:511)
12-06-2026 11:48:37.805 [java] [ERROR] 	at java.base/java.util.concurrent.ForkJoinPool$WorkQueue.topLevelExec(ForkJoinPool.java:1450)
12-06-2026 11:48:37.805 [java] [ERROR] 	at java.base/java.util.concurrent.ForkJoinPool.runWorker(ForkJoinPool.java:2019)
12-06-2026 11:48:37.805 [java] [ERROR] 	at java.base/java.util.concurrent.ForkJoinWorkerThread.run(ForkJoinWorkerThread.java:187)
12-06-2026 11:48:37.805 [java] [ERROR] [ForkJoinPool.commonPool-worker-7] WARN org.reflections.Reflections - could not create Vfs.Dir from url. ignoring the exception and continuing
12-06-2026 11:48:37.805 [java] [ERROR] org.reflections.ReflectionsException: could not create Vfs.Dir from url, no matching UrlType was found [file:/C:/Users/a.basaleh/.jdks/openjdk-26.0.1!/jdk.internal.vm.ci]
12-06-2026 11:48:37.805 [java] [ERROR] either use fromURL(final URL url, final List<UrlType> urlTypes) or use the static setDefaultURLTypes(final List<UrlType> urlTypes) or addDefaultURLTypes(UrlType urlType) with your specialized UrlType.
12-06-2026 11:48:37.805 [java] [ERROR] 	at org.reflections.vfs.Vfs.fromURL(Vfs.java:113)
12-06-2026 11:48:37.805 [java] [ERROR] 	at org.reflections.vfs.Vfs.fromURL(Vfs.java:95)
12-06-2026 11:48:37.805 [java] [ERROR] 	at org.reflections.Reflections.lambda$scan$2(Reflections.java:176)
12-06-2026 11:48:37.805 [java] [ERROR] 	at java.base/java.util.stream.ForEachOps$ForEachOp$OfRef.accept(ForEachOps.java:186)
12-06-2026 11:48:37.805 [java] [ERROR] 	at java.base/java.util.HashMap$KeySpliterator.forEachRemaining(HashMap.java:1716)
12-06-2026 11:48:37.805 [java] [ERROR] 	at java.base/java.util.stream.AbstractPipeline.copyInto(AbstractPipeline.java:570)
12-06-2026 11:48:37.805 [java] [ERROR] 	at java.base/java.util.stream.ForEachOps$ForEachTask.compute(ForEachOps.java:293)
12-06-2026 11:48:37.805 [java] [ERROR] 	at java.base/java.util.concurrent.CountedCompleter.exec(CountedCompleter.java:759)
12-06-2026 11:48:37.805 [java] [ERROR] 	at java.base/java.util.concurrent.ForkJoinTask.doExec(ForkJoinTask.java:511)
12-06-2026 11:48:37.805 [java] [ERROR] 	at java.base/java.util.concurrent.ForkJoinPool$WorkQueue.topLevelExec(ForkJoinPool.java:1450)
12-06-2026 11:48:37.805 [java] [ERROR] 	at java.base/java.util.concurrent.ForkJoinPool.runWorker(ForkJoinPool.java:2019)
12-06-2026 11:48:37.805 [java] [ERROR] 	at java.base/java.util.concurrent.ForkJoinWorkerThread.run(ForkJoinWorkerThread.java:187)
12-06-2026 11:48:37.805 [java] [ERROR] [ForkJoinPool.commonPool-worker-7] WARN org.reflections.Reflections - could not create Dir using com.thoughtworks.gauge.scan.ClasspathScanner$1@440b067b from url file:/C:/Users/a.basaleh/.jdks/openjdk-26.0.1!/jdk.management.agent. skipping.
12-06-2026 11:48:37.806 [java] [ERROR] java.lang.NullPointerException: Cannot invoke "java.io.File.isDirectory()" because "file" is null
12-06-2026 11:48:37.806 [java] [ERROR] 	at com.thoughtworks.gauge.scan.ClasspathScanner$1.createDir(ClasspathScanner.java:48)
12-06-2026 11:48:37.806 [java] [ERROR] 	at org.reflections.vfs.Vfs.fromURL(Vfs.java:103)
12-06-2026 11:48:37.806 [java] [ERROR] 	at org.reflections.vfs.Vfs.fromURL(Vfs.java:95)
12-06-2026 11:48:37.806 [java] [ERROR] 	at org.reflections.Reflections.lambda$scan$2(Reflections.java:176)
12-06-2026 11:48:37.806 [java] [ERROR] 	at java.base/java.util.stream.ForEachOps$ForEachOp$OfRef.accept(ForEachOps.java:186)
12-06-2026 11:48:37.806 [java] [ERROR] 	at java.base/java.util.HashMap$KeySpliterator.forEachRemaining(HashMap.java:1716)
12-06-2026 11:48:37.806 [java] [ERROR] 	at java.base/java.util.stream.AbstractPipeline.copyInto(AbstractPipeline.java:570)
12-06-2026 11:48:37.806 [java] [ERROR] 	at java.base/java.util.stream.ForEachOps$ForEachTask.compute(ForEachOps.java:293)
12-06-2026 11:48:37.806 [java] [ERROR] 	at java.base/java.util.concurrent.CountedCompleter.exec(CountedCompleter.java:759)
12-06-2026 11:48:37.806 [java] [ERROR] 	at java.base/java.util.concurrent.ForkJoinTask.doExec(ForkJoinTask.java:511)
12-06-2026 11:48:37.834 [java] [ERROR] 	at java.base/java.util.concurrent.ForkJoinPool$WorkQueue.topLevelExec(ForkJoinPool.java:1450)
12-06-2026 11:48:37.834 [java] [ERROR] 	at java.base/java.util.concurrent.ForkJoinPool.runWorker(ForkJoinPool.java:2019)
12-06-2026 11:48:37.834 [java] [ERROR] 	at java.base/java.util.concurrent.ForkJoinWorkerThread.run(ForkJoinWorkerThread.java:187)
12-06-2026 11:48:37.834 [java] [ERROR] [ForkJoinPool.commonPool-worker-7] WARN org.reflections.Reflections - could not create Vfs.Dir from url. ignoring the exception and continuing
12-06-2026 11:48:37.834 [java] [ERROR] org.reflections.ReflectionsException: could not create Vfs.Dir from url, no matching UrlType was found [file:/C:/Users/a.basaleh/.jdks/openjdk-26.0.1!/jdk.management.agent]
12-06-2026 11:48:37.834 [java] [ERROR] either use fromURL(final URL url, final List<UrlType> urlTypes) or use the static setDefaultURLTypes(final List<UrlType> urlTypes) or addDefaultURLTypes(UrlType urlType) with your specialized UrlType.
12-06-2026 11:48:37.834 [java] [ERROR] 	at org.reflections.vfs.Vfs.fromURL(Vfs.java:113)
12-06-2026 11:48:37.834 [java] [ERROR] 	at org.reflections.vfs.Vfs.fromURL(Vfs.java:95)
12-06-2026 11:48:37.834 [java] [ERROR] 	at org.reflections.Reflections.lambda$scan$2(Reflections.java:176)
12-06-2026 11:48:37.834 [java] [ERROR] 	at java.base/java.util.stream.ForEachOps$ForEachOp$OfRef.accept(ForEachOps.java:186)
12-06-2026 11:48:37.834 [java] [ERROR] 	at java.base/java.util.HashMap$KeySpliterator.forEachRemaining(HashMap.java:1716)
12-06-2026 11:48:37.834 [java] [ERROR] 	at java.base/java.util.stream.AbstractPipeline.copyInto(AbstractPipeline.java:570)
12-06-2026 11:48:37.834 [java] [ERROR] 	at java.base/java.util.stream.ForEachOps$ForEachTask.compute(ForEachOps.java:293)
12-06-2026 11:48:37.834 [java] [ERROR] 	at java.base/java.util.concurrent.CountedCompleter.exec(CountedCompleter.java:759)
12-06-2026 11:48:37.834 [java] [ERROR] 	at java.base/java.util.concurrent.ForkJoinTask.doExec(ForkJoinTask.java:511)
12-06-2026 11:48:37.834 [java] [ERROR] 	at java.base/java.util.concurrent.ForkJoinPool$WorkQueue.topLevelExec(ForkJoinPool.java:1450)
12-06-2026 11:48:37.834 [java] [ERROR] 	at java.base/java.util.concurrent.ForkJoinPool.runWorker(ForkJoinPool.java:2019)
12-06-2026 11:48:37.834 [java] [ERROR] 	at java.base/java.util.concurrent.ForkJoinWorkerThread.run(ForkJoinWorkerThread.java:187)
12-06-2026 11:48:37.834 [java] [ERROR] [ForkJoinPool.commonPool-worker-7] WARN org.reflections.Reflections - could not create Dir using com.thoughtworks.gauge.scan.ClasspathScanner$1@440b067b from url file:/C:/Users/a.basaleh/.jdks/openjdk-26.0.1!/jdk.crypto.cryptoki. skipping.
12-06-2026 11:48:37.834 [java] [ERROR] java.lang.NullPointerException: Cannot invoke "java.io.File.isDirectory()" because "file" is null
12-06-2026 11:48:37.834 [java] [ERROR] 	at com.thoughtworks.gauge.scan.ClasspathScanner$1.createDir(ClasspathScanner.java:48)
12-06-2026 11:48:37.834 [java] [ERROR] 	at org.reflections.vfs.Vfs.fromURL(Vfs.java:103)
12-06-2026 11:48:37.834 [java] [ERROR] 	at org.reflections.vfs.Vfs.fromURL(Vfs.java:95)
12-06-2026 11:48:37.834 [java] [ERROR] 	at org.reflections.Reflections.lambda$scan$2(Reflections.java:176)
12-06-2026 11:48:37.835 [java] [ERROR] 	at java.base/java.util.stream.ForEachOps$ForEachOp$OfRef.accept(ForEachOps.java:186)
12-06-2026 11:48:37.835 [java] [ERROR] 	at java.base/java.util.HashMap$KeySpliterator.forEachRemaining(HashMap.java:1716)
12-06-2026 11:48:37.835 [java] [ERROR] 	at java.base/java.util.stream.AbstractPipeline.copyInto(AbstractPipeline.java:570)
12-06-2026 11:48:37.835 [java] [ERROR] 	at java.base/java.util.stream.ForEachOps$ForEachTask.compute(ForEachOps.java:293)
12-06-2026 11:48:37.835 [java] [ERROR] 	at java.base/java.util.concurrent.CountedCompleter.exec(CountedCompleter.java:759)
12-06-2026 11:48:37.835 [java] [ERROR] 	at java.base/java.util.concurrent.ForkJoinTask.doExec(ForkJoinTask.java:511)
12-06-2026 11:48:37.835 [java] [ERROR] 	at java.base/java.util.concurrent.ForkJoinPool$WorkQueue.topLevelExec(ForkJoinPool.java:1450)
12-06-2026 11:48:37.835 [java] [ERROR] 	at java.base/java.util.concurrent.ForkJoinPool.runWorker(ForkJoinPool.java:2019)
12-06-2026 11:48:37.835 [java] [ERROR] 	at java.base/java.util.concurrent.ForkJoinWorkerThread.run(ForkJoinWorkerThread.java:187)
12-06-2026 11:48:37.835 [java] [ERROR] [ForkJoinPool.commonPool-worker-7] WARN org.reflections.Reflections - could not create Vfs.Dir from url. ignoring the exception and continuing
12-06-2026 11:48:37.839 [java] [ERROR] org.reflections.ReflectionsException: could not create Vfs.Dir from url, no matching UrlType was found [file:/C:/Users/a.basaleh/.jdks/openjdk-26.0.1!/jdk.crypto.cryptoki]
12-06-2026 11:48:37.853 [java] [ERROR] either use fromURL(final URL url, final List<UrlType> urlTypes) or use the static setDefaultURLTypes(final List<UrlType> urlTypes) or addDefaultURLTypes(UrlType urlType) with your specialized UrlType.
12-06-2026 11:48:37.853 [java] [ERROR] 	at org.reflections.vfs.Vfs.fromURL(Vfs.java:113)
12-06-2026 11:48:37.853 [java] [ERROR] 	at org.reflections.vfs.Vfs.fromURL(Vfs.java:95)
12-06-2026 11:48:37.853 [java] [ERROR] 	at org.reflections.Reflections.lambda$scan$2(Reflections.java:176)
12-06-2026 11:48:37.853 [java] [ERROR] 	at java.base/java.util.stream.ForEachOps$ForEachOp$OfRef.accept(ForEachOps.java:186)
12-06-2026 11:48:37.853 [java] [ERROR] 	at java.base/java.util.HashMap$KeySpliterator.forEachRemaining(HashMap.java:1716)
12-06-2026 11:48:37.853 [java] [ERROR] 	at java.base/java.util.stream.AbstractPipeline.copyInto(AbstractPipeline.java:570)
12-06-2026 11:48:37.853 [java] [ERROR] 	at java.base/java.util.stream.ForEachOps$ForEachTask.compute(ForEachOps.java:293)
12-06-2026 11:48:37.853 [java] [ERROR] 	at java.base/java.util.concurrent.CountedCompleter.exec(CountedCompleter.java:759)
12-06-2026 11:48:37.853 [java] [ERROR] 	at java.base/java.util.concurrent.ForkJoinTask.doExec(ForkJoinTask.java:511)
12-06-2026 11:48:37.853 [java] [ERROR] 	at java.base/java.util.concurrent.ForkJoinPool$WorkQueue.topLevelExec(ForkJoinPool.java:1450)
12-06-2026 11:48:37.853 [java] [ERROR] 	at java.base/java.util.concurrent.ForkJoinPool.runWorker(ForkJoinPool.java:2019)
12-06-2026 11:48:37.853 [java] [ERROR] 	at java.base/java.util.concurrent.ForkJoinWorkerThread.run(ForkJoinWorkerThread.java:187)
12-06-2026 11:48:37.853 [java] [ERROR] [pool-1-thread-1] WARN org.reflections.Reflections - could not create Dir using com.thoughtworks.gauge.scan.ClasspathScanner$1@440b067b from url file:/C:/Users/a.basaleh/.jdks/openjdk-26.0.1!/java.sql. skipping.
12-06-2026 11:48:37.853 [java] [ERROR] java.lang.NullPointerException: Cannot invoke "java.io.File.isDirectory()" because "file" is null
12-06-2026 11:48:37.853 [java] [ERROR] 	at com.thoughtworks.gauge.scan.ClasspathScanner$1.createDir(ClasspathScanner.java:48)
12-06-2026 11:48:37.853 [java] [ERROR] 	at org.reflections.vfs.Vfs.fromURL(Vfs.java:103)
12-06-2026 11:48:37.853 [java] [ERROR] 	at org.reflections.vfs.Vfs.fromURL(Vfs.java:95)
12-06-2026 11:48:37.853 [java] [ERROR] 	at org.reflections.Reflections.lambda$scan$2(Reflections.java:176)
12-06-2026 11:48:37.853 [java] [ERROR] 	at java.base/java.util.stream.ForEachOps$ForEachOp$OfRef.accept(ForEachOps.java:186)
12-06-2026 11:48:37.853 [java] [ERROR] 	at java.base/java.util.HashMap$KeySpliterator.forEachRemaining(HashMap.java:1716)
12-06-2026 11:48:37.853 [java] [ERROR] 	at java.base/java.util.stream.AbstractPipeline.copyInto(AbstractPipeline.java:570)
12-06-2026 11:48:37.853 [java] [ERROR] 	at java.base/java.util.stream.ForEachOps$ForEachTask.compute(ForEachOps.java:293)
12-06-2026 11:48:37.853 [java] [ERROR] 	at java.base/java.util.concurrent.CountedCompleter.exec(CountedCompleter.java:759)
12-06-2026 11:48:37.853 [java] [ERROR] 	at java.base/java.util.concurrent.ForkJoinTask.doExec(ForkJoinTask.java:511)
12-06-2026 11:48:37.853 [java] [ERROR] 	at java.base/java.util.concurrent.ForkJoinPool$WorkQueue.helpComplete(ForkJoinPool.java:1537)
12-06-2026 11:48:37.853 [java] [ERROR] 	at java.base/java.util.concurrent.ForkJoinPool.helpComplete(ForkJoinPool.java:2332)
12-06-2026 11:48:37.853 [java] [ERROR] 	at java.base/java.util.concurrent.ForkJoinTask.awaitDone(ForkJoinTask.java:497)
12-06-2026 11:48:37.853 [java] [ERROR] 	at java.base/java.util.concurrent.ForkJoinTask.join(ForkJoinTask.java:669)
12-06-2026 11:48:37.853 [java] [ERROR] 	at java.base/java.util.concurrent.ForkJoinTask.invoke(ForkJoinTask.java:684)
12-06-2026 11:48:37.853 [java] [ERROR] 	at java.base/java.util.stream.ForEachOps$ForEachOp.evaluateParallel(ForEachOps.java:162)
12-06-2026 11:48:37.853 [java] [ERROR] 	at java.base/java.util.stream.ForEachOps$ForEachOp$OfRef.evaluateParallel(ForEachOps.java:176)
12-06-2026 11:48:37.853 [java] [ERROR] 	at java.base/java.util.stream.AbstractPipeline.evaluate(AbstractPipeline.java:264)
12-06-2026 11:48:37.853 [java] [ERROR] 	at java.base/java.util.stream.ReferencePipeline.forEach(ReferencePipeline.java:632)
12-06-2026 11:48:37.853 [java] [ERROR] 	at java.base/java.util.stream.ReferencePipeline$Head.forEach(ReferencePipeline.java:806)
12-06-2026 11:48:37.912 [java] [ERROR] 	at org.reflections.Reflections.scan(Reflections.java:173)
12-06-2026 11:48:37.912 [java] [ERROR] 	at org.reflections.Reflections.<init>(Reflections.java:126)
12-06-2026 11:48:37.912 [java] [ERROR] 	at com.thoughtworks.gauge.scan.ClasspathScanner.createReflections(ClasspathScanner.java:57)
12-06-2026 11:48:37.912 [java] [ERROR] 	at com.thoughtworks.gauge.scan.ClasspathScanner.scan(ClasspathScanner.java:32)
12-06-2026 11:48:37.912 [java] [ERROR] 	at com.thoughtworks.gauge.connection.MessageProcessorFactory.lambda$new$0(MessageProcessorFactory.java:49)
12-06-2026 11:48:37.912 [java] [ERROR] 	at java.base/java.util.concurrent.Executors$RunnableAdapter.call(Executors.java:545)
12-06-2026 11:48:37.912 [java] [ERROR] 	at java.base/java.util.concurrent.FutureTask.run(FutureTask.java:330)
12-06-2026 11:48:37.912 [java] [ERROR] 	at java.base/java.util.concurrent.ThreadPoolExecutor.runWorker(ThreadPoolExecutor.java:1090)
12-06-2026 11:48:37.912 [java] [ERROR] 	at java.base/java.util.concurrent.ThreadPoolExecutor$Worker.run(ThreadPoolExecutor.java:614)
12-06-2026 11:48:37.912 [java] [ERROR] 	at java.base/java.lang.Thread.run(Thread.java:1516)
12-06-2026 11:48:37.912 [java] [ERROR] [pool-1-thread-1] WARN org.reflections.Reflections - could not create Vfs.Dir from url. ignoring the exception and continuing
12-06-2026 11:48:37.912 [java] [ERROR] org.reflections.ReflectionsException: could not create Vfs.Dir from url, no matching UrlType was found [file:/C:/Users/a.basaleh/.jdks/openjdk-26.0.1!/java.sql]
12-06-2026 11:48:37.912 [java] [ERROR] either use fromURL(final URL url, final List<UrlType> urlTypes) or use the static setDefaultURLTypes(final List<UrlType> urlTypes) or addDefaultURLTypes(UrlType urlType) with your specialized UrlType.
12-06-2026 11:48:37.912 [java] [ERROR] 	at org.reflections.vfs.Vfs.fromURL(Vfs.java:113)
12-06-2026 11:48:37.912 [java] [ERROR] 	at org.reflections.vfs.Vfs.fromURL(Vfs.java:95)
12-06-2026 11:48:37.912 [java] [ERROR] 	at org.reflections.Reflections.lambda$scan$2(Reflections.java:176)
12-06-2026 11:48:37.912 [java] [ERROR] 	at java.base/java.util.stream.ForEachOps$ForEachOp$OfRef.accept(ForEachOps.java:186)
12-06-2026 11:48:37.912 [java] [ERROR] 	at java.base/java.util.HashMap$KeySpliterator.forEachRemaining(HashMap.java:1716)
12-06-2026 11:48:37.912 [java] [ERROR] 	at java.base/java.util.stream.AbstractPipeline.copyInto(AbstractPipeline.java:570)
12-06-2026 11:48:37.912 [java] [ERROR] 	at java.base/java.util.stream.ForEachOps$ForEachTask.compute(ForEachOps.java:293)
12-06-2026 11:48:37.912 [java] [ERROR] 	at java.base/java.util.concurrent.CountedCompleter.exec(CountedCompleter.java:759)
12-06-2026 11:48:37.912 [java] [ERROR] 	at java.base/java.util.concurrent.ForkJoinTask.doExec(ForkJoinTask.java:511)
12-06-2026 11:48:37.912 [java] [ERROR] 	at java.base/java.util.concurrent.ForkJoinPool$WorkQueue.helpComplete(ForkJoinPool.java:1537)
12-06-2026 11:48:37.912 [java] [ERROR] 	at java.base/java.util.concurrent.ForkJoinPool.helpComplete(ForkJoinPool.java:2332)
12-06-2026 11:48:37.912 [java] [ERROR] 	at java.base/java.util.concurrent.ForkJoinTask.awaitDone(ForkJoinTask.java:497)
12-06-2026 11:48:37.912 [java] [ERROR] 	at java.base/java.util.concurrent.ForkJoinTask.join(ForkJoinTask.java:669)
12-06-2026 11:48:37.912 [java] [ERROR] 	at java.base/java.util.concurrent.ForkJoinTask.invoke(ForkJoinTask.java:684)
12-06-2026 11:48:37.913 [java] [ERROR] 	at java.base/java.util.stream.ForEachOps$ForEachOp.evaluateParallel(ForEachOps.java:162)
12-06-2026 11:48:37.913 [java] [ERROR] 	at java.base/java.util.stream.ForEachOps$ForEachOp$OfRef.evaluateParallel(ForEachOps.java:176)
12-06-2026 11:48:37.913 [java] [ERROR] 	at java.base/java.util.stream.AbstractPipeline.evaluate(AbstractPipeline.java:264)
12-06-2026 11:48:37.913 [java] [ERROR] 	at java.base/java.util.stream.ReferencePipeline.forEach(ReferencePipeline.java:632)
12-06-2026 11:48:37.913 [java] [ERROR] 	at java.base/java.util.stream.ReferencePipeline$Head.forEach(ReferencePipeline.java:806)
12-06-2026 11:48:37.913 [java] [ERROR] 	at org.reflections.Reflections.scan(Reflections.java:173)
12-06-2026 11:48:37.913 [java] [ERROR] 	at org.reflections.Reflections.<init>(Reflections.java:126)
12-06-2026 11:48:37.914 [java] [ERROR] 	at com.thoughtworks.gauge.scan.ClasspathScanner.createReflections(ClasspathScanner.java:57)
12-06-2026 11:48:37.914 [java] [ERROR] 	at com.thoughtworks.gauge.scan.ClasspathScanner.scan(ClasspathScanner.java:32)
12-06-2026 11:48:37.914 [java] [ERROR] 	at com.thoughtworks.gauge.connection.MessageProcessorFactory.lambda$new$0(MessageProcessorFactory.java:49)
12-06-2026 11:48:37.914 [java] [ERROR] 	at java.base/java.util.concurrent.Executors$RunnableAdapter.call(Executors.java:545)
12-06-2026 11:48:37.914 [java] [ERROR] 	at java.base/java.util.concurrent.FutureTask.run(FutureTask.java:330)
12-06-2026 11:48:37.914 [java] [ERROR] 	at java.base/java.util.concurrent.ThreadPoolExecutor.runWorker(ThreadPoolExecutor.java:1090)
12-06-2026 11:48:37.914 [java] [ERROR] 	at java.base/java.util.concurrent.ThreadPoolExecutor$Worker.run(ThreadPoolExecutor.java:614)
12-06-2026 11:48:37.914 [java] [ERROR] 	at java.base/java.lang.Thread.run(Thread.java:1516)
12-06-2026 11:48:37.914 [java] [ERROR] [pool-1-thread-1] WARN org.reflections.Reflections - could not create Dir using com.thoughtworks.gauge.scan.ClasspathScanner$1@440b067b from url file:/C:/Users/a.basaleh/.jdks/openjdk-26.0.1!/jdk.jartool. skipping.
12-06-2026 11:48:37.914 [java] [ERROR] java.lang.NullPointerException: Cannot invoke "java.io.File.isDirectory()" because "file" is null
12-06-2026 11:48:37.914 [java] [ERROR] 	at com.thoughtworks.gauge.scan.ClasspathScanner$1.createDir(ClasspathScanner.java:48)
12-06-2026 11:48:37.914 [java] [ERROR] 	at org.reflections.vfs.Vfs.fromURL(Vfs.java:103)
12-06-2026 11:48:37.914 [java] [ERROR] 	at org.reflections.vfs.Vfs.fromURL(Vfs.java:95)
12-06-2026 11:48:37.914 [java] [ERROR] 	at org.reflections.Reflections.lambda$scan$2(Reflections.java:176)
12-06-2026 11:48:37.914 [java] [ERROR] 	at java.base/java.util.stream.ForEachOps$ForEachOp$OfRef.accept(ForEachOps.java:186)
12-06-2026 11:48:37.914 [java] [ERROR] 	at java.base/java.util.HashMap$KeySpliterator.forEachRemaining(HashMap.java:1716)
12-06-2026 11:48:37.914 [java] [ERROR] 	at java.base/java.util.stream.AbstractPipeline.copyInto(AbstractPipeline.java:570)
12-06-2026 11:48:37.914 [java] [ERROR] 	at java.base/java.util.stream.ForEachOps$ForEachTask.compute(ForEachOps.java:293)
12-06-2026 11:48:37.914 [java] [ERROR] 	at java.base/java.util.concurrent.CountedCompleter.exec(CountedCompleter.java:759)
12-06-2026 11:48:37.914 [java] [ERROR] 	at java.base/java.util.concurrent.ForkJoinTask.doExec(ForkJoinTask.java:511)
12-06-2026 11:48:37.914 [java] [ERROR] 	at java.base/java.util.concurrent.ForkJoinPool$WorkQueue.helpComplete(ForkJoinPool.java:1537)
12-06-2026 11:48:37.914 [java] [ERROR] 	at java.base/java.util.concurrent.ForkJoinPool.helpComplete(ForkJoinPool.java:2332)
12-06-2026 11:48:37.914 [java] [ERROR] 	at java.base/java.util.concurrent.ForkJoinTask.awaitDone(ForkJoinTask.java:497)
12-06-2026 11:48:37.914 [java] [ERROR] 	at java.base/java.util.concurrent.ForkJoinTask.join(ForkJoinTask.java:669)
12-06-2026 11:48:37.914 [java] [ERROR] 	at java.base/java.util.concurrent.ForkJoinTask.invoke(ForkJoinTask.java:684)
12-06-2026 11:48:37.914 [java] [ERROR] 	at java.base/java.util.stream.ForEachOps$ForEachOp.evaluateParallel(ForEachOps.java:162)
12-06-2026 11:48:37.914 [java] [ERROR] 	at java.base/java.util.stream.ForEachOps$ForEachOp$OfRef.evaluateParallel(ForEachOps.java:176)
12-06-2026 11:48:37.914 [java] [ERROR] 	at java.base/java.util.stream.AbstractPipeline.evaluate(AbstractPipeline.java:264)
12-06-2026 11:48:37.914 [java] [ERROR] 	at java.base/java.util.stream.ReferencePipeline.forEach(ReferencePipeline.java:632)
12-06-2026 11:48:37.923 [java] [ERROR] 	at java.base/java.util.stream.ReferencePipeline$Head.forEach(ReferencePipeline.java:806)
12-06-2026 11:48:37.923 [java] [ERROR] 	at org.reflections.Reflections.scan(Reflections.java:173)
12-06-2026 11:48:37.923 [java] [ERROR] 	at org.reflections.Reflections.<init>(Reflections.java:126)
12-06-2026 11:48:37.923 [java] [ERROR] 	at com.thoughtworks.gauge.scan.ClasspathScanner.createReflections(ClasspathScanner.java:57)
12-06-2026 11:48:37.923 [java] [ERROR] 	at com.thoughtworks.gauge.scan.ClasspathScanner.scan(ClasspathScanner.java:32)
12-06-2026 11:48:37.923 [java] [ERROR] 	at com.thoughtworks.gauge.connection.MessageProcessorFactory.lambda$new$0(MessageProcessorFactory.java:49)
12-06-2026 11:48:37.923 [java] [ERROR] 	at java.base/java.util.concurrent.Executors$RunnableAdapter.call(Executors.java:545)
12-06-2026 11:48:37.923 [java] [ERROR] 	at java.base/java.util.concurrent.FutureTask.run(FutureTask.java:330)
12-06-2026 11:48:37.923 [java] [ERROR] 	at java.base/java.util.concurrent.ThreadPoolExecutor.runWorker(ThreadPoolExecutor.java:1090)
12-06-2026 11:48:37.923 [java] [ERROR] 	at java.base/java.util.concurrent.ThreadPoolExecutor$Worker.run(ThreadPoolExecutor.java:614)
12-06-2026 11:48:37.923 [java] [ERROR] 	at java.base/java.lang.Thread.run(Thread.java:1516)
12-06-2026 11:48:37.923 [java] [ERROR] [ForkJoinPool.commonPool-worker-5] WARN org.reflections.Reflections - could not create Dir using com.thoughtworks.gauge.scan.ClasspathScanner$1@440b067b from url file:/C:/Users/a.basaleh/.jdks/openjdk-26.0.1!/jdk.compiler. skipping.
12-06-2026 11:48:37.930 [java] [ERROR] java.lang.NullPointerException: Cannot invoke "java.io.File.isDirectory()" because "file" is null
12-06-2026 11:48:37.930 [java] [ERROR] 	at com.thoughtworks.gauge.scan.ClasspathScanner$1.createDir(ClasspathScanner.java:48)
12-06-2026 11:48:37.930 [java] [ERROR] 	at org.reflections.vfs.Vfs.fromURL(Vfs.java:103)
12-06-2026 11:48:37.930 [java] [ERROR] 	at org.reflections.vfs.Vfs.fromURL(Vfs.java:95)
12-06-2026 11:48:37.930 [java] [ERROR] 	at org.reflections.Reflections.lambda$scan$2(Reflections.java:176)
12-06-2026 11:48:37.930 [java] [ERROR] 	at java.base/java.util.stream.ForEachOps$ForEachOp$OfRef.accept(ForEachOps.java:186)
12-06-2026 11:48:37.930 [java] [ERROR] 	at java.base/java.util.HashMap$KeySpliterator.forEachRemaining(HashMap.java:1716)
12-06-2026 11:48:37.930 [java] [ERROR] 	at java.base/java.util.stream.AbstractPipeline.copyInto(AbstractPipeline.java:570)
12-06-2026 11:48:37.930 [java] [ERROR] 	at java.base/java.util.stream.ForEachOps$ForEachTask.compute(ForEachOps.java:293)
12-06-2026 11:48:37.930 [java] [ERROR] 	at java.base/java.util.concurrent.CountedCompleter.exec(CountedCompleter.java:759)
12-06-2026 11:48:37.930 [java] [ERROR] 	at java.base/java.util.concurrent.ForkJoinTask.doExec(ForkJoinTask.java:511)
12-06-2026 11:48:37.930 [java] [ERROR] 	at java.base/java.util.concurrent.ForkJoinPool$WorkQueue.topLevelExec(ForkJoinPool.java:1450)
12-06-2026 11:48:37.930 [java] [ERROR] 	at java.base/java.util.concurrent.ForkJoinPool.runWorker(ForkJoinPool.java:2019)
12-06-2026 11:48:37.930 [java] [ERROR] 	at java.base/java.util.concurrent.ForkJoinWorkerThread.run(ForkJoinWorkerThread.java:187)
12-06-2026 11:48:37.932 [java] [ERROR] [ForkJoinPool.commonPool-worker-5] WARN org.reflections.Reflections - could not create Vfs.Dir from url. ignoring the exception and continuing
12-06-2026 11:48:37.932 [java] [ERROR] org.reflections.ReflectionsException: could not create Vfs.Dir from url, no matching UrlType was found [file:/C:/Users/a.basaleh/.jdks/openjdk-26.0.1!/jdk.compiler]
12-06-2026 11:48:37.932 [java] [ERROR] either use fromURL(final URL url, final List<UrlType> urlTypes) or use the static setDefaultURLTypes(final List<UrlType> urlTypes) or addDefaultURLTypes(UrlType urlType) with your specialized UrlType.
12-06-2026 11:48:37.932 [java] [ERROR] 	at org.reflections.vfs.Vfs.fromURL(Vfs.java:113)
12-06-2026 11:48:37.932 [java] [ERROR] 	at org.reflections.vfs.Vfs.fromURL(Vfs.java:95)
12-06-2026 11:48:37.932 [java] [ERROR] 	at org.reflections.Reflections.lambda$scan$2(Reflections.java:176)
12-06-2026 11:48:37.932 [java] [ERROR] 	at java.base/java.util.stream.ForEachOps$ForEachOp$OfRef.accept(ForEachOps.java:186)
12-06-2026 11:48:37.932 [java] [ERROR] 	at java.base/java.util.HashMap$KeySpliterator.forEachRemaining(HashMap.java:1716)
12-06-2026 11:48:37.932 [java] [ERROR] 	at java.base/java.util.stream.AbstractPipeline.copyInto(AbstractPipeline.java:570)
12-06-2026 11:48:37.932 [java] [ERROR] 	at java.base/java.util.stream.ForEachOps$ForEachTask.compute(ForEachOps.java:293)
12-06-2026 11:48:37.932 [java] [ERROR] 	at java.base/java.util.concurrent.CountedCompleter.exec(CountedCompleter.java:759)
12-06-2026 11:48:37.932 [java] [ERROR] 	at java.base/java.util.concurrent.ForkJoinTask.doExec(ForkJoinTask.java:511)
12-06-2026 11:48:37.932 [java] [ERROR] 	at java.base/java.util.concurrent.ForkJoinPool$WorkQueue.topLevelExec(ForkJoinPool.java:1450)
12-06-2026 11:48:37.932 [java] [ERROR] 	at java.base/java.util.concurrent.ForkJoinPool.runWorker(ForkJoinPool.java:2019)
12-06-2026 11:48:37.932 [java] [ERROR] 	at java.base/java.util.concurrent.ForkJoinWorkerThread.run(ForkJoinWorkerThread.java:187)
12-06-2026 11:48:37.932 [java] [ERROR] [ForkJoinPool.commonPool-worker-5] WARN org.reflections.Reflections - could not create Dir using com.thoughtworks.gauge.scan.ClasspathScanner$1@440b067b from url file:/C:/Users/a.basaleh/.jdks/openjdk-26.0.1!/jdk.net. skipping.
12-06-2026 11:48:37.932 [java] [ERROR] java.lang.NullPointerException: Cannot invoke "java.io.File.isDirectory()" because "file" is null
12-06-2026 11:48:37.932 [java] [ERROR] 	at com.thoughtworks.gauge.scan.ClasspathScanner$1.createDir(ClasspathScanner.java:48)
12-06-2026 11:48:37.932 [java] [ERROR] 	at org.reflections.vfs.Vfs.fromURL(Vfs.java:103)
12-06-2026 11:48:37.932 [java] [ERROR] 	at org.reflections.vfs.Vfs.fromURL(Vfs.java:95)
12-06-2026 11:48:37.956 [java] [ERROR] 	at org.reflections.Reflections.lambda$scan$2(Reflections.java:176)
12-06-2026 11:48:37.994 [java] [ERROR] 	at java.base/java.util.stream.ForEachOps$ForEachOp$OfRef.accept(ForEachOps.java:186)
12-06-2026 11:48:37.997 [java] [ERROR] 	at java.base/java.util.HashMap$KeySpliterator.forEachRemaining(HashMap.java:1716)
12-06-2026 11:48:37.997 [java] [ERROR] 	at java.base/java.util.stream.AbstractPipeline.copyInto(AbstractPipeline.java:570)
12-06-2026 11:48:37.997 [java] [ERROR] 	at java.base/java.util.stream.ForEachOps$ForEachTask.compute(ForEachOps.java:293)
12-06-2026 11:48:37.997 [java] [ERROR] 	at java.base/java.util.concurrent.CountedCompleter.exec(CountedCompleter.java:759)
12-06-2026 11:48:37.997 [java] [ERROR] 	at java.base/java.util.concurrent.ForkJoinTask.doExec(ForkJoinTask.java:511)
12-06-2026 11:48:37.997 [java] [ERROR] 	at java.base/java.util.concurrent.ForkJoinPool$WorkQueue.topLevelExec(ForkJoinPool.java:1450)
12-06-2026 11:48:37.997 [java] [ERROR] 	at java.base/java.util.concurrent.ForkJoinPool.runWorker(ForkJoinPool.java:2019)
12-06-2026 11:48:37.997 [java] [ERROR] 	at java.base/java.util.concurrent.ForkJoinWorkerThread.run(ForkJoinWorkerThread.java:187)
12-06-2026 11:48:37.997 [java] [ERROR] [ForkJoinPool.commonPool-worker-5] WARN org.reflections.Reflections - could not create Vfs.Dir from url. ignoring the exception and continuing
12-06-2026 11:48:37.997 [java] [ERROR] org.reflections.ReflectionsException: could not create Vfs.Dir from url, no matching UrlType was found [file:/C:/Users/a.basaleh/.jdks/openjdk-26.0.1!/jdk.net]
12-06-2026 11:48:37.997 [java] [ERROR] either use fromURL(final URL url, final List<UrlType> urlTypes) or use the static setDefaultURLTypes(final List<UrlType> urlTypes) or addDefaultURLTypes(UrlType urlType) with your specialized UrlType.
12-06-2026 11:48:37.997 [java] [ERROR] 	at org.reflections.vfs.Vfs.fromURL(Vfs.java:113)
12-06-2026 11:48:37.997 [java] [ERROR] 	at org.reflections.vfs.Vfs.fromURL(Vfs.java:95)
12-06-2026 11:48:37.997 [java] [ERROR] 	at org.reflections.Reflections.lambda$scan$2(Reflections.java:176)
12-06-2026 11:48:37.997 [java] [ERROR] 	at java.base/java.util.stream.ForEachOps$ForEachOp$OfRef.accept(ForEachOps.java:186)
12-06-2026 11:48:37.997 [java] [ERROR] 	at java.base/java.util.HashMap$KeySpliterator.forEachRemaining(HashMap.java:1716)
12-06-2026 11:48:37.997 [java] [ERROR] 	at java.base/java.util.stream.AbstractPipeline.copyInto(AbstractPipeline.java:570)
12-06-2026 11:48:37.997 [java] [ERROR] 	at java.base/java.util.stream.ForEachOps$ForEachTask.compute(ForEachOps.java:293)
12-06-2026 11:48:37.997 [java] [ERROR] 	at java.base/java.util.concurrent.CountedCompleter.exec(CountedCompleter.java:759)
12-06-2026 11:48:37.997 [java] [ERROR] 	at java.base/java.util.concurrent.ForkJoinTask.doExec(ForkJoinTask.java:511)
12-06-2026 11:48:37.997 [java] [ERROR] 	at java.base/java.util.concurrent.ForkJoinPool$WorkQueue.topLevelExec(ForkJoinPool.java:1450)
12-06-2026 11:48:37.997 [java] [ERROR] 	at java.base/java.util.concurrent.ForkJoinPool.runWorker(ForkJoinPool.java:2019)
12-06-2026 11:48:37.997 [java] [ERROR] 	at java.base/java.util.concurrent.ForkJoinWorkerThread.run(ForkJoinWorkerThread.java:187)
12-06-2026 11:48:37.997 [java] [ERROR] [pool-1-thread-1] WARN org.reflections.Reflections - could not create Vfs.Dir from url. ignoring the exception and continuing
12-06-2026 11:48:37.997 [java] [ERROR] org.reflections.ReflectionsException: Could not open url connection
12-06-2026 11:48:37.997 [java] [ERROR] 	at org.reflections.vfs.JarInputDir$1.<init>(JarInputDir.java:31)
12-06-2026 11:48:37.997 [java] [ERROR] 	at org.reflections.vfs.JarInputDir.lambda$getFiles$0(JarInputDir.java:28)
12-06-2026 11:48:37.997 [java] [ERROR] 	at org.reflections.Reflections.lambda$scan$2(Reflections.java:177)
12-06-2026 11:48:37.997 [java] [ERROR] 	at java.base/java.util.stream.ForEachOps$ForEachOp$OfRef.accept(ForEachOps.java:186)
12-06-2026 11:48:37.997 [java] [ERROR] 	at java.base/java.util.HashMap$KeySpliterator.forEachRemaining(HashMap.java:1716)
12-06-2026 11:48:37.997 [java] [ERROR] 	at java.base/java.util.stream.AbstractPipeline.copyInto(AbstractPipeline.java:570)
12-06-2026 11:48:37.997 [java] [ERROR] 	at java.base/java.util.stream.ForEachOps$ForEachTask.compute(ForEachOps.java:293)
12-06-2026 11:48:37.997 [java] [ERROR] 	at java.base/java.util.concurrent.CountedCompleter.exec(CountedCompleter.java:759)
12-06-2026 11:48:37.997 [java] [ERROR] 	at java.base/java.util.concurrent.ForkJoinTask.doExec(ForkJoinTask.java:511)
12-06-2026 11:48:37.998 [java] [ERROR] 	at java.base/java.util.concurrent.ForkJoinPool$WorkQueue.helpComplete(ForkJoinPool.java:1537)
12-06-2026 11:48:37.998 [java] [ERROR] 	at java.base/java.util.concurrent.ForkJoinPool.helpComplete(ForkJoinPool.java:2332)
12-06-2026 11:48:37.998 [java] [ERROR] 	at java.base/java.util.concurrent.ForkJoinTask.awaitDone(ForkJoinTask.java:497)
12-06-2026 11:48:37.998 [java] [ERROR] 	at java.base/java.util.concurrent.ForkJoinTask.join(ForkJoinTask.java:669)
12-06-2026 11:48:37.998 [java] [ERROR] 	at java.base/java.util.concurrent.ForkJoinTask.invoke(ForkJoinTask.java:684)
12-06-2026 11:48:37.998 [java] [ERROR] 	at java.base/java.util.stream.ForEachOps$ForEachOp.evaluateParallel(ForEachOps.java:162)
12-06-2026 11:48:37.998 [java] [ERROR] 	at java.base/java.util.stream.ForEachOps$ForEachOp$OfRef.evaluateParallel(ForEachOps.java:176)
12-06-2026 11:48:37.998 [java] [ERROR] 	at java.base/java.util.stream.AbstractPipeline.evaluate(AbstractPipeline.java:264)
12-06-2026 11:48:37.998 [java] [ERROR] 	at java.base/java.util.stream.ReferencePipeline.forEach(ReferencePipeline.java:632)
12-06-2026 11:48:37.998 [java] [ERROR] 	at java.base/java.util.stream.ReferencePipeline$Head.forEach(ReferencePipeline.java:806)
12-06-2026 11:48:37.998 [java] [ERROR] 	at org.reflections.Reflections.scan(Reflections.java:173)
12-06-2026 11:48:37.998 [java] [ERROR] 	at org.reflections.Reflections.<init>(Reflections.java:126)
12-06-2026 11:48:37.998 [java] [ERROR] 	at com.thoughtworks.gauge.scan.ClasspathScanner.createReflections(ClasspathScanner.java:57)
12-06-2026 11:48:37.998 [java] [ERROR] 	at com.thoughtworks.gauge.scan.ClasspathScanner.scan(ClasspathScanner.java:32)
12-06-2026 11:48:37.998 [java] [ERROR] 	at com.thoughtworks.gauge.connection.MessageProcessorFactory.lambda$new$0(MessageProcessorFactory.java:49)
12-06-2026 11:48:37.998 [java] [ERROR] 	at java.base/java.util.concurrent.Executors$RunnableAdapter.call(Executors.java:545)
12-06-2026 11:48:37.998 [java] [ERROR] 	at java.base/java.util.concurrent.FutureTask.run(FutureTask.java:330)
12-06-2026 11:48:37.998 [java] [ERROR] 	at java.base/java.util.concurrent.ThreadPoolExecutor.runWorker(ThreadPoolExecutor.java:1090)
12-06-2026 11:48:37.998 [java] [ERROR] 	at java.base/java.util.concurrent.ThreadPoolExecutor$Worker.run(ThreadPoolExecutor.java:614)
12-06-2026 11:48:37.998 [java] [ERROR] 	at java.base/java.lang.Thread.run(Thread.java:1516)
12-06-2026 11:48:37.998 [java] [ERROR] Caused by: java.io.FileNotFoundException: C:\Users\a.basaleh\.jdks\openjdk-26.0.1!\jdk.jartool (Sistem belirtilen yolu bulam�yor)
12-06-2026 11:48:37.998 [java] [ERROR] 	at java.base/java.io.FileInputStream.open0(Native Method)
12-06-2026 11:48:37.998 [java] [ERROR] 	at java.base/java.io.FileInputStream.open(FileInputStream.java:185)
12-06-2026 11:48:37.998 [java] [ERROR] 	at java.base/java.io.FileInputStream.<init>(FileInputStream.java:139)
12-06-2026 11:48:37.998 [java] [ERROR] 	at java.base/java.io.FileInputStream.<init>(FileInputStream.java:109)
12-06-2026 11:48:37.998 [java] [ERROR] 	at java.base/sun.net.www.protocol.file.FileURLConnection.connect(FileURLConnection.java:126)
12-06-2026 11:48:37.998 [java] [ERROR] 	at java.base/sun.net.www.protocol.file.FileURLConnection.getInputStream(FileURLConnection.java:231)
12-06-2026 11:48:37.998 [java] [ERROR] 	at org.reflections.vfs.JarInputDir$1.<init>(JarInputDir.java:30)
12-06-2026 11:48:37.998 [java] [ERROR] 	... 28 more
12-06-2026 11:48:37.998 [java] [ERROR] [ForkJoinPool.commonPool-worker-9] WARN org.reflections.Reflections - could not create Dir using com.thoughtworks.gauge.scan.ClasspathScanner$1@440b067b from url file:/C:/Users/a.basaleh/.jdks/openjdk-26.0.1!/java.compiler. skipping.
12-06-2026 11:48:37.998 [java] [ERROR] java.lang.NullPointerException: Cannot invoke "java.io.File.isDirectory()" because "file" is null
12-06-2026 11:48:37.998 [java] [ERROR] 	at com.thoughtworks.gauge.scan.ClasspathScanner$1.createDir(ClasspathScanner.java:48)
12-06-2026 11:48:37.998 [java] [ERROR] 	at org.reflections.vfs.Vfs.fromURL(Vfs.java:103)
12-06-2026 11:48:37.998 [java] [ERROR] 	at org.reflections.vfs.Vfs.fromURL(Vfs.java:95)
12-06-2026 11:48:37.998 [java] [ERROR] 	at org.reflections.Reflections.lambda$scan$2(Reflections.java:176)
12-06-2026 11:48:37.998 [java] [ERROR] 	at java.base/java.util.stream.ForEachOps$ForEachOp$OfRef.accept(ForEachOps.java:186)
12-06-2026 11:48:37.998 [java] [ERROR] 	at java.base/java.util.HashMap$KeySpliterator.forEachRemaining(HashMap.java:1716)
12-06-2026 11:48:37.998 [java] [ERROR] 	at java.base/java.util.stream.AbstractPipeline.copyInto(AbstractPipeline.java:570)
12-06-2026 11:48:37.998 [java] [ERROR] 	at java.base/java.util.stream.ForEachOps$ForEachTask.compute(ForEachOps.java:293)
12-06-2026 11:48:37.998 [java] [ERROR] 	at java.base/java.util.concurrent.CountedCompleter.exec(CountedCompleter.java:759)
12-06-2026 11:48:37.998 [java] [ERROR] 	at java.base/java.util.concurrent.ForkJoinTask.doExec(ForkJoinTask.java:511)
12-06-2026 11:48:37.998 [java] [ERROR] 	at java.base/java.util.concurrent.ForkJoinPool$WorkQueue.topLevelExec(ForkJoinPool.java:1450)
12-06-2026 11:48:37.998 [java] [ERROR] 	at java.base/java.util.concurrent.ForkJoinPool.runWorker(ForkJoinPool.java:2019)
12-06-2026 11:48:37.998 [java] [ERROR] 	at java.base/java.util.concurrent.ForkJoinWorkerThread.run(ForkJoinWorkerThread.java:187)
12-06-2026 11:48:37.998 [java] [ERROR] [ForkJoinPool.commonPool-worker-9] WARN org.reflections.Reflections - could not create Vfs.Dir from url. ignoring the exception and continuing
12-06-2026 11:48:37.998 [java] [ERROR] org.reflections.ReflectionsException: could not create Vfs.Dir from url, no matching UrlType was found [file:/C:/Users/a.basaleh/.jdks/openjdk-26.0.1!/java.compiler]
12-06-2026 11:48:37.999 [java] [ERROR] either use fromURL(final URL url, final List<UrlType> urlTypes) or use the static setDefaultURLTypes(final List<UrlType> urlTypes) or addDefaultURLTypes(UrlType urlType) with your specialized UrlType.
12-06-2026 11:48:37.999 [java] [ERROR] 	at org.reflections.vfs.Vfs.fromURL(Vfs.java:113)
12-06-2026 11:48:37.999 [java] [ERROR] 	at org.reflections.vfs.Vfs.fromURL(Vfs.java:95)
12-06-2026 11:48:37.999 [java] [ERROR] 	at org.reflections.Reflections.lambda$scan$2(Reflections.java:176)
12-06-2026 11:48:37.999 [java] [ERROR] 	at java.base/java.util.stream.ForEachOps$ForEachOp$OfRef.accept(ForEachOps.java:186)
12-06-2026 11:48:37.999 [java] [ERROR] 	at java.base/java.util.HashMap$KeySpliterator.forEachRemaining(HashMap.java:1716)
12-06-2026 11:48:37.999 [java] [ERROR] 	at java.base/java.util.stream.AbstractPipeline.copyInto(AbstractPipeline.java:570)
12-06-2026 11:48:37.999 [java] [ERROR] 	at java.base/java.util.stream.ForEachOps$ForEachTask.compute(ForEachOps.java:293)
12-06-2026 11:48:37.999 [java] [ERROR] 	at java.base/java.util.concurrent.CountedCompleter.exec(CountedCompleter.java:759)
12-06-2026 11:48:37.999 [java] [ERROR] 	at java.base/java.util.concurrent.ForkJoinTask.doExec(ForkJoinTask.java:511)
12-06-2026 11:48:37.999 [java] [ERROR] 	at java.base/java.util.concurrent.ForkJoinPool$WorkQueue.topLevelExec(ForkJoinPool.java:1450)
12-06-2026 11:48:37.999 [java] [ERROR] 	at java.base/java.util.concurrent.ForkJoinPool.runWorker(ForkJoinPool.java:2019)
12-06-2026 11:48:37.999 [java] [ERROR] 	at java.base/java.util.concurrent.ForkJoinWorkerThread.run(ForkJoinWorkerThread.java:187)
12-06-2026 11:48:37.999 [java] [ERROR] [ForkJoinPool.commonPool-worker-4] WARN org.reflections.Reflections - could not create Dir using com.thoughtworks.gauge.scan.ClasspathScanner$1@440b067b from url file:/C:/Users/a.basaleh/.jdks/openjdk-26.0.1!/jdk.jdeps. skipping.
12-06-2026 11:48:37.999 [java] [ERROR] java.lang.NullPointerException: Cannot invoke "java.io.File.isDirectory()" because "file" is null
12-06-2026 11:48:37.999 [java] [ERROR] 	at com.thoughtworks.gauge.scan.ClasspathScanner$1.createDir(ClasspathScanner.java:48)
12-06-2026 11:48:37.999 [java] [ERROR] 	at org.reflections.vfs.Vfs.fromURL(Vfs.java:103)
12-06-2026 11:48:37.999 [java] [ERROR] 	at org.reflections.vfs.Vfs.fromURL(Vfs.java:95)
12-06-2026 11:48:37.999 [java] [ERROR] 	at org.reflections.Reflections.lambda$scan$2(Reflections.java:176)
12-06-2026 11:48:37.999 [java] [ERROR] 	at java.base/java.util.stream.ForEachOps$ForEachOp$OfRef.accept(ForEachOps.java:186)
12-06-2026 11:48:37.999 [java] [ERROR] 	at java.base/java.util.HashMap$KeySpliterator.forEachRemaining(HashMap.java:1716)
12-06-2026 11:48:37.999 [java] [ERROR] 	at java.base/java.util.stream.AbstractPipeline.copyInto(AbstractPipeline.java:570)
12-06-2026 11:48:37.999 [java] [ERROR] 	at java.base/java.util.stream.ForEachOps$ForEachTask.compute(ForEachOps.java:293)
12-06-2026 11:48:37.999 [java] [ERROR] 	at java.base/java.util.concurrent.CountedCompleter.exec(CountedCompleter.java:759)
12-06-2026 11:48:37.999 [java] [ERROR] 	at java.base/java.util.concurrent.ForkJoinTask.doExec(ForkJoinTask.java:511)
12-06-2026 11:48:37.999 [java] [ERROR] 	at java.base/java.util.concurrent.ForkJoinPool$WorkQueue.topLevelExec(ForkJoinPool.java:1450)
12-06-2026 11:48:37.999 [java] [ERROR] 	at java.base/java.util.concurrent.ForkJoinPool.runWorker(ForkJoinPool.java:2019)
12-06-2026 11:48:38.030 [java] [ERROR] 	at java.base/java.util.concurrent.ForkJoinWorkerThread.run(ForkJoinWorkerThread.java:187)
12-06-2026 11:48:38.035 [java] [ERROR] [ForkJoinPool.commonPool-worker-4] WARN org.reflections.Reflections - could not create Vfs.Dir from url. ignoring the exception and continuing
12-06-2026 11:48:38.035 [java] [ERROR] org.reflections.ReflectionsException: could not create Vfs.Dir from url, no matching UrlType was found [file:/C:/Users/a.basaleh/.jdks/openjdk-26.0.1!/jdk.jdeps]
12-06-2026 11:48:38.035 [java] [ERROR] either use fromURL(final URL url, final List<UrlType> urlTypes) or use the static setDefaultURLTypes(final List<UrlType> urlTypes) or addDefaultURLTypes(UrlType urlType) with your specialized UrlType.
12-06-2026 11:48:38.035 [java] [ERROR] 	at org.reflections.vfs.Vfs.fromURL(Vfs.java:113)
12-06-2026 11:48:38.035 [java] [ERROR] 	at org.reflections.vfs.Vfs.fromURL(Vfs.java:95)
12-06-2026 11:48:38.035 [java] [ERROR] 	at org.reflections.Reflections.lambda$scan$2(Reflections.java:176)
12-06-2026 11:48:38.035 [java] [ERROR] 	at java.base/java.util.stream.ForEachOps$ForEachOp$OfRef.accept(ForEachOps.java:186)
12-06-2026 11:48:38.037 [java] [ERROR] 	at java.base/java.util.HashMap$KeySpliterator.forEachRemaining(HashMap.java:1716)
12-06-2026 11:48:38.037 [java] [ERROR] 	at java.base/java.util.stream.AbstractPipeline.copyInto(AbstractPipeline.java:570)
12-06-2026 11:48:38.037 [java] [ERROR] 	at java.base/java.util.stream.ForEachOps$ForEachTask.compute(ForEachOps.java:293)
12-06-2026 11:48:38.037 [java] [ERROR] 	at java.base/java.util.concurrent.CountedCompleter.exec(CountedCompleter.java:759)
12-06-2026 11:48:38.037 [java] [ERROR] 	at java.base/java.util.concurrent.ForkJoinTask.doExec(ForkJoinTask.java:511)
12-06-2026 11:48:38.037 [java] [ERROR] 	at java.base/java.util.concurrent.ForkJoinPool$WorkQueue.topLevelExec(ForkJoinPool.java:1450)
12-06-2026 11:48:38.037 [java] [ERROR] 	at java.base/java.util.concurrent.ForkJoinPool.runWorker(ForkJoinPool.java:2019)
12-06-2026 11:48:38.037 [java] [ERROR] 	at java.base/java.util.concurrent.ForkJoinWorkerThread.run(ForkJoinWorkerThread.java:187)
12-06-2026 11:48:38.037 [java] [ERROR] [pool-1-thread-1] WARN org.reflections.Reflections - could not create Dir using com.thoughtworks.gauge.scan.ClasspathScanner$1@440b067b from url file:/C:/Users/a.basaleh/.jdks/openjdk-26.0.1!/jdk.unsupported.desktop. skipping.
12-06-2026 11:48:38.037 [java] [ERROR] java.lang.NullPointerException: Cannot invoke "java.io.File.isDirectory()" because "file" is null
12-06-2026 11:48:38.037 [java] [ERROR] 	at com.thoughtworks.gauge.scan.ClasspathScanner$1.createDir(ClasspathScanner.java:48)
12-06-2026 11:48:38.037 [java] [ERROR] 	at org.reflections.vfs.Vfs.fromURL(Vfs.java:103)
12-06-2026 11:48:38.037 [java] [ERROR] 	at org.reflections.vfs.Vfs.fromURL(Vfs.java:95)
12-06-2026 11:48:38.037 [java] [ERROR] 	at org.reflections.Reflections.lambda$scan$2(Reflections.java:176)
12-06-2026 11:48:38.037 [java] [ERROR] 	at java.base/java.util.stream.ForEachOps$ForEachOp$OfRef.accept(ForEachOps.java:186)
12-06-2026 11:48:38.037 [java] [ERROR] 	at java.base/java.util.HashMap$KeySpliterator.forEachRemaining(HashMap.java:1716)
12-06-2026 11:48:38.037 [java] [ERROR] 	at java.base/java.util.stream.AbstractPipeline.copyInto(AbstractPipeline.java:570)
12-06-2026 11:48:38.037 [java] [ERROR] 	at java.base/java.util.stream.ForEachOps$ForEachTask.compute(ForEachOps.java:293)
12-06-2026 11:48:38.037 [java] [ERROR] 	at java.base/java.util.concurrent.CountedCompleter.exec(CountedCompleter.java:759)
12-06-2026 11:48:38.037 [java] [ERROR] 	at java.base/java.util.concurrent.ForkJoinTask.doExec(ForkJoinTask.java:511)
12-06-2026 11:48:38.037 [java] [ERROR] 	at java.base/java.util.concurrent.ForkJoinPool$WorkQueue.helpComplete(ForkJoinPool.java:1537)
12-06-2026 11:48:38.037 [java] [ERROR] 	at java.base/java.util.concurrent.ForkJoinPool.helpComplete(ForkJoinPool.java:2332)
12-06-2026 11:48:38.037 [java] [ERROR] 	at java.base/java.util.concurrent.ForkJoinTask.awaitDone(ForkJoinTask.java:497)
12-06-2026 11:48:38.037 [java] [ERROR] 	at java.base/java.util.concurrent.ForkJoinTask.join(ForkJoinTask.java:669)
12-06-2026 11:48:38.037 [java] [ERROR] 	at java.base/java.util.concurrent.ForkJoinTask.invoke(ForkJoinTask.java:684)
12-06-2026 11:48:38.037 [java] [ERROR] 	at java.base/java.util.stream.ForEachOps$ForEachOp.evaluateParallel(ForEachOps.java:162)
12-06-2026 11:48:38.037 [java] [ERROR] 	at java.base/java.util.stream.ForEachOps$ForEachOp$OfRef.evaluateParallel(ForEachOps.java:176)
12-06-2026 11:48:38.039 [java] [ERROR] 	at java.base/java.util.stream.AbstractPipeline.evaluate(AbstractPipeline.java:264)
12-06-2026 11:48:38.039 [java] [ERROR] 	at java.base/java.util.stream.ReferencePipeline.forEach(ReferencePipeline.java:632)
12-06-2026 11:48:38.039 [java] [ERROR] 	at java.base/java.util.stream.ReferencePipeline$Head.forEach(ReferencePipeline.java:806)
12-06-2026 11:48:38.039 [java] [ERROR] 	at org.reflections.Reflections.scan(Reflections.java:173)
12-06-2026 11:48:38.039 [java] [ERROR] 	at org.reflections.Reflections.<init>(Reflections.java:126)
12-06-2026 11:48:38.039 [java] [ERROR] 	at com.thoughtworks.gauge.scan.ClasspathScanner.createReflections(ClasspathScanner.java:57)
12-06-2026 11:48:38.039 [java] [ERROR] 	at com.thoughtworks.gauge.scan.ClasspathScanner.scan(ClasspathScanner.java:32)
12-06-2026 11:48:38.039 [java] [ERROR] 	at com.thoughtworks.gauge.connection.MessageProcessorFactory.lambda$new$0(MessageProcessorFactory.java:49)
12-06-2026 11:48:38.039 [java] [ERROR] 	at java.base/java.util.concurrent.Executors$RunnableAdapter.call(Executors.java:545)
12-06-2026 11:48:38.039 [java] [ERROR] 	at java.base/java.util.concurrent.FutureTask.run(FutureTask.java:330)
12-06-2026 11:48:38.039 [java] [ERROR] 	at java.base/java.util.concurrent.ThreadPoolExecutor.runWorker(ThreadPoolExecutor.java:1090)
12-06-2026 11:48:38.039 [java] [ERROR] 	at java.base/java.util.concurrent.ThreadPoolExecutor$Worker.run(ThreadPoolExecutor.java:614)
12-06-2026 11:48:38.056 [java] [ERROR] 	at java.base/java.lang.Thread.run(Thread.java:1516)
12-06-2026 11:48:38.056 [java] [ERROR] [pool-1-thread-1] WARN org.reflections.Reflections - could not create Vfs.Dir from url. ignoring the exception and continuing
12-06-2026 11:48:38.056 [java] [ERROR] org.reflections.ReflectionsException: could not create Vfs.Dir from url, no matching UrlType was found [file:/C:/Users/a.basaleh/.jdks/openjdk-26.0.1!/jdk.unsupported.desktop]
12-06-2026 11:48:38.056 [java] [ERROR] either use fromURL(final URL url, final List<UrlType> urlTypes) or use the static setDefaultURLTypes(final List<UrlType> urlTypes) or addDefaultURLTypes(UrlType urlType) with your specialized UrlType.
12-06-2026 11:48:38.056 [java] [ERROR] 	at org.reflections.vfs.Vfs.fromURL(Vfs.java:113)
12-06-2026 11:48:38.056 [java] [ERROR] 	at org.reflections.vfs.Vfs.fromURL(Vfs.java:95)
12-06-2026 11:48:38.056 [java] [ERROR] 	at org.reflections.Reflections.lambda$scan$2(Reflections.java:176)
12-06-2026 11:48:38.056 [java] [ERROR] 	at java.base/java.util.stream.ForEachOps$ForEachOp$OfRef.accept(ForEachOps.java:186)
12-06-2026 11:48:38.056 [java] [ERROR] 	at java.base/java.util.HashMap$KeySpliterator.forEachRemaining(HashMap.java:1716)
12-06-2026 11:48:38.056 [java] [ERROR] 	at java.base/java.util.stream.AbstractPipeline.copyInto(AbstractPipeline.java:570)
12-06-2026 11:48:38.056 [java] [ERROR] 	at java.base/java.util.stream.ForEachOps$ForEachTask.compute(ForEachOps.java:293)
12-06-2026 11:48:38.056 [java] [ERROR] 	at java.base/java.util.concurrent.CountedCompleter.exec(CountedCompleter.java:759)
12-06-2026 11:48:38.056 [java] [ERROR] 	at java.base/java.util.concurrent.ForkJoinTask.doExec(ForkJoinTask.java:511)
12-06-2026 11:48:38.056 [java] [ERROR] 	at java.base/java.util.concurrent.ForkJoinPool$WorkQueue.helpComplete(ForkJoinPool.java:1537)
12-06-2026 11:48:38.056 [java] [ERROR] 	at java.base/java.util.concurrent.ForkJoinPool.helpComplete(ForkJoinPool.java:2332)
12-06-2026 11:48:38.056 [java] [ERROR] 	at java.base/java.util.concurrent.ForkJoinTask.awaitDone(ForkJoinTask.java:497)
12-06-2026 11:48:38.056 [java] [ERROR] 	at java.base/java.util.concurrent.ForkJoinTask.join(ForkJoinTask.java:669)
12-06-2026 11:48:38.056 [java] [ERROR] 	at java.base/java.util.concurrent.ForkJoinTask.invoke(ForkJoinTask.java:684)
12-06-2026 11:48:38.056 [java] [ERROR] 	at java.base/java.util.stream.ForEachOps$ForEachOp.evaluateParallel(ForEachOps.java:162)
12-06-2026 11:48:38.056 [java] [ERROR] 	at java.base/java.util.stream.ForEachOps$ForEachOp$OfRef.evaluateParallel(ForEachOps.java:176)
12-06-2026 11:48:38.056 [java] [ERROR] 	at java.base/java.util.stream.AbstractPipeline.evaluate(AbstractPipeline.java:264)
12-06-2026 11:48:38.056 [java] [ERROR] 	at java.base/java.util.stream.ReferencePipeline.forEach(ReferencePipeline.java:632)
12-06-2026 11:48:38.056 [java] [ERROR] 	at java.base/java.util.stream.ReferencePipeline$Head.forEach(ReferencePipeline.java:806)
12-06-2026 11:48:38.056 [java] [ERROR] 	at org.reflections.Reflections.scan(Reflections.java:173)
12-06-2026 11:48:38.056 [java] [ERROR] 	at org.reflections.Reflections.<init>(Reflections.java:126)
12-06-2026 11:48:38.056 [java] [ERROR] 	at com.thoughtworks.gauge.scan.ClasspathScanner.createReflections(ClasspathScanner.java:57)
12-06-2026 11:48:38.056 [java] [ERROR] 	at com.thoughtworks.gauge.scan.ClasspathScanner.scan(ClasspathScanner.java:32)
12-06-2026 11:48:38.057 [java] [ERROR] 	at com.thoughtworks.gauge.connection.MessageProcessorFactory.lambda$new$0(MessageProcessorFactory.java:49)
12-06-2026 11:48:38.057 [java] [ERROR] 	at java.base/java.util.concurrent.Executors$RunnableAdapter.call(Executors.java:545)
12-06-2026 11:48:38.057 [java] [ERROR] 	at java.base/java.util.concurrent.FutureTask.run(FutureTask.java:330)
12-06-2026 11:48:38.057 [java] [ERROR] 	at java.base/java.util.concurrent.ThreadPoolExecutor.runWorker(ThreadPoolExecutor.java:1090)
12-06-2026 11:48:38.057 [java] [ERROR] 	at java.base/java.util.concurrent.ThreadPoolExecutor$Worker.run(ThreadPoolExecutor.java:614)
12-06-2026 11:48:38.057 [java] [ERROR] 	at java.base/java.lang.Thread.run(Thread.java:1516)
12-06-2026 11:48:38.057 [java] [ERROR] [pool-1-thread-1] WARN org.reflections.Reflections - could not create Dir using com.thoughtworks.gauge.scan.ClasspathScanner$1@440b067b from url file:/C:/Users/a.basaleh/.jdks/openjdk-26.0.1!/java.security.jgss. skipping.
12-06-2026 11:48:38.069 [java] [ERROR] java.lang.NullPointerException: Cannot invoke "java.io.File.isDirectory()" because "file" is null
12-06-2026 11:48:38.069 [java] [ERROR] 	at com.thoughtworks.gauge.scan.ClasspathScanner$1.createDir(ClasspathScanner.java:48)
12-06-2026 11:48:38.069 [java] [ERROR] 	at org.reflections.vfs.Vfs.fromURL(Vfs.java:103)
12-06-2026 11:48:38.069 [java] [ERROR] 	at org.reflections.vfs.Vfs.fromURL(Vfs.java:95)
12-06-2026 11:48:38.069 [java] [ERROR] 	at org.reflections.Reflections.lambda$scan$2(Reflections.java:176)
12-06-2026 11:48:38.069 [java] [ERROR] 	at java.base/java.util.stream.ForEachOps$ForEachOp$OfRef.accept(ForEachOps.java:186)
12-06-2026 11:48:38.069 [java] [ERROR] 	at java.base/java.util.HashMap$KeySpliterator.forEachRemaining(HashMap.java:1716)
12-06-2026 11:48:38.069 [java] [ERROR] 	at java.base/java.util.stream.AbstractPipeline.copyInto(AbstractPipeline.java:570)
12-06-2026 11:48:38.069 [java] [ERROR] 	at java.base/java.util.stream.ForEachOps$ForEachTask.compute(ForEachOps.java:293)
12-06-2026 11:48:38.069 [java] [ERROR] 	at java.base/java.util.concurrent.CountedCompleter.exec(CountedCompleter.java:759)
12-06-2026 11:48:38.069 [java] [ERROR] 	at java.base/java.util.concurrent.ForkJoinTask.doExec(ForkJoinTask.java:511)
12-06-2026 11:48:38.069 [java] [ERROR] 	at java.base/java.util.concurrent.ForkJoinPool$WorkQueue.helpComplete(ForkJoinPool.java:1537)
12-06-2026 11:48:38.069 [java] [ERROR] 	at java.base/java.util.concurrent.ForkJoinPool.helpComplete(ForkJoinPool.java:2332)
12-06-2026 11:48:38.069 [java] [ERROR] 	at java.base/java.util.concurrent.ForkJoinTask.awaitDone(ForkJoinTask.java:497)
12-06-2026 11:48:38.069 [java] [ERROR] 	at java.base/java.util.concurrent.ForkJoinTask.join(ForkJoinTask.java:669)
12-06-2026 11:48:38.069 [java] [ERROR] 	at java.base/java.util.concurrent.ForkJoinTask.invoke(ForkJoinTask.java:684)
12-06-2026 11:48:38.069 [java] [ERROR] 	at java.base/java.util.stream.ForEachOps$ForEachOp.evaluateParallel(ForEachOps.java:162)
12-06-2026 11:48:38.069 [java] [ERROR] 	at java.base/java.util.stream.ForEachOps$ForEachOp$OfRef.evaluateParallel(ForEachOps.java:176)
12-06-2026 11:48:38.069 [java] [ERROR] 	at java.base/java.util.stream.AbstractPipeline.evaluate(AbstractPipeline.java:264)
12-06-2026 11:48:38.069 [java] [ERROR] 	at java.base/java.util.stream.ReferencePipeline.forEach(ReferencePipeline.java:632)
12-06-2026 11:48:38.069 [java] [ERROR] 	at java.base/java.util.stream.ReferencePipeline$Head.forEach(ReferencePipeline.java:806)
12-06-2026 11:48:38.069 [java] [ERROR] 	at org.reflections.Reflections.scan(Reflections.java:173)
12-06-2026 11:48:38.069 [java] [ERROR] 	at org.reflections.Reflections.<init>(Reflections.java:126)
12-06-2026 11:48:38.069 [java] [ERROR] 	at com.thoughtworks.gauge.scan.ClasspathScanner.createReflections(ClasspathScanner.java:57)
12-06-2026 11:48:38.069 [java] [ERROR] 	at com.thoughtworks.gauge.scan.ClasspathScanner.scan(ClasspathScanner.java:32)
12-06-2026 11:48:38.069 [java] [ERROR] 	at com.thoughtworks.gauge.connection.MessageProcessorFactory.lambda$new$0(MessageProcessorFactory.java:49)
12-06-2026 11:48:38.069 [java] [ERROR] 	at java.base/java.util.concurrent.Executors$RunnableAdapter.call(Executors.java:545)
12-06-2026 11:48:38.069 [java] [ERROR] 	at java.base/java.util.concurrent.FutureTask.run(FutureTask.java:330)
12-06-2026 11:48:38.069 [java] [ERROR] 	at java.base/java.util.concurrent.ThreadPoolExecutor.runWorker(ThreadPoolExecutor.java:1090)
12-06-2026 11:48:38.069 [java] [ERROR] 	at java.base/java.util.concurrent.ThreadPoolExecutor$Worker.run(ThreadPoolExecutor.java:614)
12-06-2026 11:48:38.069 [java] [ERROR] 	at java.base/java.lang.Thread.run(Thread.java:1516)
12-06-2026 11:48:38.069 [java] [ERROR] [pool-1-thread-1] WARN org.reflections.Reflections - could not create Vfs.Dir from url. ignoring the exception and continuing
12-06-2026 11:48:38.069 [java] [ERROR] org.reflections.ReflectionsException: could not create Vfs.Dir from url, no matching UrlType was found [file:/C:/Users/a.basaleh/.jdks/openjdk-26.0.1!/java.security.jgss]
12-06-2026 11:48:38.069 [java] [ERROR] either use fromURL(final URL url, final List<UrlType> urlTypes) or use the static setDefaultURLTypes(final List<UrlType> urlTypes) or addDefaultURLTypes(UrlType urlType) with your specialized UrlType.
12-06-2026 11:48:38.069 [java] [ERROR] 	at org.reflections.vfs.Vfs.fromURL(Vfs.java:113)
12-06-2026 11:48:38.069 [java] [ERROR] 	at org.reflections.vfs.Vfs.fromURL(Vfs.java:95)
12-06-2026 11:48:38.069 [java] [ERROR] 	at org.reflections.Reflections.lambda$scan$2(Reflections.java:176)
12-06-2026 11:48:38.072 [java] [ERROR] 	at java.base/java.util.stream.ForEachOps$ForEachOp$OfRef.accept(ForEachOps.java:186)
12-06-2026 11:48:38.072 [java] [ERROR] 	at java.base/java.util.HashMap$KeySpliterator.forEachRemaining(HashMap.java:1716)
12-06-2026 11:48:38.072 [java] [ERROR] 	at java.base/java.util.stream.AbstractPipeline.copyInto(AbstractPipeline.java:570)
12-06-2026 11:48:38.072 [java] [ERROR] 	at java.base/java.util.stream.ForEachOps$ForEachTask.compute(ForEachOps.java:293)
12-06-2026 11:48:38.072 [java] [ERROR] 	at java.base/java.util.concurrent.CountedCompleter.exec(CountedCompleter.java:759)
12-06-2026 11:48:38.072 [java] [ERROR] 	at java.base/java.util.concurrent.ForkJoinTask.doExec(ForkJoinTask.java:511)
12-06-2026 11:48:38.072 [java] [ERROR] 	at java.base/java.util.concurrent.ForkJoinPool$WorkQueue.helpComplete(ForkJoinPool.java:1537)
12-06-2026 11:48:38.073 [java] [ERROR] 	at java.base/java.util.concurrent.ForkJoinPool.helpComplete(ForkJoinPool.java:2332)
12-06-2026 11:48:38.073 [java] [ERROR] 	at java.base/java.util.concurrent.ForkJoinTask.awaitDone(ForkJoinTask.java:497)
12-06-2026 11:48:38.073 [java] [ERROR] 	at java.base/java.util.concurrent.ForkJoinTask.join(ForkJoinTask.java:669)
12-06-2026 11:48:38.073 [java] [ERROR] 	at java.base/java.util.concurrent.ForkJoinTask.invoke(ForkJoinTask.java:684)
12-06-2026 11:48:38.073 [java] [ERROR] 	at java.base/java.util.stream.ForEachOps$ForEachOp.evaluateParallel(ForEachOps.java:162)
12-06-2026 11:48:38.073 [java] [ERROR] 	at java.base/java.util.stream.ForEachOps$ForEachOp$OfRef.evaluateParallel(ForEachOps.java:176)
12-06-2026 11:48:38.073 [java] [ERROR] 	at java.base/java.util.stream.AbstractPipeline.evaluate(AbstractPipeline.java:264)
12-06-2026 11:48:38.073 [java] [ERROR] 	at java.base/java.util.stream.ReferencePipeline.forEach(ReferencePipeline.java:632)
12-06-2026 11:48:38.073 [java] [ERROR] 	at java.base/java.util.stream.ReferencePipeline$Head.forEach(ReferencePipeline.java:806)
12-06-2026 11:48:38.073 [java] [ERROR] 	at org.reflections.Reflections.scan(Reflections.java:173)
12-06-2026 11:48:38.073 [java] [ERROR] 	at org.reflections.Reflections.<init>(Reflections.java:126)
12-06-2026 11:48:38.073 [java] [ERROR] 	at com.thoughtworks.gauge.scan.ClasspathScanner.createReflections(ClasspathScanner.java:57)
12-06-2026 11:48:38.073 [java] [ERROR] 	at com.thoughtworks.gauge.scan.ClasspathScanner.scan(ClasspathScanner.java:32)
12-06-2026 11:48:38.073 [java] [ERROR] 	at com.thoughtworks.gauge.connection.MessageProcessorFactory.lambda$new$0(MessageProcessorFactory.java:49)
12-06-2026 11:48:38.073 [java] [ERROR] 	at java.base/java.util.concurrent.Executors$RunnableAdapter.call(Executors.java:545)
12-06-2026 11:48:38.073 [java] [ERROR] 	at java.base/java.util.concurrent.FutureTask.run(FutureTask.java:330)
12-06-2026 11:48:38.073 [java] [ERROR] 	at java.base/java.util.concurrent.ThreadPoolExecutor.runWorker(ThreadPoolExecutor.java:1090)
12-06-2026 11:48:38.073 [java] [ERROR] 	at java.base/java.util.concurrent.ThreadPoolExecutor$Worker.run(ThreadPoolExecutor.java:614)
12-06-2026 11:48:38.073 [java] [ERROR] 	at java.base/java.lang.Thread.run(Thread.java:1516)
12-06-2026 11:48:38.092 [java] [ERROR] [ForkJoinPool.commonPool-worker-5] WARN org.reflections.Reflections - could not create Dir using com.thoughtworks.gauge.scan.ClasspathScanner$1@440b067b from url file:/C:/Users/a.basaleh/.jdks/openjdk-26.0.1!/java.desktop. skipping.
12-06-2026 11:48:38.092 [java] [ERROR] java.lang.NullPointerException: Cannot invoke "java.io.File.isDirectory()" because "file" is null
12-06-2026 11:48:38.092 [java] [ERROR] 	at com.thoughtworks.gauge.scan.ClasspathScanner$1.createDir(ClasspathScanner.java:48)
12-06-2026 11:48:38.092 [java] [ERROR] 	at org.reflections.vfs.Vfs.fromURL(Vfs.java:103)
12-06-2026 11:48:38.092 [java] [ERROR] 	at org.reflections.vfs.Vfs.fromURL(Vfs.java:95)
12-06-2026 11:48:38.092 [java] [ERROR] 	at org.reflections.Reflections.lambda$scan$2(Reflections.java:176)
12-06-2026 11:48:38.092 [java] [ERROR] 	at java.base/java.util.stream.ForEachOps$ForEachOp$OfRef.accept(ForEachOps.java:186)
12-06-2026 11:48:38.092 [java] [ERROR] 	at java.base/java.util.HashMap$KeySpliterator.forEachRemaining(HashMap.java:1716)
12-06-2026 11:48:38.092 [java] [ERROR] 	at java.base/java.util.stream.AbstractPipeline.copyInto(AbstractPipeline.java:570)
12-06-2026 11:48:38.092 [java] [ERROR] 	at java.base/java.util.stream.ForEachOps$ForEachTask.compute(ForEachOps.java:293)
12-06-2026 11:48:38.092 [java] [ERROR] 	at java.base/java.util.concurrent.CountedCompleter.exec(CountedCompleter.java:759)
12-06-2026 11:48:38.092 [java] [ERROR] 	at java.base/java.util.concurrent.ForkJoinTask.doExec(ForkJoinTask.java:511)
12-06-2026 11:48:38.092 [java] [ERROR] 	at java.base/java.util.concurrent.ForkJoinPool$WorkQueue.topLevelExec(ForkJoinPool.java:1450)
12-06-2026 11:48:38.092 [java] [ERROR] 	at java.base/java.util.concurrent.ForkJoinPool.runWorker(ForkJoinPool.java:2019)
12-06-2026 11:48:38.092 [java] [ERROR] 	at java.base/java.util.concurrent.ForkJoinWorkerThread.run(ForkJoinWorkerThread.java:187)
12-06-2026 11:48:38.092 [java] [ERROR] [ForkJoinPool.commonPool-worker-5] WARN org.reflections.Reflections - could not create Vfs.Dir from url. ignoring the exception and continuing
12-06-2026 11:48:38.092 [java] [ERROR] org.reflections.ReflectionsException: could not create Vfs.Dir from url, no matching UrlType was found [file:/C:/Users/a.basaleh/.jdks/openjdk-26.0.1!/java.desktop]
12-06-2026 11:48:38.092 [java] [ERROR] either use fromURL(final URL url, final List<UrlType> urlTypes) or use the static setDefaultURLTypes(final List<UrlType> urlTypes) or addDefaultURLTypes(UrlType urlType) with your specialized UrlType.
12-06-2026 11:48:38.092 [java] [ERROR] 	at org.reflections.vfs.Vfs.fromURL(Vfs.java:113)
12-06-2026 11:48:38.092 [java] [ERROR] 	at org.reflections.vfs.Vfs.fromURL(Vfs.java:95)
12-06-2026 11:48:38.092 [java] [ERROR] 	at org.reflections.Reflections.lambda$scan$2(Reflections.java:176)
12-06-2026 11:48:38.092 [java] [ERROR] 	at java.base/java.util.stream.ForEachOps$ForEachOp$OfRef.accept(ForEachOps.java:186)
12-06-2026 11:48:38.092 [java] [ERROR] 	at java.base/java.util.HashMap$KeySpliterator.forEachRemaining(HashMap.java:1716)
12-06-2026 11:48:38.092 [java] [ERROR] 	at java.base/java.util.stream.AbstractPipeline.copyInto(AbstractPipeline.java:570)
12-06-2026 11:48:38.092 [java] [ERROR] 	at java.base/java.util.stream.ForEachOps$ForEachTask.compute(ForEachOps.java:293)
12-06-2026 11:48:38.092 [java] [ERROR] 	at java.base/java.util.concurrent.CountedCompleter.exec(CountedCompleter.java:759)
12-06-2026 11:48:38.092 [java] [ERROR] 	at java.base/java.util.concurrent.ForkJoinTask.doExec(ForkJoinTask.java:511)
12-06-2026 11:48:38.092 [java] [ERROR] 	at java.base/java.util.concurrent.ForkJoinPool$WorkQueue.topLevelExec(ForkJoinPool.java:1450)
12-06-2026 11:48:38.092 [java] [ERROR] 	at java.base/java.util.concurrent.ForkJoinPool.runWorker(ForkJoinPool.java:2019)
12-06-2026 11:48:38.092 [java] [ERROR] 	at java.base/java.util.concurrent.ForkJoinWorkerThread.run(ForkJoinWorkerThread.java:187)
12-06-2026 11:48:38.092 [java] [ERROR] [ForkJoinPool.commonPool-worker-1] WARN org.reflections.Reflections - could not create Dir using com.thoughtworks.gauge.scan.ClasspathScanner$1@440b067b from url file:/C:/Users/a.basaleh/.jdks/openjdk-26.0.1!/jdk.security.jgss. skipping.
12-06-2026 11:48:38.092 [java] [ERROR] java.lang.NullPointerException: Cannot invoke "java.io.File.isDirectory()" because "file" is null
12-06-2026 11:48:38.099 [java] [ERROR] 	at com.thoughtworks.gauge.scan.ClasspathScanner$1.createDir(ClasspathScanner.java:48)
12-06-2026 11:48:38.099 [java] [ERROR] 	at org.reflections.vfs.Vfs.fromURL(Vfs.java:103)
12-06-2026 11:48:38.099 [java] [ERROR] 	at org.reflections.vfs.Vfs.fromURL(Vfs.java:95)
12-06-2026 11:48:38.099 [java] [ERROR] 	at org.reflections.Reflections.lambda$scan$2(Reflections.java:176)
12-06-2026 11:48:38.099 [java] [ERROR] 	at java.base/java.util.stream.ForEachOps$ForEachOp$OfRef.accept(ForEachOps.java:186)
12-06-2026 11:48:38.099 [java] [ERROR] 	at java.base/java.util.HashMap$KeySpliterator.forEachRemaining(HashMap.java:1716)
12-06-2026 11:48:38.099 [java] [ERROR] 	at java.base/java.util.stream.AbstractPipeline.copyInto(AbstractPipeline.java:570)
12-06-2026 11:48:38.099 [java] [ERROR] 	at java.base/java.util.stream.ForEachOps$ForEachTask.compute(ForEachOps.java:293)
12-06-2026 11:48:38.099 [java] [ERROR] 	at java.base/java.util.concurrent.CountedCompleter.exec(CountedCompleter.java:759)
12-06-2026 11:48:38.099 [java] [ERROR] 	at java.base/java.util.concurrent.ForkJoinTask.doExec(ForkJoinTask.java:511)
12-06-2026 11:48:38.099 [java] [ERROR] 	at java.base/java.util.concurrent.ForkJoinPool$WorkQueue.topLevelExec(ForkJoinPool.java:1450)
12-06-2026 11:48:38.099 [java] [ERROR] 	at java.base/java.util.concurrent.ForkJoinPool.runWorker(ForkJoinPool.java:2019)
12-06-2026 11:48:38.099 [java] [ERROR] 	at java.base/java.util.concurrent.ForkJoinWorkerThread.run(ForkJoinWorkerThread.java:187)
12-06-2026 11:48:38.099 [java] [ERROR] [ForkJoinPool.commonPool-worker-2] WARN org.reflections.Reflections - could not create Dir using com.thoughtworks.gauge.scan.ClasspathScanner$1@440b067b from url file:/C:/Users/a.basaleh/.jdks/openjdk-26.0.1!/jdk.internal.jvmstat. skipping.
12-06-2026 11:48:38.099 [java] [ERROR] java.lang.NullPointerException: Cannot invoke "java.io.File.isDirectory()" because "file" is null
12-06-2026 11:48:38.099 [java] [ERROR] 	at com.thoughtworks.gauge.scan.ClasspathScanner$1.createDir(ClasspathScanner.java:48)
12-06-2026 11:48:38.099 [java] [ERROR] 	at org.reflections.vfs.Vfs.fromURL(Vfs.java:103)
12-06-2026 11:48:38.099 [java] [ERROR] 	at org.reflections.vfs.Vfs.fromURL(Vfs.java:95)
12-06-2026 11:48:38.099 [java] [ERROR] 	at org.reflections.Reflections.lambda$scan$2(Reflections.java:176)
12-06-2026 11:48:38.099 [java] [ERROR] 	at java.base/java.util.stream.ForEachOps$ForEachOp$OfRef.accept(ForEachOps.java:186)
12-06-2026 11:48:38.099 [java] [ERROR] 	at java.base/java.util.HashMap$KeySpliterator.forEachRemaining(HashMap.java:1716)
12-06-2026 11:48:38.099 [java] [ERROR] 	at java.base/java.util.stream.AbstractPipeline.copyInto(AbstractPipeline.java:570)
12-06-2026 11:48:38.099 [java] [ERROR] 	at java.base/java.util.stream.ForEachOps$ForEachTask.compute(ForEachOps.java:293)
12-06-2026 11:48:38.099 [java] [ERROR] 	at java.base/java.util.concurrent.CountedCompleter.exec(CountedCompleter.java:759)
12-06-2026 11:48:38.099 [java] [ERROR] 	at java.base/java.util.concurrent.ForkJoinTask.doExec(ForkJoinTask.java:511)
12-06-2026 11:48:38.099 [java] [ERROR] 	at java.base/java.util.concurrent.ForkJoinPool$WorkQueue.topLevelExec(ForkJoinPool.java:1450)
12-06-2026 11:48:38.099 [java] [ERROR] 	at java.base/java.util.concurrent.ForkJoinPool.runWorker(ForkJoinPool.java:2019)
12-06-2026 11:48:38.099 [java] [ERROR] 	at java.base/java.util.concurrent.ForkJoinWorkerThread.run(ForkJoinWorkerThread.java:187)
12-06-2026 11:48:38.099 [java] [ERROR] [ForkJoinPool.commonPool-worker-1] WARN org.reflections.Reflections - could not create Vfs.Dir from url. ignoring the exception and continuing
12-06-2026 11:48:38.099 [java] [ERROR] org.reflections.ReflectionsException: could not create Vfs.Dir from url, no matching UrlType was found [file:/C:/Users/a.basaleh/.jdks/openjdk-26.0.1!/jdk.security.jgss]
12-06-2026 11:48:38.099 [java] [ERROR] either use fromURL(final URL url, final List<UrlType> urlTypes) or use the static setDefaultURLTypes(final List<UrlType> urlTypes) or addDefaultURLTypes(UrlType urlType) with your specialized UrlType.
12-06-2026 11:48:38.099 [java] [ERROR] 	at org.reflections.vfs.Vfs.fromURL(Vfs.java:113)
12-06-2026 11:48:38.099 [java] [ERROR] 	at org.reflections.vfs.Vfs.fromURL(Vfs.java:95)
12-06-2026 11:48:38.099 [java] [ERROR] 	at org.reflections.Reflections.lambda$scan$2(Reflections.java:176)
12-06-2026 11:48:38.099 [java] [ERROR] 	at java.base/java.util.stream.ForEachOps$ForEachOp$OfRef.accept(ForEachOps.java:186)
12-06-2026 11:48:38.104 [java] [ERROR] 	at java.base/java.util.HashMap$KeySpliterator.forEachRemaining(HashMap.java:1716)
12-06-2026 11:48:38.104 [java] [ERROR] 	at java.base/java.util.stream.AbstractPipeline.copyInto(AbstractPipeline.java:570)
12-06-2026 11:48:38.104 [java] [ERROR] 	at java.base/java.util.stream.ForEachOps$ForEachTask.compute(ForEachOps.java:293)
12-06-2026 11:48:38.104 [java] [ERROR] 	at java.base/java.util.concurrent.CountedCompleter.exec(CountedCompleter.java:759)
12-06-2026 11:48:38.104 [java] [ERROR] 	at java.base/java.util.concurrent.ForkJoinTask.doExec(ForkJoinTask.java:511)
12-06-2026 11:48:38.104 [java] [ERROR] 	at java.base/java.util.concurrent.ForkJoinPool$WorkQueue.topLevelExec(ForkJoinPool.java:1450)
12-06-2026 11:48:38.104 [java] [ERROR] 	at java.base/java.util.concurrent.ForkJoinPool.runWorker(ForkJoinPool.java:2019)
12-06-2026 11:48:38.104 [java] [ERROR] 	at java.base/java.util.concurrent.ForkJoinWorkerThread.run(ForkJoinWorkerThread.java:187)
12-06-2026 11:48:38.104 [java] [ERROR] [ForkJoinPool.commonPool-worker-2] WARN org.reflections.Reflections - could not create Vfs.Dir from url. ignoring the exception and continuing
12-06-2026 11:48:38.104 [java] [ERROR] org.reflections.ReflectionsException: could not create Vfs.Dir from url, no matching UrlType was found [file:/C:/Users/a.basaleh/.jdks/openjdk-26.0.1!/jdk.internal.jvmstat]
12-06-2026 11:48:38.104 [java] [ERROR] either use fromURL(final URL url, final List<UrlType> urlTypes) or use the static setDefaultURLTypes(final List<UrlType> urlTypes) or addDefaultURLTypes(UrlType urlType) with your specialized UrlType.
12-06-2026 11:48:38.104 [java] [ERROR] 	at org.reflections.vfs.Vfs.fromURL(Vfs.java:113)
12-06-2026 11:48:38.104 [java] [ERROR] 	at org.reflections.vfs.Vfs.fromURL(Vfs.java:95)
12-06-2026 11:48:38.104 [java] [ERROR] 	at org.reflections.Reflections.lambda$scan$2(Reflections.java:176)
12-06-2026 11:48:38.104 [java] [ERROR] 	at java.base/java.util.stream.ForEachOps$ForEachOp$OfRef.accept(ForEachOps.java:186)
12-06-2026 11:48:38.104 [java] [ERROR] 	at java.base/java.util.HashMap$KeySpliterator.forEachRemaining(HashMap.java:1716)
12-06-2026 11:48:38.104 [java] [ERROR] 	at java.base/java.util.stream.AbstractPipeline.copyInto(AbstractPipeline.java:570)
12-06-2026 11:48:38.104 [java] [ERROR] 	at java.base/java.util.stream.ForEachOps$ForEachTask.compute(ForEachOps.java:293)
12-06-2026 11:48:38.104 [java] [ERROR] 	at java.base/java.util.concurrent.CountedCompleter.exec(CountedCompleter.java:759)
12-06-2026 11:48:38.104 [java] [ERROR] 	at java.base/java.util.concurrent.ForkJoinTask.doExec(ForkJoinTask.java:511)
12-06-2026 11:48:38.104 [java] [ERROR] 	at java.base/java.util.concurrent.ForkJoinPool$WorkQueue.topLevelExec(ForkJoinPool.java:1450)
12-06-2026 11:48:38.104 [java] [ERROR] 	at java.base/java.util.concurrent.ForkJoinPool.runWorker(ForkJoinPool.java:2019)
12-06-2026 11:48:38.104 [java] [ERROR] 	at java.base/java.util.concurrent.ForkJoinWorkerThread.run(ForkJoinWorkerThread.java:187)
12-06-2026 11:48:38.104 [java] [ERROR] [ForkJoinPool.commonPool-worker-7] WARN org.reflections.Reflections - could not create Dir using com.thoughtworks.gauge.scan.ClasspathScanner$1@440b067b from url file:/C:/Users/a.basaleh/.jdks/openjdk-26.0.1!/jdk.editpad. skipping.
12-06-2026 11:48:38.104 [java] [ERROR] java.lang.NullPointerException: Cannot invoke "java.io.File.isDirectory()" because "file" is null
12-06-2026 11:48:38.104 [java] [ERROR] 	at com.thoughtworks.gauge.scan.ClasspathScanner$1.createDir(ClasspathScanner.java:48)
12-06-2026 11:48:38.104 [java] [ERROR] 	at org.reflections.vfs.Vfs.fromURL(Vfs.java:103)
12-06-2026 11:48:38.104 [java] [ERROR] 	at org.reflections.vfs.Vfs.fromURL(Vfs.java:95)
12-06-2026 11:48:38.104 [java] [ERROR] 	at org.reflections.Reflections.lambda$scan$2(Reflections.java:176)
12-06-2026 11:48:38.104 [java] [ERROR] 	at java.base/java.util.stream.ForEachOps$ForEachOp$OfRef.accept(ForEachOps.java:186)
12-06-2026 11:48:38.104 [java] [ERROR] 	at java.base/java.util.HashMap$KeySpliterator.forEachRemaining(HashMap.java:1716)
12-06-2026 11:48:38.104 [java] [ERROR] 	at java.base/java.util.stream.AbstractPipeline.copyInto(AbstractPipeline.java:570)
12-06-2026 11:48:38.104 [java] [ERROR] 	at java.base/java.util.stream.ForEachOps$ForEachTask.compute(ForEachOps.java:293)
12-06-2026 11:48:38.104 [java] [ERROR] 	at java.base/java.util.concurrent.CountedCompleter.exec(CountedCompleter.java:759)
12-06-2026 11:48:38.104 [java] [ERROR] 	at java.base/java.util.concurrent.ForkJoinTask.doExec(ForkJoinTask.java:511)
12-06-2026 11:48:38.104 [java] [ERROR] 	at java.base/java.util.concurrent.ForkJoinPool$WorkQueue.topLevelExec(ForkJoinPool.java:1450)
12-06-2026 11:48:38.104 [java] [ERROR] 	at java.base/java.util.concurrent.ForkJoinPool.runWorker(ForkJoinPool.java:2019)
12-06-2026 11:48:38.104 [java] [ERROR] 	at java.base/java.util.concurrent.ForkJoinWorkerThread.run(ForkJoinWorkerThread.java:187)
12-06-2026 11:48:38.104 [java] [ERROR] [ForkJoinPool.commonPool-worker-7] WARN org.reflections.Reflections - could not create Vfs.Dir from url. ignoring the exception and continuing
12-06-2026 11:48:38.104 [java] [ERROR] org.reflections.ReflectionsException: could not create Vfs.Dir from url, no matching UrlType was found [file:/C:/Users/a.basaleh/.jdks/openjdk-26.0.1!/jdk.editpad]
12-06-2026 11:48:38.104 [java] [ERROR] either use fromURL(final URL url, final List<UrlType> urlTypes) or use the static setDefaultURLTypes(final List<UrlType> urlTypes) or addDefaultURLTypes(UrlType urlType) with your specialized UrlType.
12-06-2026 11:48:38.104 [java] [ERROR] 	at org.reflections.vfs.Vfs.fromURL(Vfs.java:113)
12-06-2026 11:48:38.104 [java] [ERROR] 	at org.reflections.vfs.Vfs.fromURL(Vfs.java:95)
12-06-2026 11:48:38.104 [java] [ERROR] 	at org.reflections.Reflections.lambda$scan$2(Reflections.java:176)
12-06-2026 11:48:38.104 [java] [ERROR] 	at java.base/java.util.stream.ForEachOps$ForEachOp$OfRef.accept(ForEachOps.java:186)
12-06-2026 11:48:38.104 [java] [ERROR] 	at java.base/java.util.HashMap$KeySpliterator.forEachRemaining(HashMap.java:1716)
12-06-2026 11:48:38.104 [java] [ERROR] 	at java.base/java.util.stream.AbstractPipeline.copyInto(AbstractPipeline.java:570)
12-06-2026 11:48:38.104 [java] [ERROR] 	at java.base/java.util.stream.ForEachOps$ForEachTask.compute(ForEachOps.java:293)
12-06-2026 11:48:38.105 [java] [ERROR] 	at java.base/java.util.concurrent.CountedCompleter.exec(CountedCompleter.java:759)
12-06-2026 11:48:38.105 [java] [ERROR] 	at java.base/java.util.concurrent.ForkJoinTask.doExec(ForkJoinTask.java:511)
12-06-2026 11:48:38.105 [java] [ERROR] 	at java.base/java.util.concurrent.ForkJoinPool$WorkQueue.topLevelExec(ForkJoinPool.java:1450)
12-06-2026 11:48:38.105 [java] [ERROR] 	at java.base/java.util.concurrent.ForkJoinPool.runWorker(ForkJoinPool.java:2019)
12-06-2026 11:48:38.105 [java] [ERROR] 	at java.base/java.util.concurrent.ForkJoinWorkerThread.run(ForkJoinWorkerThread.java:187)
12-06-2026 11:48:38.105 [java] [ERROR] [ForkJoinPool.commonPool-worker-2] WARN org.reflections.Reflections - could not create Dir using com.thoughtworks.gauge.scan.ClasspathScanner$1@440b067b from url file:/C:/Users/a.basaleh/.jdks/openjdk-26.0.1!/java.xml.crypto. skipping.
12-06-2026 11:48:38.105 [java] [ERROR] java.lang.NullPointerException: Cannot invoke "java.io.File.isDirectory()" because "file" is null
12-06-2026 11:48:38.105 [java] [ERROR] 	at com.thoughtworks.gauge.scan.ClasspathScanner$1.createDir(ClasspathScanner.java:48)
12-06-2026 11:48:38.105 [java] [ERROR] 	at org.reflections.vfs.Vfs.fromURL(Vfs.java:103)
12-06-2026 11:48:38.105 [java] [ERROR] 	at org.reflections.vfs.Vfs.fromURL(Vfs.java:95)
12-06-2026 11:48:38.105 [java] [ERROR] 	at org.reflections.Reflections.lambda$scan$2(Reflections.java:176)
12-06-2026 11:48:38.105 [java] [ERROR] 	at java.base/java.util.stream.ForEachOps$ForEachOp$OfRef.accept(ForEachOps.java:186)
12-06-2026 11:48:38.105 [java] [ERROR] 	at java.base/java.util.HashMap$KeySpliterator.forEachRemaining(HashMap.java:1716)
12-06-2026 11:48:38.105 [java] [ERROR] 	at java.base/java.util.stream.AbstractPipeline.copyInto(AbstractPipeline.java:570)
12-06-2026 11:48:38.105 [java] [ERROR] 	at java.base/java.util.stream.ForEachOps$ForEachTask.compute(ForEachOps.java:293)
12-06-2026 11:48:38.105 [java] [ERROR] 	at java.base/java.util.concurrent.CountedCompleter.exec(CountedCompleter.java:759)
12-06-2026 11:48:38.128 [java] [ERROR] 	at java.base/java.util.concurrent.ForkJoinTask.doExec(ForkJoinTask.java:511)
12-06-2026 11:48:38.128 [java] [ERROR] 	at java.base/java.util.concurrent.ForkJoinPool$WorkQueue.topLevelExec(ForkJoinPool.java:1450)
12-06-2026 11:48:38.128 [java] [ERROR] 	at java.base/java.util.concurrent.ForkJoinPool.runWorker(ForkJoinPool.java:2019)
12-06-2026 11:48:38.128 [java] [ERROR] 	at java.base/java.util.concurrent.ForkJoinWorkerThread.run(ForkJoinWorkerThread.java:187)
12-06-2026 11:48:38.128 [java] [ERROR] [ForkJoinPool.commonPool-worker-2] WARN org.reflections.Reflections - could not create Vfs.Dir from url. ignoring the exception and continuing
12-06-2026 11:48:38.128 [java] [ERROR] org.reflections.ReflectionsException: could not create Vfs.Dir from url, no matching UrlType was found [file:/C:/Users/a.basaleh/.jdks/openjdk-26.0.1!/java.xml.crypto]
12-06-2026 11:48:38.128 [java] [ERROR] either use fromURL(final URL url, final List<UrlType> urlTypes) or use the static setDefaultURLTypes(final List<UrlType> urlTypes) or addDefaultURLTypes(UrlType urlType) with your specialized UrlType.
12-06-2026 11:48:38.128 [java] [ERROR] 	at org.reflections.vfs.Vfs.fromURL(Vfs.java:113)
12-06-2026 11:48:38.128 [java] [ERROR] 	at org.reflections.vfs.Vfs.fromURL(Vfs.java:95)
12-06-2026 11:48:38.128 [java] [ERROR] 	at org.reflections.Reflections.lambda$scan$2(Reflections.java:176)
12-06-2026 11:48:38.128 [java] [ERROR] 	at java.base/java.util.stream.ForEachOps$ForEachOp$OfRef.accept(ForEachOps.java:186)
12-06-2026 11:48:38.128 [java] [ERROR] 	at java.base/java.util.HashMap$KeySpliterator.forEachRemaining(HashMap.java:1716)
12-06-2026 11:48:38.128 [java] [ERROR] 	at java.base/java.util.stream.AbstractPipeline.copyInto(AbstractPipeline.java:570)
12-06-2026 11:48:38.128 [java] [ERROR] 	at java.base/java.util.stream.ForEachOps$ForEachTask.compute(ForEachOps.java:293)
12-06-2026 11:48:38.128 [java] [ERROR] 	at java.base/java.util.concurrent.CountedCompleter.exec(CountedCompleter.java:759)
12-06-2026 11:48:38.128 [java] [ERROR] 	at java.base/java.util.concurrent.ForkJoinTask.doExec(ForkJoinTask.java:511)
12-06-2026 11:48:38.128 [java] [ERROR] 	at java.base/java.util.concurrent.ForkJoinPool$WorkQueue.topLevelExec(ForkJoinPool.java:1450)
12-06-2026 11:48:38.128 [java] [ERROR] 	at java.base/java.util.concurrent.ForkJoinPool.runWorker(ForkJoinPool.java:2019)
12-06-2026 11:48:38.128 [java] [ERROR] 	at java.base/java.util.concurrent.ForkJoinWorkerThread.run(ForkJoinWorkerThread.java:187)
12-06-2026 11:48:38.128 [java] [ERROR] [ForkJoinPool.commonPool-worker-2] WARN org.reflections.Reflections - could not create Dir using com.thoughtworks.gauge.scan.ClasspathScanner$1@440b067b from url file:/C:/Users/a.basaleh/.jdks/openjdk-26.0.1!/jdk.crypto.mscapi. skipping.
12-06-2026 11:48:38.128 [java] [ERROR] java.lang.NullPointerException: Cannot invoke "java.io.File.isDirectory()" because "file" is null
12-06-2026 11:48:38.128 [java] [ERROR] 	at com.thoughtworks.gauge.scan.ClasspathScanner$1.createDir(ClasspathScanner.java:48)
12-06-2026 11:48:38.128 [java] [ERROR] 	at org.reflections.vfs.Vfs.fromURL(Vfs.java:103)
12-06-2026 11:48:38.128 [java] [ERROR] 	at org.reflections.vfs.Vfs.fromURL(Vfs.java:95)
12-06-2026 11:48:38.128 [java] [ERROR] 	at org.reflections.Reflections.lambda$scan$2(Reflections.java:176)
12-06-2026 11:48:38.128 [java] [ERROR] 	at java.base/java.util.stream.ForEachOps$ForEachOp$OfRef.accept(ForEachOps.java:186)
12-06-2026 11:48:38.128 [java] [ERROR] 	at java.base/java.util.HashMap$KeySpliterator.forEachRemaining(HashMap.java:1716)
12-06-2026 11:48:38.128 [java] [ERROR] 	at java.base/java.util.stream.AbstractPipeline.copyInto(AbstractPipeline.java:570)
12-06-2026 11:48:38.128 [java] [ERROR] 	at java.base/java.util.stream.ForEachOps$ForEachTask.compute(ForEachOps.java:293)
12-06-2026 11:48:38.128 [java] [ERROR] 	at java.base/java.util.concurrent.CountedCompleter.exec(CountedCompleter.java:759)
12-06-2026 11:48:38.128 [java] [ERROR] 	at java.base/java.util.concurrent.ForkJoinTask.doExec(ForkJoinTask.java:511)
12-06-2026 11:48:38.128 [java] [ERROR] 	at java.base/java.util.concurrent.ForkJoinPool$WorkQueue.topLevelExec(ForkJoinPool.java:1450)
12-06-2026 11:48:38.128 [java] [ERROR] 	at java.base/java.util.concurrent.ForkJoinPool.runWorker(ForkJoinPool.java:2019)
12-06-2026 11:48:38.128 [java] [ERROR] 	at java.base/java.util.concurrent.ForkJoinWorkerThread.run(ForkJoinWorkerThread.java:187)
12-06-2026 11:48:38.144 [java] [ERROR] [ForkJoinPool.commonPool-worker-2] WARN org.reflections.Reflections - could not create Vfs.Dir from url. ignoring the exception and continuing
12-06-2026 11:48:38.145 [java] [ERROR] org.reflections.ReflectionsException: could not create Vfs.Dir from url, no matching UrlType was found [file:/C:/Users/a.basaleh/.jdks/openjdk-26.0.1!/jdk.crypto.mscapi]
12-06-2026 11:48:38.145 [java] [ERROR] either use fromURL(final URL url, final List<UrlType> urlTypes) or use the static setDefaultURLTypes(final List<UrlType> urlTypes) or addDefaultURLTypes(UrlType urlType) with your specialized UrlType.
12-06-2026 11:48:38.145 [java] [ERROR] 	at org.reflections.vfs.Vfs.fromURL(Vfs.java:113)
12-06-2026 11:48:38.145 [java] [ERROR] 	at org.reflections.vfs.Vfs.fromURL(Vfs.java:95)
12-06-2026 11:48:38.145 [java] [ERROR] 	at org.reflections.Reflections.lambda$scan$2(Reflections.java:176)
12-06-2026 11:48:38.145 [java] [ERROR] 	at java.base/java.util.stream.ForEachOps$ForEachOp$OfRef.accept(ForEachOps.java:186)
12-06-2026 11:48:38.145 [java] [ERROR] 	at java.base/java.util.HashMap$KeySpliterator.forEachRemaining(HashMap.java:1716)
12-06-2026 11:48:38.145 [java] [ERROR] 	at java.base/java.util.stream.AbstractPipeline.copyInto(AbstractPipeline.java:570)
12-06-2026 11:48:38.145 [java] [ERROR] 	at java.base/java.util.stream.ForEachOps$ForEachTask.compute(ForEachOps.java:293)
12-06-2026 11:48:38.145 [java] [ERROR] 	at java.base/java.util.concurrent.CountedCompleter.exec(CountedCompleter.java:759)
12-06-2026 11:48:38.145 [java] [ERROR] 	at java.base/java.util.concurrent.ForkJoinTask.doExec(ForkJoinTask.java:511)
12-06-2026 11:48:38.145 [java] [ERROR] 	at java.base/java.util.concurrent.ForkJoinPool$WorkQueue.topLevelExec(ForkJoinPool.java:1450)
12-06-2026 11:48:38.145 [java] [ERROR] 	at java.base/java.util.concurrent.ForkJoinPool.runWorker(ForkJoinPool.java:2019)
12-06-2026 11:48:38.145 [java] [ERROR] 	at java.base/java.util.concurrent.ForkJoinWorkerThread.run(ForkJoinWorkerThread.java:187)
12-06-2026 11:48:38.145 [java] [ERROR] [ForkJoinPool.commonPool-worker-3] WARN org.reflections.Reflections - could not create Dir using com.thoughtworks.gauge.scan.ClasspathScanner$1@440b067b from url file:/C:/Users/a.basaleh/.jdks/openjdk-26.0.1!/java.base. skipping.
12-06-2026 11:48:38.145 [java] [ERROR] java.lang.NullPointerException: Cannot invoke "java.io.File.isDirectory()" because "file" is null
12-06-2026 11:48:38.145 [java] [ERROR] 	at com.thoughtworks.gauge.scan.ClasspathScanner$1.createDir(ClasspathScanner.java:48)
12-06-2026 11:48:38.145 [java] [ERROR] 	at org.reflections.vfs.Vfs.fromURL(Vfs.java:103)
12-06-2026 11:48:38.145 [java] [ERROR] 	at org.reflections.vfs.Vfs.fromURL(Vfs.java:95)
12-06-2026 11:48:38.145 [java] [ERROR] 	at org.reflections.Reflections.lambda$scan$2(Reflections.java:176)
12-06-2026 11:48:38.145 [java] [ERROR] 	at java.base/java.util.stream.ForEachOps$ForEachOp$OfRef.accept(ForEachOps.java:186)
12-06-2026 11:48:38.145 [java] [ERROR] 	at java.base/java.util.HashMap$KeySpliterator.forEachRemaining(HashMap.java:1716)
12-06-2026 11:48:38.145 [java] [ERROR] 	at java.base/java.util.stream.AbstractPipeline.copyInto(AbstractPipeline.java:570)
12-06-2026 11:48:38.145 [java] [ERROR] 	at java.base/java.util.stream.ForEachOps$ForEachTask.compute(ForEachOps.java:293)
12-06-2026 11:48:38.145 [java] [ERROR] 	at java.base/java.util.concurrent.CountedCompleter.exec(CountedCompleter.java:759)
12-06-2026 11:48:38.145 [java] [ERROR] 	at java.base/java.util.concurrent.ForkJoinTask.doExec(ForkJoinTask.java:511)
12-06-2026 11:48:38.145 [java] [ERROR] 	at java.base/java.util.concurrent.ForkJoinPool$WorkQueue.topLevelExec(ForkJoinPool.java:1450)
12-06-2026 11:48:38.145 [java] [ERROR] 	at java.base/java.util.concurrent.ForkJoinPool.runWorker(ForkJoinPool.java:2019)
12-06-2026 11:48:38.145 [java] [ERROR] 	at java.base/java.util.concurrent.ForkJoinWorkerThread.run(ForkJoinWorkerThread.java:187)
12-06-2026 11:48:38.145 [java] [ERROR] [ForkJoinPool.commonPool-worker-9] WARN org.reflections.Reflections - could not create Dir using com.thoughtworks.gauge.scan.ClasspathScanner$1@440b067b from url file:/C:/Users/a.basaleh/.jdks/openjdk-26.0.1!/jdk.httpserver. skipping.
12-06-2026 11:48:38.145 [java] [ERROR] java.lang.NullPointerException: Cannot invoke "java.io.File.isDirectory()" because "file" is null
12-06-2026 11:48:38.145 [java] [ERROR] 	at com.thoughtworks.gauge.scan.ClasspathScanner$1.createDir(ClasspathScanner.java:48)
12-06-2026 11:48:38.145 [java] [ERROR] 	at org.reflections.vfs.Vfs.fromURL(Vfs.java:103)
12-06-2026 11:48:38.159 [java] [ERROR] 	at org.reflections.vfs.Vfs.fromURL(Vfs.java:95)
12-06-2026 11:48:38.159 [java] [ERROR] 	at org.reflections.Reflections.lambda$scan$2(Reflections.java:176)
12-06-2026 11:48:38.163 [java] [ERROR] 	at java.base/java.util.stream.ForEachOps$ForEachOp$OfRef.accept(ForEachOps.java:186)
12-06-2026 11:48:38.163 [java] [ERROR] 	at java.base/java.util.HashMap$KeySpliterator.forEachRemaining(HashMap.java:1716)
12-06-2026 11:48:38.163 [java] [ERROR] 	at java.base/java.util.stream.AbstractPipeline.copyInto(AbstractPipeline.java:570)
12-06-2026 11:48:38.163 [java] [ERROR] 	at java.base/java.util.stream.ForEachOps$ForEachTask.compute(ForEachOps.java:293)
12-06-2026 11:48:38.163 [java] [ERROR] 	at java.base/java.util.concurrent.CountedCompleter.exec(CountedCompleter.java:759)
12-06-2026 11:48:38.163 [java] [ERROR] 	at java.base/java.util.concurrent.ForkJoinTask.doExec(ForkJoinTask.java:511)
12-06-2026 11:48:38.163 [java] [ERROR] 	at java.base/java.util.concurrent.ForkJoinPool$WorkQueue.topLevelExec(ForkJoinPool.java:1450)
12-06-2026 11:48:38.163 [java] [ERROR] 	at java.base/java.util.concurrent.ForkJoinPool.runWorker(ForkJoinPool.java:2019)
12-06-2026 11:48:38.163 [java] [ERROR] 	at java.base/java.util.concurrent.ForkJoinWorkerThread.run(ForkJoinWorkerThread.java:187)
12-06-2026 11:48:38.163 [java] [ERROR] [ForkJoinPool.commonPool-worker-9] WARN org.reflections.Reflections - could not create Vfs.Dir from url. ignoring the exception and continuing
12-06-2026 11:48:38.163 [java] [ERROR] org.reflections.ReflectionsException: could not create Vfs.Dir from url, no matching UrlType was found [file:/C:/Users/a.basaleh/.jdks/openjdk-26.0.1!/jdk.httpserver]
12-06-2026 11:48:38.163 [java] [ERROR] either use fromURL(final URL url, final List<UrlType> urlTypes) or use the static setDefaultURLTypes(final List<UrlType> urlTypes) or addDefaultURLTypes(UrlType urlType) with your specialized UrlType.
12-06-2026 11:48:38.163 [java] [ERROR] 	at org.reflections.vfs.Vfs.fromURL(Vfs.java:113)
12-06-2026 11:48:38.163 [java] [ERROR] 	at org.reflections.vfs.Vfs.fromURL(Vfs.java:95)
12-06-2026 11:48:38.163 [java] [ERROR] 	at org.reflections.Reflections.lambda$scan$2(Reflections.java:176)
12-06-2026 11:48:38.163 [java] [ERROR] 	at java.base/java.util.stream.ForEachOps$ForEachOp$OfRef.accept(ForEachOps.java:186)
12-06-2026 11:48:38.163 [java] [ERROR] 	at java.base/java.util.HashMap$KeySpliterator.forEachRemaining(HashMap.java:1716)
12-06-2026 11:48:38.163 [java] [ERROR] 	at java.base/java.util.stream.AbstractPipeline.copyInto(AbstractPipeline.java:570)
12-06-2026 11:48:38.163 [java] [ERROR] 	at java.base/java.util.stream.ForEachOps$ForEachTask.compute(ForEachOps.java:293)
12-06-2026 11:48:38.163 [java] [ERROR] 	at java.base/java.util.concurrent.CountedCompleter.exec(CountedCompleter.java:759)
12-06-2026 11:48:38.163 [java] [ERROR] 	at java.base/java.util.concurrent.ForkJoinTask.doExec(ForkJoinTask.java:511)
12-06-2026 11:48:38.163 [java] [ERROR] 	at java.base/java.util.concurrent.ForkJoinPool$WorkQueue.topLevelExec(ForkJoinPool.java:1450)
12-06-2026 11:48:38.163 [java] [ERROR] 	at java.base/java.util.concurrent.ForkJoinPool.runWorker(ForkJoinPool.java:2019)
12-06-2026 11:48:38.163 [java] [ERROR] 	at java.base/java.util.concurrent.ForkJoinWorkerThread.run(ForkJoinWorkerThread.java:187)
12-06-2026 11:48:38.163 [java] [ERROR] [ForkJoinPool.commonPool-worker-9] WARN org.reflections.Reflections - could not create Dir using com.thoughtworks.gauge.scan.ClasspathScanner$1@440b067b from url file:/C:/Users/a.basaleh/.jdks/openjdk-26.0.1!/jdk.jlink. skipping.
12-06-2026 11:48:38.163 [java] [ERROR] java.lang.NullPointerException: Cannot invoke "java.io.File.isDirectory()" because "file" is null
12-06-2026 11:48:38.163 [java] [ERROR] 	at com.thoughtworks.gauge.scan.ClasspathScanner$1.createDir(ClasspathScanner.java:48)
12-06-2026 11:48:38.163 [java] [ERROR] 	at org.reflections.vfs.Vfs.fromURL(Vfs.java:103)
12-06-2026 11:48:38.163 [java] [ERROR] 	at org.reflections.vfs.Vfs.fromURL(Vfs.java:95)
12-06-2026 11:48:38.163 [java] [ERROR] 	at org.reflections.Reflections.lambda$scan$2(Reflections.java:176)
12-06-2026 11:48:38.163 [java] [ERROR] 	at java.base/java.util.stream.ForEachOps$ForEachOp$OfRef.accept(ForEachOps.java:186)
12-06-2026 11:48:38.163 [java] [ERROR] 	at java.base/java.util.HashMap$KeySpliterator.forEachRemaining(HashMap.java:1716)
12-06-2026 11:48:38.163 [java] [ERROR] 	at java.base/java.util.stream.AbstractPipeline.copyInto(AbstractPipeline.java:570)
12-06-2026 11:48:38.163 [java] [ERROR] 	at java.base/java.util.stream.ForEachOps$ForEachTask.compute(ForEachOps.java:293)
12-06-2026 11:48:38.172 [java] [ERROR] 	at java.base/java.util.concurrent.CountedCompleter.exec(CountedCompleter.java:759)
12-06-2026 11:48:38.172 [java] [ERROR] 	at java.base/java.util.concurrent.ForkJoinTask.doExec(ForkJoinTask.java:511)
12-06-2026 11:48:38.172 [java] [ERROR] 	at java.base/java.util.concurrent.ForkJoinPool$WorkQueue.topLevelExec(ForkJoinPool.java:1450)
12-06-2026 11:48:38.172 [java] [ERROR] 	at java.base/java.util.concurrent.ForkJoinPool.runWorker(ForkJoinPool.java:2019)
12-06-2026 11:48:38.172 [java] [ERROR] 	at java.base/java.util.concurrent.ForkJoinWorkerThread.run(ForkJoinWorkerThread.java:187)
12-06-2026 11:48:38.172 [java] [ERROR] [ForkJoinPool.commonPool-worker-9] WARN org.reflections.Reflections - could not create Vfs.Dir from url. ignoring the exception and continuing
12-06-2026 11:48:38.172 [java] [ERROR] org.reflections.ReflectionsException: could not create Vfs.Dir from url, no matching UrlType was found [file:/C:/Users/a.basaleh/.jdks/openjdk-26.0.1!/jdk.jlink]
12-06-2026 11:48:38.172 [java] [ERROR] either use fromURL(final URL url, final List<UrlType> urlTypes) or use the static setDefaultURLTypes(final List<UrlType> urlTypes) or addDefaultURLTypes(UrlType urlType) with your specialized UrlType.
12-06-2026 11:48:38.172 [java] [ERROR] 	at org.reflections.vfs.Vfs.fromURL(Vfs.java:113)
12-06-2026 11:48:38.172 [java] [ERROR] 	at org.reflections.vfs.Vfs.fromURL(Vfs.java:95)
12-06-2026 11:48:38.172 [java] [ERROR] 	at org.reflections.Reflections.lambda$scan$2(Reflections.java:176)
12-06-2026 11:48:38.172 [java] [ERROR] 	at java.base/java.util.stream.ForEachOps$ForEachOp$OfRef.accept(ForEachOps.java:186)
12-06-2026 11:48:38.172 [java] [ERROR] 	at java.base/java.util.HashMap$KeySpliterator.forEachRemaining(HashMap.java:1716)
12-06-2026 11:48:38.172 [java] [ERROR] 	at java.base/java.util.stream.AbstractPipeline.copyInto(AbstractPipeline.java:570)
12-06-2026 11:48:38.172 [java] [ERROR] 	at java.base/java.util.stream.ForEachOps$ForEachTask.compute(ForEachOps.java:293)
12-06-2026 11:48:38.172 [java] [ERROR] 	at java.base/java.util.concurrent.CountedCompleter.exec(CountedCompleter.java:759)
12-06-2026 11:48:38.172 [java] [ERROR] 	at java.base/java.util.concurrent.ForkJoinTask.doExec(ForkJoinTask.java:511)
12-06-2026 11:48:38.172 [java] [ERROR] 	at java.base/java.util.concurrent.ForkJoinPool$WorkQueue.topLevelExec(ForkJoinPool.java:1450)
12-06-2026 11:48:38.172 [java] [ERROR] 	at java.base/java.util.concurrent.ForkJoinPool.runWorker(ForkJoinPool.java:2019)
12-06-2026 11:48:38.172 [java] [ERROR] 	at java.base/java.util.concurrent.ForkJoinWorkerThread.run(ForkJoinWorkerThread.java:187)
12-06-2026 11:48:38.172 [java] [ERROR] [pool-1-thread-1] WARN org.reflections.Reflections - could not create Dir using com.thoughtworks.gauge.scan.ClasspathScanner$1@440b067b from url file:/C:/Users/a.basaleh/.jdks/openjdk-26.0.1!/jdk.management.jfr. skipping.
12-06-2026 11:48:38.172 [java] [ERROR] java.lang.NullPointerException: Cannot invoke "java.io.File.isDirectory()" because "file" is null
12-06-2026 11:48:38.172 [java] [ERROR] 	at com.thoughtworks.gauge.scan.ClasspathScanner$1.createDir(ClasspathScanner.java:48)
12-06-2026 11:48:38.172 [java] [ERROR] 	at org.reflections.vfs.Vfs.fromURL(Vfs.java:103)
12-06-2026 11:48:38.172 [java] [ERROR] 	at org.reflections.vfs.Vfs.fromURL(Vfs.java:95)
12-06-2026 11:48:38.172 [java] [ERROR] 	at org.reflections.Reflections.lambda$scan$2(Reflections.java:176)
12-06-2026 11:48:38.172 [java] [ERROR] 	at java.base/java.util.stream.ForEachOps$ForEachOp$OfRef.accept(ForEachOps.java:186)
12-06-2026 11:48:38.172 [java] [ERROR] 	at java.base/java.util.HashMap$KeySpliterator.forEachRemaining(HashMap.java:1716)
12-06-2026 11:48:38.172 [java] [ERROR] 	at java.base/java.util.stream.AbstractPipeline.copyInto(AbstractPipeline.java:570)
12-06-2026 11:48:38.172 [java] [ERROR] 	at java.base/java.util.stream.ForEachOps$ForEachTask.compute(ForEachOps.java:293)
12-06-2026 11:48:38.172 [java] [ERROR] 	at java.base/java.util.concurrent.CountedCompleter.exec(CountedCompleter.java:759)
12-06-2026 11:48:38.172 [java] [ERROR] 	at java.base/java.util.concurrent.ForkJoinTask.doExec(ForkJoinTask.java:511)
12-06-2026 11:48:38.172 [java] [ERROR] 	at java.base/java.util.concurrent.ForkJoinPool$WorkQueue.helpComplete(ForkJoinPool.java:1537)
12-06-2026 11:48:38.172 [java] [ERROR] 	at java.base/java.util.concurrent.ForkJoinPool.helpComplete(ForkJoinPool.java:2332)
12-06-2026 11:48:38.172 [java] [ERROR] 	at java.base/java.util.concurrent.ForkJoinTask.awaitDone(ForkJoinTask.java:497)
12-06-2026 11:48:38.176 [java] [ERROR] 	at java.base/java.util.concurrent.ForkJoinTask.join(ForkJoinTask.java:669)
12-06-2026 11:48:38.176 [java] [ERROR] 	at java.base/java.util.concurrent.ForkJoinTask.invoke(ForkJoinTask.java:684)
12-06-2026 11:48:38.176 [java] [ERROR] 	at java.base/java.util.stream.ForEachOps$ForEachOp.evaluateParallel(ForEachOps.java:162)
12-06-2026 11:48:38.176 [java] [ERROR] 	at java.base/java.util.stream.ForEachOps$ForEachOp$OfRef.evaluateParallel(ForEachOps.java:176)
12-06-2026 11:48:38.176 [java] [ERROR] 	at java.base/java.util.stream.AbstractPipeline.evaluate(AbstractPipeline.java:264)
12-06-2026 11:48:38.176 [java] [ERROR] 	at java.base/java.util.stream.ReferencePipeline.forEach(ReferencePipeline.java:632)
12-06-2026 11:48:38.176 [java] [ERROR] 	at java.base/java.util.stream.ReferencePipeline$Head.forEach(ReferencePipeline.java:806)
12-06-2026 11:48:38.176 [java] [ERROR] 	at org.reflections.Reflections.scan(Reflections.java:173)
12-06-2026 11:48:38.176 [java] [ERROR] 	at org.reflections.Reflections.<init>(Reflections.java:126)
12-06-2026 11:48:38.176 [java] [ERROR] 	at com.thoughtworks.gauge.scan.ClasspathScanner.createReflections(ClasspathScanner.java:57)
12-06-2026 11:48:38.176 [java] [ERROR] 	at com.thoughtworks.gauge.scan.ClasspathScanner.scan(ClasspathScanner.java:32)
12-06-2026 11:48:38.176 [java] [ERROR] 	at com.thoughtworks.gauge.connection.MessageProcessorFactory.lambda$new$0(MessageProcessorFactory.java:49)
12-06-2026 11:48:38.176 [java] [ERROR] 	at java.base/java.util.concurrent.Executors$RunnableAdapter.call(Executors.java:545)
12-06-2026 11:48:38.176 [java] [ERROR] 	at java.base/java.util.concurrent.FutureTask.run(FutureTask.java:330)
12-06-2026 11:48:38.176 [java] [ERROR] 	at java.base/java.util.concurrent.ThreadPoolExecutor.runWorker(ThreadPoolExecutor.java:1090)
12-06-2026 11:48:38.176 [java] [ERROR] 	at java.base/java.util.concurrent.ThreadPoolExecutor$Worker.run(ThreadPoolExecutor.java:614)
12-06-2026 11:48:38.176 [java] [ERROR] 	at java.base/java.lang.Thread.run(Thread.java:1516)
12-06-2026 11:48:38.176 [java] [ERROR] [pool-1-thread-1] WARN org.reflections.Reflections - could not create Vfs.Dir from url. ignoring the exception and continuing
12-06-2026 11:48:38.176 [java] [ERROR] org.reflections.ReflectionsException: could not create Vfs.Dir from url, no matching UrlType was found [file:/C:/Users/a.basaleh/.jdks/openjdk-26.0.1!/jdk.management.jfr]
12-06-2026 11:48:38.176 [java] [ERROR] either use fromURL(final URL url, final List<UrlType> urlTypes) or use the static setDefaultURLTypes(final List<UrlType> urlTypes) or addDefaultURLTypes(UrlType urlType) with your specialized UrlType.
12-06-2026 11:48:38.176 [java] [ERROR] 	at org.reflections.vfs.Vfs.fromURL(Vfs.java:113)
12-06-2026 11:48:38.176 [java] [ERROR] 	at org.reflections.vfs.Vfs.fromURL(Vfs.java:95)
12-06-2026 11:48:38.176 [java] [ERROR] 	at org.reflections.Reflections.lambda$scan$2(Reflections.java:176)
12-06-2026 11:48:38.176 [java] [ERROR] 	at java.base/java.util.stream.ForEachOps$ForEachOp$OfRef.accept(ForEachOps.java:186)
12-06-2026 11:48:38.176 [java] [ERROR] 	at java.base/java.util.HashMap$KeySpliterator.forEachRemaining(HashMap.java:1716)
12-06-2026 11:48:38.176 [java] [ERROR] 	at java.base/java.util.stream.AbstractPipeline.copyInto(AbstractPipeline.java:570)
12-06-2026 11:48:38.176 [java] [ERROR] 	at java.base/java.util.stream.ForEachOps$ForEachTask.compute(ForEachOps.java:293)
12-06-2026 11:48:38.176 [java] [ERROR] 	at java.base/java.util.concurrent.CountedCompleter.exec(CountedCompleter.java:759)
12-06-2026 11:48:38.176 [java] [ERROR] 	at java.base/java.util.concurrent.ForkJoinTask.doExec(ForkJoinTask.java:511)
12-06-2026 11:48:38.176 [java] [ERROR] 	at java.base/java.util.concurrent.ForkJoinPool$WorkQueue.helpComplete(ForkJoinPool.java:1537)
12-06-2026 11:48:38.176 [java] [ERROR] 	at java.base/java.util.concurrent.ForkJoinPool.helpComplete(ForkJoinPool.java:2332)
12-06-2026 11:48:38.176 [java] [ERROR] 	at java.base/java.util.concurrent.ForkJoinTask.awaitDone(ForkJoinTask.java:497)
12-06-2026 11:48:38.176 [java] [ERROR] 	at java.base/java.util.concurrent.ForkJoinTask.join(ForkJoinTask.java:669)
12-06-2026 11:48:38.176 [java] [ERROR] 	at java.base/java.util.concurrent.ForkJoinTask.invoke(ForkJoinTask.java:684)
12-06-2026 11:48:38.177 [java] [ERROR] 	at java.base/java.util.stream.ForEachOps$ForEachOp.evaluateParallel(ForEachOps.java:162)
12-06-2026 11:48:38.177 [java] [ERROR] 	at java.base/java.util.stream.ForEachOps$ForEachOp$OfRef.evaluateParallel(ForEachOps.java:176)
12-06-2026 11:48:38.182 [java] [ERROR] 	at java.base/java.util.stream.AbstractPipeline.evaluate(AbstractPipeline.java:264)
12-06-2026 11:48:38.182 [java] [ERROR] 	at java.base/java.util.stream.ReferencePipeline.forEach(ReferencePipeline.java:632)
12-06-2026 11:48:38.182 [java] [ERROR] 	at java.base/java.util.stream.ReferencePipeline$Head.forEach(ReferencePipeline.java:806)
12-06-2026 11:48:38.182 [java] [ERROR] 	at org.reflections.Reflections.scan(Reflections.java:173)
12-06-2026 11:48:38.182 [java] [ERROR] 	at org.reflections.Reflections.<init>(Reflections.java:126)
12-06-2026 11:48:38.182 [java] [ERROR] 	at com.thoughtworks.gauge.scan.ClasspathScanner.createReflections(ClasspathScanner.java:57)
12-06-2026 11:48:38.182 [java] [ERROR] 	at com.thoughtworks.gauge.scan.ClasspathScanner.scan(ClasspathScanner.java:32)
12-06-2026 11:48:38.182 [java] [ERROR] 	at com.thoughtworks.gauge.connection.MessageProcessorFactory.lambda$new$0(MessageProcessorFactory.java:49)
12-06-2026 11:48:38.182 [java] [ERROR] 	at java.base/java.util.concurrent.Executors$RunnableAdapter.call(Executors.java:545)
12-06-2026 11:48:38.182 [java] [ERROR] 	at java.base/java.util.concurrent.FutureTask.run(FutureTask.java:330)
12-06-2026 11:48:38.182 [java] [ERROR] 	at java.base/java.util.concurrent.ThreadPoolExecutor.runWorker(ThreadPoolExecutor.java:1090)
12-06-2026 11:48:38.182 [java] [ERROR] 	at java.base/java.util.concurrent.ThreadPoolExecutor$Worker.run(ThreadPoolExecutor.java:614)
12-06-2026 11:48:38.182 [java] [ERROR] 	at java.base/java.lang.Thread.run(Thread.java:1516)
12-06-2026 11:48:38.182 [java] [ERROR] [ForkJoinPool.commonPool-worker-2] WARN org.reflections.Reflections - could not create Dir using com.thoughtworks.gauge.scan.ClasspathScanner$1@440b067b from url file:/C:/Users/a.basaleh/.jdks/openjdk-26.0.1!/jdk.jconsole. skipping.
12-06-2026 11:48:38.182 [java] [ERROR] java.lang.NullPointerException: Cannot invoke "java.io.File.isDirectory()" because "file" is null
12-06-2026 11:48:38.182 [java] [ERROR] 	at com.thoughtworks.gauge.scan.ClasspathScanner$1.createDir(ClasspathScanner.java:48)
12-06-2026 11:48:38.182 [java] [ERROR] 	at org.reflections.vfs.Vfs.fromURL(Vfs.java:103)
12-06-2026 11:48:38.182 [java] [ERROR] 	at org.reflections.vfs.Vfs.fromURL(Vfs.java:95)
12-06-2026 11:48:38.182 [java] [ERROR] 	at org.reflections.Reflections.lambda$scan$2(Reflections.java:176)
12-06-2026 11:48:38.182 [java] [ERROR] 	at java.base/java.util.stream.ForEachOps$ForEachOp$OfRef.accept(ForEachOps.java:186)
12-06-2026 11:48:38.182 [java] [ERROR] 	at java.base/java.util.HashMap$KeySpliterator.forEachRemaining(HashMap.java:1716)
12-06-2026 11:48:38.182 [java] [ERROR] 	at java.base/java.util.stream.AbstractPipeline.copyInto(AbstractPipeline.java:570)
12-06-2026 11:48:38.182 [java] [ERROR] 	at java.base/java.util.stream.ForEachOps$ForEachTask.compute(ForEachOps.java:293)
12-06-2026 11:48:38.182 [java] [ERROR] 	at java.base/java.util.concurrent.CountedCompleter.exec(CountedCompleter.java:759)
12-06-2026 11:48:38.182 [java] [ERROR] 	at java.base/java.util.concurrent.ForkJoinTask.doExec(ForkJoinTask.java:511)
12-06-2026 11:48:38.182 [java] [ERROR] 	at java.base/java.util.concurrent.ForkJoinPool$WorkQueue.topLevelExec(ForkJoinPool.java:1450)
12-06-2026 11:48:38.182 [java] [ERROR] 	at java.base/java.util.concurrent.ForkJoinPool.runWorker(ForkJoinPool.java:2019)
12-06-2026 11:48:38.182 [java] [ERROR] 	at java.base/java.util.concurrent.ForkJoinWorkerThread.run(ForkJoinWorkerThread.java:187)
12-06-2026 11:48:38.182 [java] [ERROR] [ForkJoinPool.commonPool-worker-2] WARN org.reflections.Reflections - could not create Vfs.Dir from url. ignoring the exception and continuing
12-06-2026 11:48:38.182 [java] [ERROR] org.reflections.ReflectionsException: could not create Vfs.Dir from url, no matching UrlType was found [file:/C:/Users/a.basaleh/.jdks/openjdk-26.0.1!/jdk.jconsole]
12-06-2026 11:48:38.182 [java] [ERROR] either use fromURL(final URL url, final List<UrlType> urlTypes) or use the static setDefaultURLTypes(final List<UrlType> urlTypes) or addDefaultURLTypes(UrlType urlType) with your specialized UrlType.
12-06-2026 11:48:38.182 [java] [ERROR] 	at org.reflections.vfs.Vfs.fromURL(Vfs.java:113)
12-06-2026 11:48:38.182 [java] [ERROR] 	at org.reflections.vfs.Vfs.fromURL(Vfs.java:95)
12-06-2026 11:48:38.182 [java] [ERROR] 	at org.reflections.Reflections.lambda$scan$2(Reflections.java:176)
12-06-2026 11:48:38.182 [java] [ERROR] 	at java.base/java.util.stream.ForEachOps$ForEachOp$OfRef.accept(ForEachOps.java:186)
12-06-2026 11:48:38.182 [java] [ERROR] 	at java.base/java.util.HashMap$KeySpliterator.forEachRemaining(HashMap.java:1716)
12-06-2026 11:48:38.182 [java] [ERROR] 	at java.base/java.util.stream.AbstractPipeline.copyInto(AbstractPipeline.java:570)
12-06-2026 11:48:38.182 [java] [ERROR] 	at java.base/java.util.stream.ForEachOps$ForEachTask.compute(ForEachOps.java:293)
12-06-2026 11:48:38.182 [java] [ERROR] 	at java.base/java.util.concurrent.CountedCompleter.exec(CountedCompleter.java:759)
12-06-2026 11:48:38.182 [java] [ERROR] 	at java.base/java.util.concurrent.ForkJoinTask.doExec(ForkJoinTask.java:511)
12-06-2026 11:48:38.182 [java] [ERROR] 	at java.base/java.util.concurrent.ForkJoinPool$WorkQueue.topLevelExec(ForkJoinPool.java:1450)
12-06-2026 11:48:38.182 [java] [ERROR] 	at java.base/java.util.concurrent.ForkJoinPool.runWorker(ForkJoinPool.java:2019)
12-06-2026 11:48:38.182 [java] [ERROR] 	at java.base/java.util.concurrent.ForkJoinWorkerThread.run(ForkJoinWorkerThread.java:187)
12-06-2026 11:48:38.182 [java] [ERROR] [ForkJoinPool.commonPool-worker-1] WARN org.reflections.Reflections - could not create Dir using com.thoughtworks.gauge.scan.ClasspathScanner$1@440b067b from url file:/C:/Users/a.basaleh/.jdks/openjdk-26.0.1!/jdk.jfr. skipping.
12-06-2026 11:48:38.182 [java] [ERROR] java.lang.NullPointerException: Cannot invoke "java.io.File.isDirectory()" because "file" is null
12-06-2026 11:48:38.182 [java] [ERROR] 	at com.thoughtworks.gauge.scan.ClasspathScanner$1.createDir(ClasspathScanner.java:48)
12-06-2026 11:48:38.182 [java] [ERROR] 	at org.reflections.vfs.Vfs.fromURL(Vfs.java:103)
12-06-2026 11:48:38.182 [java] [ERROR] 	at org.reflections.vfs.Vfs.fromURL(Vfs.java:95)
12-06-2026 11:48:38.182 [java] [ERROR] 	at org.reflections.Reflections.lambda$scan$2(Reflections.java:176)
12-06-2026 11:48:38.182 [java] [ERROR] 	at java.base/java.util.stream.ForEachOps$ForEachOp$OfRef.accept(ForEachOps.java:186)
12-06-2026 11:48:38.182 [java] [ERROR] 	at java.base/java.util.HashMap$KeySpliterator.forEachRemaining(HashMap.java:1716)
12-06-2026 11:48:38.206 [java] [ERROR] 	at java.base/java.util.stream.AbstractPipeline.copyInto(AbstractPipeline.java:570)
12-06-2026 11:48:38.206 [java] [ERROR] 	at java.base/java.util.stream.ForEachOps$ForEachTask.compute(ForEachOps.java:293)
12-06-2026 11:48:38.206 [java] [ERROR] 	at java.base/java.util.concurrent.CountedCompleter.exec(CountedCompleter.java:759)
12-06-2026 11:48:38.206 [java] [ERROR] 	at java.base/java.util.concurrent.ForkJoinTask.doExec(ForkJoinTask.java:511)
12-06-2026 11:48:38.206 [java] [ERROR] 	at java.base/java.util.concurrent.ForkJoinPool$WorkQueue.topLevelExec(ForkJoinPool.java:1450)
12-06-2026 11:48:38.206 [java] [ERROR] 	at java.base/java.util.concurrent.ForkJoinPool.runWorker(ForkJoinPool.java:2019)
12-06-2026 11:48:38.206 [java] [ERROR] 	at java.base/java.util.concurrent.ForkJoinWorkerThread.run(ForkJoinWorkerThread.java:187)
12-06-2026 11:48:38.206 [java] [ERROR] [ForkJoinPool.commonPool-worker-1] WARN org.reflections.Reflections - could not create Vfs.Dir from url. ignoring the exception and continuing
12-06-2026 11:48:38.206 [java] [ERROR] org.reflections.ReflectionsException: could not create Vfs.Dir from url, no matching UrlType was found [file:/C:/Users/a.basaleh/.jdks/openjdk-26.0.1!/jdk.jfr]
12-06-2026 11:48:38.206 [java] [ERROR] either use fromURL(final URL url, final List<UrlType> urlTypes) or use the static setDefaultURLTypes(final List<UrlType> urlTypes) or addDefaultURLTypes(UrlType urlType) with your specialized UrlType.
12-06-2026 11:48:38.206 [java] [ERROR] 	at org.reflections.vfs.Vfs.fromURL(Vfs.java:113)
12-06-2026 11:48:38.206 [java] [ERROR] 	at org.reflections.vfs.Vfs.fromURL(Vfs.java:95)
12-06-2026 11:48:38.206 [java] [ERROR] 	at org.reflections.Reflections.lambda$scan$2(Reflections.java:176)
12-06-2026 11:48:38.206 [java] [ERROR] 	at java.base/java.util.stream.ForEachOps$ForEachOp$OfRef.accept(ForEachOps.java:186)
12-06-2026 11:48:38.206 [java] [ERROR] 	at java.base/java.util.HashMap$KeySpliterator.forEachRemaining(HashMap.java:1716)
12-06-2026 11:48:38.206 [java] [ERROR] 	at java.base/java.util.stream.AbstractPipeline.copyInto(AbstractPipeline.java:570)
12-06-2026 11:48:38.206 [java] [ERROR] 	at java.base/java.util.stream.ForEachOps$ForEachTask.compute(ForEachOps.java:293)
12-06-2026 11:48:38.206 [java] [ERROR] 	at java.base/java.util.concurrent.CountedCompleter.exec(CountedCompleter.java:759)
12-06-2026 11:48:38.206 [java] [ERROR] 	at java.base/java.util.concurrent.ForkJoinTask.doExec(ForkJoinTask.java:511)
12-06-2026 11:48:38.206 [java] [ERROR] 	at java.base/java.util.concurrent.ForkJoinPool$WorkQueue.topLevelExec(ForkJoinPool.java:1450)
12-06-2026 11:48:38.206 [java] [ERROR] 	at java.base/java.util.concurrent.ForkJoinPool.runWorker(ForkJoinPool.java:2019)
12-06-2026 11:48:38.206 [java] [ERROR] 	at java.base/java.util.concurrent.ForkJoinWorkerThread.run(ForkJoinWorkerThread.java:187)
12-06-2026 11:48:38.206 [java] [ERROR] [ForkJoinPool.commonPool-worker-1] WARN org.reflections.Reflections - could not create Dir using com.thoughtworks.gauge.scan.ClasspathScanner$1@440b067b from url file:/C:/Users/a.basaleh/.jdks/openjdk-26.0.1!/jdk.management. skipping.
12-06-2026 11:48:38.206 [java] [ERROR] java.lang.NullPointerException: Cannot invoke "java.io.File.isDirectory()" because "file" is null
12-06-2026 11:48:38.206 [java] [ERROR] 	at com.thoughtworks.gauge.scan.ClasspathScanner$1.createDir(ClasspathScanner.java:48)
12-06-2026 11:48:38.206 [java] [ERROR] 	at org.reflections.vfs.Vfs.fromURL(Vfs.java:103)
12-06-2026 11:48:38.206 [java] [ERROR] 	at org.reflections.vfs.Vfs.fromURL(Vfs.java:95)
12-06-2026 11:48:38.206 [java] [ERROR] 	at org.reflections.Reflections.lambda$scan$2(Reflections.java:176)
12-06-2026 11:48:38.206 [java] [ERROR] 	at java.base/java.util.stream.ForEachOps$ForEachOp$OfRef.accept(ForEachOps.java:186)
12-06-2026 11:48:38.206 [java] [ERROR] 	at java.base/java.util.HashMap$KeySpliterator.forEachRemaining(HashMap.java:1716)
12-06-2026 11:48:38.206 [java] [ERROR] 	at java.base/java.util.stream.AbstractPipeline.copyInto(AbstractPipeline.java:570)
12-06-2026 11:48:38.206 [java] [ERROR] 	at java.base/java.util.stream.ForEachOps$ForEachTask.compute(ForEachOps.java:293)
12-06-2026 11:48:38.206 [java] [ERROR] 	at java.base/java.util.concurrent.CountedCompleter.exec(CountedCompleter.java:759)
12-06-2026 11:48:38.206 [java] [ERROR] 	at java.base/java.util.concurrent.ForkJoinTask.doExec(ForkJoinTask.java:511)
12-06-2026 11:48:38.208 [java] [ERROR] 	at java.base/java.util.concurrent.ForkJoinPool$WorkQueue.topLevelExec(ForkJoinPool.java:1450)
12-06-2026 11:48:38.208 [java] [ERROR] 	at java.base/java.util.concurrent.ForkJoinPool.runWorker(ForkJoinPool.java:2019)
12-06-2026 11:48:38.208 [java] [ERROR] 	at java.base/java.util.concurrent.ForkJoinWorkerThread.run(ForkJoinWorkerThread.java:187)
12-06-2026 11:48:38.208 [java] [ERROR] [ForkJoinPool.commonPool-worker-1] WARN org.reflections.Reflections - could not create Vfs.Dir from url. ignoring the exception and continuing
12-06-2026 11:48:38.208 [java] [ERROR] org.reflections.ReflectionsException: could not create Vfs.Dir from url, no matching UrlType was found [file:/C:/Users/a.basaleh/.jdks/openjdk-26.0.1!/jdk.management]
12-06-2026 11:48:38.208 [java] [ERROR] either use fromURL(final URL url, final List<UrlType> urlTypes) or use the static setDefaultURLTypes(final List<UrlType> urlTypes) or addDefaultURLTypes(UrlType urlType) with your specialized UrlType.
12-06-2026 11:48:38.208 [java] [ERROR] 	at org.reflections.vfs.Vfs.fromURL(Vfs.java:113)
12-06-2026 11:48:38.208 [java] [ERROR] 	at org.reflections.vfs.Vfs.fromURL(Vfs.java:95)
12-06-2026 11:48:38.208 [java] [ERROR] 	at org.reflections.Reflections.lambda$scan$2(Reflections.java:176)
12-06-2026 11:48:38.208 [java] [ERROR] 	at java.base/java.util.stream.ForEachOps$ForEachOp$OfRef.accept(ForEachOps.java:186)
12-06-2026 11:48:38.208 [java] [ERROR] 	at java.base/java.util.HashMap$KeySpliterator.forEachRemaining(HashMap.java:1716)
12-06-2026 11:48:38.208 [java] [ERROR] 	at java.base/java.util.stream.AbstractPipeline.copyInto(AbstractPipeline.java:570)
12-06-2026 11:48:38.208 [java] [ERROR] 	at java.base/java.util.stream.ForEachOps$ForEachTask.compute(ForEachOps.java:293)
12-06-2026 11:48:38.208 [java] [ERROR] 	at java.base/java.util.concurrent.CountedCompleter.exec(CountedCompleter.java:759)
12-06-2026 11:48:38.208 [java] [ERROR] 	at java.base/java.util.concurrent.ForkJoinTask.doExec(ForkJoinTask.java:511)
12-06-2026 11:48:38.208 [java] [ERROR] 	at java.base/java.util.concurrent.ForkJoinPool$WorkQueue.topLevelExec(ForkJoinPool.java:1450)
12-06-2026 11:48:38.208 [java] [ERROR] 	at java.base/java.util.concurrent.ForkJoinPool.runWorker(ForkJoinPool.java:2019)
12-06-2026 11:48:38.208 [java] [ERROR] 	at java.base/java.util.concurrent.ForkJoinWorkerThread.run(ForkJoinWorkerThread.java:187)
12-06-2026 11:48:38.208 [java] [ERROR] [ForkJoinPool.commonPool-worker-5] WARN org.reflections.Reflections - could not create Dir using com.thoughtworks.gauge.scan.ClasspathScanner$1@440b067b from url file:/C:/Users/a.basaleh/.jdks/openjdk-26.0.1!/jdk.jstatd. skipping.
12-06-2026 11:48:38.208 [java] [ERROR] java.lang.NullPointerException: Cannot invoke "java.io.File.isDirectory()" because "file" is null
12-06-2026 11:48:38.208 [java] [ERROR] 	at com.thoughtworks.gauge.scan.ClasspathScanner$1.createDir(ClasspathScanner.java:48)
12-06-2026 11:48:38.208 [java] [ERROR] 	at org.reflections.vfs.Vfs.fromURL(Vfs.java:103)
12-06-2026 11:48:38.208 [java] [ERROR] 	at org.reflections.vfs.Vfs.fromURL(Vfs.java:95)
12-06-2026 11:48:38.208 [java] [ERROR] 	at org.reflections.Reflections.lambda$scan$2(Reflections.java:176)
12-06-2026 11:48:38.208 [java] [ERROR] 	at java.base/java.util.stream.ForEachOps$ForEachOp$OfRef.accept(ForEachOps.java:186)
12-06-2026 11:48:38.208 [java] [ERROR] 	at java.base/java.util.HashMap$KeySpliterator.forEachRemaining(HashMap.java:1716)
12-06-2026 11:48:38.208 [java] [ERROR] 	at java.base/java.util.stream.AbstractPipeline.copyInto(AbstractPipeline.java:570)
12-06-2026 11:48:38.208 [java] [ERROR] 	at java.base/java.util.stream.ForEachOps$ForEachTask.compute(ForEachOps.java:293)
12-06-2026 11:48:38.208 [java] [ERROR] 	at java.base/java.util.concurrent.CountedCompleter.exec(CountedCompleter.java:759)
12-06-2026 11:48:38.208 [java] [ERROR] 	at java.base/java.util.concurrent.ForkJoinTask.doExec(ForkJoinTask.java:511)
12-06-2026 11:48:38.208 [java] [ERROR] 	at java.base/java.util.concurrent.ForkJoinPool$WorkQueue.topLevelExec(ForkJoinPool.java:1450)
12-06-2026 11:48:38.208 [java] [ERROR] 	at java.base/java.util.concurrent.ForkJoinPool.runWorker(ForkJoinPool.java:2019)
12-06-2026 11:48:38.208 [java] [ERROR] 	at java.base/java.util.concurrent.ForkJoinWorkerThread.run(ForkJoinWorkerThread.java:187)
12-06-2026 11:48:38.210 [java] [ERROR] [ForkJoinPool.commonPool-worker-7] WARN org.reflections.Reflections - could not create Dir using com.thoughtworks.gauge.scan.ClasspathScanner$1@440b067b from url file:/C:/Users/a.basaleh/.jdks/openjdk-26.0.1!/java.security.sasl. skipping.
12-06-2026 11:48:38.210 [java] [ERROR] java.lang.NullPointerException: Cannot invoke "java.io.File.isDirectory()" because "file" is null
12-06-2026 11:48:38.210 [java] [ERROR] 	at com.thoughtworks.gauge.scan.ClasspathScanner$1.createDir(ClasspathScanner.java:48)
12-06-2026 11:48:38.210 [java] [ERROR] 	at org.reflections.vfs.Vfs.fromURL(Vfs.java:103)
12-06-2026 11:48:38.210 [java] [ERROR] 	at org.reflections.vfs.Vfs.fromURL(Vfs.java:95)
12-06-2026 11:48:38.210 [java] [ERROR] 	at org.reflections.Reflections.lambda$scan$2(Reflections.java:176)
12-06-2026 11:48:38.210 [java] [ERROR] 	at java.base/java.util.stream.ForEachOps$ForEachOp$OfRef.accept(ForEachOps.java:186)
12-06-2026 11:48:38.210 [java] [ERROR] 	at java.base/java.util.HashMap$KeySpliterator.forEachRemaining(HashMap.java:1716)
12-06-2026 11:48:38.210 [java] [ERROR] 	at java.base/java.util.stream.AbstractPipeline.copyInto(AbstractPipeline.java:570)
12-06-2026 11:48:38.210 [java] [ERROR] 	at java.base/java.util.stream.ForEachOps$ForEachTask.compute(ForEachOps.java:293)
12-06-2026 11:48:38.210 [java] [ERROR] 	at java.base/java.util.concurrent.CountedCompleter.exec(CountedCompleter.java:759)
12-06-2026 11:48:38.210 [java] [ERROR] 	at java.base/java.util.concurrent.ForkJoinTask.doExec(ForkJoinTask.java:511)
12-06-2026 11:48:38.210 [java] [ERROR] 	at java.base/java.util.concurrent.ForkJoinPool$WorkQueue.topLevelExec(ForkJoinPool.java:1450)
12-06-2026 11:48:38.210 [java] [ERROR] 	at java.base/java.util.concurrent.ForkJoinPool.runWorker(ForkJoinPool.java:2019)
12-06-2026 11:48:38.210 [java] [ERROR] 	at java.base/java.util.concurrent.ForkJoinWorkerThread.run(ForkJoinWorkerThread.java:187)
12-06-2026 11:48:38.210 [java] [ERROR] [ForkJoinPool.commonPool-worker-3] WARN org.reflections.Reflections - could not create Vfs.Dir from url. ignoring the exception and continuing
12-06-2026 11:48:38.210 [java] [ERROR] org.reflections.ReflectionsException: could not create Vfs.Dir from url, no matching UrlType was found [file:/C:/Users/a.basaleh/.jdks/openjdk-26.0.1!/java.base]
12-06-2026 11:48:38.210 [java] [ERROR] either use fromURL(final URL url, final List<UrlType> urlTypes) or use the static setDefaultURLTypes(final List<UrlType> urlTypes) or addDefaultURLTypes(UrlType urlType) with your specialized UrlType.
12-06-2026 11:48:38.210 [java] [ERROR] 	at org.reflections.vfs.Vfs.fromURL(Vfs.java:113)
12-06-2026 11:48:38.210 [java] [ERROR] 	at org.reflections.vfs.Vfs.fromURL(Vfs.java:95)
12-06-2026 11:48:38.210 [java] [ERROR] 	at org.reflections.Reflections.lambda$scan$2(Reflections.java:176)
12-06-2026 11:48:38.210 [java] [ERROR] 	at java.base/java.util.stream.ForEachOps$ForEachOp$OfRef.accept(ForEachOps.java:186)
12-06-2026 11:48:38.210 [java] [ERROR] 	at java.base/java.util.HashMap$KeySpliterator.forEachRemaining(HashMap.java:1716)
12-06-2026 11:48:38.210 [java] [ERROR] 	at java.base/java.util.stream.AbstractPipeline.copyInto(AbstractPipeline.java:570)
12-06-2026 11:48:38.210 [java] [ERROR] 	at java.base/java.util.stream.ForEachOps$ForEachTask.compute(ForEachOps.java:293)
12-06-2026 11:48:38.210 [java] [ERROR] 	at java.base/java.util.concurrent.CountedCompleter.exec(CountedCompleter.java:759)
12-06-2026 11:48:38.210 [java] [ERROR] 	at java.base/java.util.concurrent.ForkJoinTask.doExec(ForkJoinTask.java:511)
12-06-2026 11:48:38.210 [java] [ERROR] 	at java.base/java.util.concurrent.ForkJoinPool$WorkQueue.topLevelExec(ForkJoinPool.java:1450)
12-06-2026 11:48:38.210 [java] [ERROR] 	at java.base/java.util.concurrent.ForkJoinPool.runWorker(ForkJoinPool.java:2019)
12-06-2026 11:48:38.210 [java] [ERROR] 	at java.base/java.util.concurrent.ForkJoinWorkerThread.run(ForkJoinWorkerThread.java:187)
12-06-2026 11:48:38.211 [java] [ERROR] [ForkJoinPool.commonPool-worker-11] WARN org.reflections.Reflections - could not create Dir using com.thoughtworks.gauge.scan.ClasspathScanner$1@440b067b from url file:/C:/Users/a.basaleh/.jdks/openjdk-26.0.1!/jdk.crypto.ec. skipping.
12-06-2026 11:48:38.211 [java] [ERROR] java.lang.NullPointerException: Cannot invoke "java.io.File.isDirectory()" because "file" is null
12-06-2026 11:48:38.211 [java] [ERROR] 	at com.thoughtworks.gauge.scan.ClasspathScanner$1.createDir(ClasspathScanner.java:48)
12-06-2026 11:48:38.211 [java] [ERROR] 	at org.reflections.vfs.Vfs.fromURL(Vfs.java:103)
12-06-2026 11:48:38.211 [java] [ERROR] 	at org.reflections.vfs.Vfs.fromURL(Vfs.java:95)
12-06-2026 11:48:38.211 [java] [ERROR] 	at org.reflections.Reflections.lambda$scan$2(Reflections.java:176)
12-06-2026 11:48:38.211 [java] [ERROR] 	at java.base/java.util.stream.ForEachOps$ForEachOp$OfRef.accept(ForEachOps.java:186)
12-06-2026 11:48:38.211 [java] [ERROR] 	at java.base/java.util.HashMap$KeySpliterator.forEachRemaining(HashMap.java:1716)
12-06-2026 11:48:38.211 [java] [ERROR] 	at java.base/java.util.stream.AbstractPipeline.copyInto(AbstractPipeline.java:570)
12-06-2026 11:48:38.211 [java] [ERROR] 	at java.base/java.util.stream.ForEachOps$ForEachTask.compute(ForEachOps.java:293)
12-06-2026 11:48:38.211 [java] [ERROR] 	at java.base/java.util.concurrent.CountedCompleter.exec(CountedCompleter.java:759)
12-06-2026 11:48:38.211 [java] [ERROR] 	at java.base/java.util.concurrent.ForkJoinTask.doExec(ForkJoinTask.java:511)
12-06-2026 11:48:38.211 [java] [ERROR] 	at java.base/java.util.concurrent.ForkJoinPool$WorkQueue.topLevelExec(ForkJoinPool.java:1450)
12-06-2026 11:48:38.211 [java] [ERROR] 	at java.base/java.util.concurrent.ForkJoinPool.runWorker(ForkJoinPool.java:2019)
12-06-2026 11:48:38.211 [java] [ERROR] 	at java.base/java.util.concurrent.ForkJoinWorkerThread.run(ForkJoinWorkerThread.java:187)
12-06-2026 11:48:38.211 [java] [ERROR] [ForkJoinPool.commonPool-worker-6] WARN org.reflections.Reflections - could not create Dir using com.thoughtworks.gauge.scan.ClasspathScanner$1@440b067b from url file:/C:/Users/a.basaleh/.jdks/openjdk-26.0.1!/jdk.nio.mapmode. skipping.
12-06-2026 11:48:38.211 [java] [ERROR] java.lang.NullPointerException: Cannot invoke "java.io.File.isDirectory()" because "file" is null
12-06-2026 11:48:38.211 [java] [ERROR] 	at com.thoughtworks.gauge.scan.ClasspathScanner$1.createDir(ClasspathScanner.java:48)
12-06-2026 11:48:38.211 [java] [ERROR] 	at org.reflections.vfs.Vfs.fromURL(Vfs.java:103)
12-06-2026 11:48:38.211 [java] [ERROR] 	at org.reflections.vfs.Vfs.fromURL(Vfs.java:95)
12-06-2026 11:48:38.211 [java] [ERROR] 	at org.reflections.Reflections.lambda$scan$2(Reflections.java:176)
12-06-2026 11:48:38.211 [java] [ERROR] 	at java.base/java.util.stream.ForEachOps$ForEachOp$OfRef.accept(ForEachOps.java:186)
12-06-2026 11:48:38.211 [java] [ERROR] 	at java.base/java.util.HashMap$KeySpliterator.forEachRemaining(HashMap.java:1716)
12-06-2026 11:48:38.211 [java] [ERROR] 	at java.base/java.util.stream.AbstractPipeline.copyInto(AbstractPipeline.java:570)
12-06-2026 11:48:38.211 [java] [ERROR] 	at java.base/java.util.stream.ForEachOps$ForEachTask.compute(ForEachOps.java:293)
12-06-2026 11:48:38.211 [java] [ERROR] 	at java.base/java.util.concurrent.CountedCompleter.exec(CountedCompleter.java:759)
12-06-2026 11:48:38.211 [java] [ERROR] 	at java.base/java.util.concurrent.ForkJoinTask.doExec(ForkJoinTask.java:511)
12-06-2026 11:48:38.211 [java] [ERROR] 	at java.base/java.util.concurrent.ForkJoinPool$WorkQueue.topLevelExec(ForkJoinPool.java:1450)
12-06-2026 11:48:38.211 [java] [ERROR] 	at java.base/java.util.concurrent.ForkJoinPool.runWorker(ForkJoinPool.java:2019)
12-06-2026 11:48:38.211 [java] [ERROR] 	at java.base/java.util.concurrent.ForkJoinWorkerThread.run(ForkJoinWorkerThread.java:187)
12-06-2026 11:48:38.211 [java] [ERROR] [ForkJoinPool.commonPool-worker-10] WARN org.reflections.Reflections - could not create Dir using com.thoughtworks.gauge.scan.ClasspathScanner$1@440b067b from url file:/C:/Users/a.basaleh/.jdks/openjdk-26.0.1!/java.scripting. skipping.
12-06-2026 11:48:38.212 [java] [ERROR] java.lang.NullPointerException: Cannot invoke "java.io.File.isDirectory()" because "file" is null
12-06-2026 11:48:38.212 [java] [ERROR] 	at com.thoughtworks.gauge.scan.ClasspathScanner$1.createDir(ClasspathScanner.java:48)
12-06-2026 11:48:38.213 [java] [ERROR] 	at org.reflections.vfs.Vfs.fromURL(Vfs.java:103)
12-06-2026 11:48:38.213 [java] [ERROR] 	at org.reflections.vfs.Vfs.fromURL(Vfs.java:95)
12-06-2026 11:48:38.213 [java] [ERROR] 	at org.reflections.Reflections.lambda$scan$2(Reflections.java:176)
12-06-2026 11:48:38.213 [java] [ERROR] 	at java.base/java.util.stream.ForEachOps$ForEachOp$OfRef.accept(ForEachOps.java:186)
12-06-2026 11:48:38.213 [java] [ERROR] 	at java.base/java.util.HashMap$KeySpliterator.forEachRemaining(HashMap.java:1716)
12-06-2026 11:48:38.213 [java] [ERROR] 	at java.base/java.util.stream.AbstractPipeline.copyInto(AbstractPipeline.java:570)
12-06-2026 11:48:38.213 [java] [ERROR] 	at java.base/java.util.stream.ForEachOps$ForEachTask.compute(ForEachOps.java:293)
12-06-2026 11:48:38.213 [java] [ERROR] 	at java.base/java.util.concurrent.CountedCompleter.exec(CountedCompleter.java:759)
12-06-2026 11:48:38.213 [java] [ERROR] 	at java.base/java.util.concurrent.ForkJoinTask.doExec(ForkJoinTask.java:511)
12-06-2026 11:48:38.213 [java] [ERROR] 	at java.base/java.util.concurrent.ForkJoinPool$WorkQueue.topLevelExec(ForkJoinPool.java:1450)
12-06-2026 11:48:38.213 [java] [ERROR] 	at java.base/java.util.concurrent.ForkJoinPool.runWorker(ForkJoinPool.java:2019)
12-06-2026 11:48:38.213 [java] [ERROR] 	at java.base/java.util.concurrent.ForkJoinWorkerThread.run(ForkJoinWorkerThread.java:187)
12-06-2026 11:48:38.213 [java] [ERROR] [ForkJoinPool.commonPool-worker-6] WARN org.reflections.Reflections - could not create Vfs.Dir from url. ignoring the exception and continuing
12-06-2026 11:48:38.213 [java] [ERROR] org.reflections.ReflectionsException: could not create Vfs.Dir from url, no matching UrlType was found [file:/C:/Users/a.basaleh/.jdks/openjdk-26.0.1!/jdk.nio.mapmode]
12-06-2026 11:48:38.213 [java] [ERROR] either use fromURL(final URL url, final List<UrlType> urlTypes) or use the static setDefaultURLTypes(final List<UrlType> urlTypes) or addDefaultURLTypes(UrlType urlType) with your specialized UrlType.
12-06-2026 11:48:38.213 [java] [ERROR] 	at org.reflections.vfs.Vfs.fromURL(Vfs.java:113)
12-06-2026 11:48:38.213 [java] [ERROR] 	at org.reflections.vfs.Vfs.fromURL(Vfs.java:95)
12-06-2026 11:48:38.213 [java] [ERROR] 	at org.reflections.Reflections.lambda$scan$2(Reflections.java:176)
12-06-2026 11:48:38.213 [java] [ERROR] 	at java.base/java.util.stream.ForEachOps$ForEachOp$OfRef.accept(ForEachOps.java:186)
12-06-2026 11:48:38.213 [java] [ERROR] 	at java.base/java.util.HashMap$KeySpliterator.forEachRemaining(HashMap.java:1716)
12-06-2026 11:48:38.213 [java] [ERROR] 	at java.base/java.util.stream.AbstractPipeline.copyInto(AbstractPipeline.java:570)
12-06-2026 11:48:38.213 [java] [ERROR] 	at java.base/java.util.stream.ForEachOps$ForEachTask.compute(ForEachOps.java:293)
12-06-2026 11:48:38.213 [java] [ERROR] 	at java.base/java.util.concurrent.CountedCompleter.exec(CountedCompleter.java:759)
12-06-2026 11:48:38.213 [java] [ERROR] 	at java.base/java.util.concurrent.ForkJoinTask.doExec(ForkJoinTask.java:511)
12-06-2026 11:48:38.213 [java] [ERROR] 	at java.base/java.util.concurrent.ForkJoinPool$WorkQueue.topLevelExec(ForkJoinPool.java:1450)
12-06-2026 11:48:38.213 [java] [ERROR] 	at java.base/java.util.concurrent.ForkJoinPool.runWorker(ForkJoinPool.java:2019)
12-06-2026 11:48:38.213 [java] [ERROR] 	at java.base/java.util.concurrent.ForkJoinWorkerThread.run(ForkJoinWorkerThread.java:187)
12-06-2026 11:48:38.213 [java] [ERROR] [ForkJoinPool.commonPool-worker-1] WARN org.reflections.Reflections - could not create Dir using com.thoughtworks.gauge.scan.ClasspathScanner$1@440b067b from url file:/C:/Users/a.basaleh/.jdks/openjdk-26.0.1!/java.smartcardio. skipping.
12-06-2026 11:48:38.213 [java] [ERROR] java.lang.NullPointerException: Cannot invoke "java.io.File.isDirectory()" because "file" is null
12-06-2026 11:48:38.213 [java] [ERROR] 	at com.thoughtworks.gauge.scan.ClasspathScanner$1.createDir(ClasspathScanner.java:48)
12-06-2026 11:48:38.213 [java] [ERROR] 	at org.reflections.vfs.Vfs.fromURL(Vfs.java:103)
12-06-2026 11:48:38.213 [java] [ERROR] 	at org.reflections.vfs.Vfs.fromURL(Vfs.java:95)
12-06-2026 11:48:38.213 [java] [ERROR] 	at org.reflections.Reflections.lambda$scan$2(Reflections.java:176)
12-06-2026 11:48:38.213 [java] [ERROR] 	at java.base/java.util.stream.ForEachOps$ForEachOp$OfRef.accept(ForEachOps.java:186)
12-06-2026 11:48:38.213 [java] [ERROR] 	at java.base/java.util.HashMap$KeySpliterator.forEachRemaining(HashMap.java:1716)
12-06-2026 11:48:38.213 [java] [ERROR] 	at java.base/java.util.stream.AbstractPipeline.copyInto(AbstractPipeline.java:570)
12-06-2026 11:48:38.213 [java] [ERROR] 	at java.base/java.util.stream.ForEachOps$ForEachTask.compute(ForEachOps.java:293)
12-06-2026 11:48:38.213 [java] [ERROR] 	at java.base/java.util.concurrent.CountedCompleter.exec(CountedCompleter.java:759)
12-06-2026 11:48:38.213 [java] [ERROR] 	at java.base/java.util.concurrent.ForkJoinTask.doExec(ForkJoinTask.java:511)
12-06-2026 11:48:38.213 [java] [ERROR] 	at java.base/java.util.concurrent.ForkJoinPool$WorkQueue.topLevelExec(ForkJoinPool.java:1450)
12-06-2026 11:48:38.213 [java] [ERROR] 	at java.base/java.util.concurrent.ForkJoinPool.runWorker(ForkJoinPool.java:2019)
12-06-2026 11:48:38.213 [java] [ERROR] 	at java.base/java.util.concurrent.ForkJoinWorkerThread.run(ForkJoinWorkerThread.java:187)
12-06-2026 11:48:38.213 [java] [ERROR] [ForkJoinPool.commonPool-worker-6] WARN org.reflections.Reflections - could not create Dir using com.thoughtworks.gauge.scan.ClasspathScanner$1@440b067b from url file:/C:/Users/a.basaleh/.jdks/openjdk-26.0.1!/jdk.incubator.vector. skipping.
12-06-2026 11:48:38.213 [java] [ERROR] java.lang.NullPointerException: Cannot invoke "java.io.File.isDirectory()" because "file" is null
12-06-2026 11:48:38.213 [java] [ERROR] 	at com.thoughtworks.gauge.scan.ClasspathScanner$1.createDir(ClasspathScanner.java:48)
12-06-2026 11:48:38.213 [java] [ERROR] 	at org.reflections.vfs.Vfs.fromURL(Vfs.java:103)
12-06-2026 11:48:38.213 [java] [ERROR] 	at org.reflections.vfs.Vfs.fromURL(Vfs.java:95)
12-06-2026 11:48:38.213 [java] [ERROR] 	at org.reflections.Reflections.lambda$scan$2(Reflections.java:176)
12-06-2026 11:48:38.213 [java] [ERROR] 	at java.base/java.util.stream.ForEachOps$ForEachOp$OfRef.accept(ForEachOps.java:186)
12-06-2026 11:48:38.213 [java] [ERROR] 	at java.base/java.util.HashMap$KeySpliterator.forEachRemaining(HashMap.java:1716)
12-06-2026 11:48:38.213 [java] [ERROR] 	at java.base/java.util.stream.AbstractPipeline.copyInto(AbstractPipeline.java:570)
12-06-2026 11:48:38.213 [java] [ERROR] 	at java.base/java.util.stream.ForEachOps$ForEachTask.compute(ForEachOps.java:293)
12-06-2026 11:48:38.213 [java] [ERROR] 	at java.base/java.util.concurrent.CountedCompleter.exec(CountedCompleter.java:759)
12-06-2026 11:48:38.213 [java] [ERROR] 	at java.base/java.util.concurrent.ForkJoinTask.doExec(ForkJoinTask.java:511)
12-06-2026 11:48:38.213 [java] [ERROR] 	at java.base/java.util.concurrent.ForkJoinPool$WorkQueue.topLevelExec(ForkJoinPool.java:1450)
12-06-2026 11:48:38.213 [java] [ERROR] 	at java.base/java.util.concurrent.ForkJoinPool.runWorker(ForkJoinPool.java:2019)
12-06-2026 11:48:38.213 [java] [ERROR] 	at java.base/java.util.concurrent.ForkJoinWorkerThread.run(ForkJoinWorkerThread.java:187)
12-06-2026 11:48:38.213 [java] [ERROR] [ForkJoinPool.commonPool-worker-1] WARN org.reflections.Reflections - could not create Vfs.Dir from url. ignoring the exception and continuing
12-06-2026 11:48:38.213 [java] [ERROR] org.reflections.ReflectionsException: could not create Vfs.Dir from url, no matching UrlType was found [file:/C:/Users/a.basaleh/.jdks/openjdk-26.0.1!/java.smartcardio]
12-06-2026 11:48:38.213 [java] [ERROR] either use fromURL(final URL url, final List<UrlType> urlTypes) or use the static setDefaultURLTypes(final List<UrlType> urlTypes) or addDefaultURLTypes(UrlType urlType) with your specialized UrlType.
12-06-2026 11:48:38.213 [java] [ERROR] 	at org.reflections.vfs.Vfs.fromURL(Vfs.java:113)
12-06-2026 11:48:38.213 [java] [ERROR] 	at org.reflections.vfs.Vfs.fromURL(Vfs.java:95)
12-06-2026 11:48:38.213 [java] [ERROR] 	at org.reflections.Reflections.lambda$scan$2(Reflections.java:176)
12-06-2026 11:48:38.213 [java] [ERROR] 	at java.base/java.util.stream.ForEachOps$ForEachOp$OfRef.accept(ForEachOps.java:186)
12-06-2026 11:48:38.213 [java] [ERROR] 	at java.base/java.util.HashMap$KeySpliterator.forEachRemaining(HashMap.java:1716)
12-06-2026 11:48:38.213 [java] [ERROR] 	at java.base/java.util.stream.AbstractPipeline.copyInto(AbstractPipeline.java:570)
12-06-2026 11:48:38.213 [java] [ERROR] 	at java.base/java.util.stream.ForEachOps$ForEachTask.compute(ForEachOps.java:293)
12-06-2026 11:48:38.213 [java] [ERROR] 	at java.base/java.util.concurrent.CountedCompleter.exec(CountedCompleter.java:759)
12-06-2026 11:48:38.213 [java] [ERROR] 	at java.base/java.util.concurrent.ForkJoinTask.doExec(ForkJoinTask.java:511)
12-06-2026 11:48:38.213 [java] [ERROR] 	at java.base/java.util.concurrent.ForkJoinPool$WorkQueue.topLevelExec(ForkJoinPool.java:1450)
12-06-2026 11:48:38.218 [java] [ERROR] 	at java.base/java.util.concurrent.ForkJoinPool.runWorker(ForkJoinPool.java:2019)
12-06-2026 11:48:38.219 [java] [ERROR] 	at java.base/java.util.concurrent.ForkJoinWorkerThread.run(ForkJoinWorkerThread.java:187)
12-06-2026 11:48:38.219 [java] [ERROR] [ForkJoinPool.commonPool-worker-5] WARN org.reflections.Reflections - could not create Vfs.Dir from url. ignoring the exception and continuing
12-06-2026 11:48:38.219 [java] [ERROR] org.reflections.ReflectionsException: could not create Vfs.Dir from url, no matching UrlType was found [file:/C:/Users/a.basaleh/.jdks/openjdk-26.0.1!/jdk.jstatd]
12-06-2026 11:48:38.219 [java] [ERROR] either use fromURL(final URL url, final List<UrlType> urlTypes) or use the static setDefaultURLTypes(final List<UrlType> urlTypes) or addDefaultURLTypes(UrlType urlType) with your specialized UrlType.
12-06-2026 11:48:38.219 [java] [ERROR] 	at org.reflections.vfs.Vfs.fromURL(Vfs.java:113)
12-06-2026 11:48:38.219 [java] [ERROR] 	at org.reflections.vfs.Vfs.fromURL(Vfs.java:95)
12-06-2026 11:48:38.219 [java] [ERROR] 	at org.reflections.Reflections.lambda$scan$2(Reflections.java:176)
12-06-2026 11:48:38.219 [java] [ERROR] 	at java.base/java.util.stream.ForEachOps$ForEachOp$OfRef.accept(ForEachOps.java:186)
12-06-2026 11:48:38.219 [java] [ERROR] 	at java.base/java.util.HashMap$KeySpliterator.forEachRemaining(HashMap.java:1716)
12-06-2026 11:48:38.219 [java] [ERROR] 	at java.base/java.util.stream.AbstractPipeline.copyInto(AbstractPipeline.java:570)
12-06-2026 11:48:38.219 [java] [ERROR] 	at java.base/java.util.stream.ForEachOps$ForEachTask.compute(ForEachOps.java:293)
12-06-2026 11:48:38.219 [java] [ERROR] 	at java.base/java.util.concurrent.CountedCompleter.exec(CountedCompleter.java:759)
12-06-2026 11:48:38.219 [java] [ERROR] 	at java.base/java.util.concurrent.ForkJoinTask.doExec(ForkJoinTask.java:511)
12-06-2026 11:48:38.219 [java] [ERROR] 	at java.base/java.util.concurrent.ForkJoinPool$WorkQueue.topLevelExec(ForkJoinPool.java:1450)
12-06-2026 11:48:38.219 [java] [ERROR] 	at java.base/java.util.concurrent.ForkJoinPool.runWorker(ForkJoinPool.java:2019)
12-06-2026 11:48:38.219 [java] [ERROR] 	at java.base/java.util.concurrent.ForkJoinWorkerThread.run(ForkJoinWorkerThread.java:187)
12-06-2026 11:48:38.219 [java] [ERROR] [ForkJoinPool.commonPool-worker-7] WARN org.reflections.Reflections - could not create Vfs.Dir from url. ignoring the exception and continuing
12-06-2026 11:48:38.219 [java] [ERROR] org.reflections.ReflectionsException: could not create Vfs.Dir from url, no matching UrlType was found [file:/C:/Users/a.basaleh/.jdks/openjdk-26.0.1!/java.security.sasl]
12-06-2026 11:48:38.219 [java] [ERROR] either use fromURL(final URL url, final List<UrlType> urlTypes) or use the static setDefaultURLTypes(final List<UrlType> urlTypes) or addDefaultURLTypes(UrlType urlType) with your specialized UrlType.
12-06-2026 11:48:38.219 [java] [ERROR] 	at org.reflections.vfs.Vfs.fromURL(Vfs.java:113)
12-06-2026 11:48:38.219 [java] [ERROR] 	at org.reflections.vfs.Vfs.fromURL(Vfs.java:95)
12-06-2026 11:48:38.219 [java] [ERROR] 	at org.reflections.Reflections.lambda$scan$2(Reflections.java:176)
12-06-2026 11:48:38.219 [java] [ERROR] 	at java.base/java.util.stream.ForEachOps$ForEachOp$OfRef.accept(ForEachOps.java:186)
12-06-2026 11:48:38.219 [java] [ERROR] 	at java.base/java.util.HashMap$KeySpliterator.forEachRemaining(HashMap.java:1716)
12-06-2026 11:48:38.219 [java] [ERROR] 	at java.base/java.util.stream.AbstractPipeline.copyInto(AbstractPipeline.java:570)
12-06-2026 11:48:38.219 [java] [ERROR] 	at java.base/java.util.stream.ForEachOps$ForEachTask.compute(ForEachOps.java:293)
12-06-2026 11:48:38.219 [java] [ERROR] 	at java.base/java.util.concurrent.CountedCompleter.exec(CountedCompleter.java:759)
12-06-2026 11:48:38.219 [java] [ERROR] 	at java.base/java.util.concurrent.ForkJoinTask.doExec(ForkJoinTask.java:511)
12-06-2026 11:48:38.219 [java] [ERROR] 	at java.base/java.util.concurrent.ForkJoinPool$WorkQueue.topLevelExec(ForkJoinPool.java:1450)
12-06-2026 11:48:38.219 [java] [ERROR] 	at java.base/java.util.concurrent.ForkJoinPool.runWorker(ForkJoinPool.java:2019)
12-06-2026 11:48:38.219 [java] [ERROR] 	at java.base/java.util.concurrent.ForkJoinWorkerThread.run(ForkJoinWorkerThread.java:187)
12-06-2026 11:48:38.221 [java] [ERROR] [ForkJoinPool.commonPool-worker-1] WARN org.reflections.Reflections - could not create Dir using com.thoughtworks.gauge.scan.ClasspathScanner$1@440b067b from url file:/C:/Users/a.basaleh/.jdks/openjdk-26.0.1!/jdk.naming.dns. skipping.
12-06-2026 11:48:38.221 [java] [ERROR] java.lang.NullPointerException: Cannot invoke "java.io.File.isDirectory()" because "file" is null
12-06-2026 11:48:38.221 [java] [ERROR] 	at com.thoughtworks.gauge.scan.ClasspathScanner$1.createDir(ClasspathScanner.java:48)
12-06-2026 11:48:38.221 [java] [ERROR] 	at org.reflections.vfs.Vfs.fromURL(Vfs.java:103)
12-06-2026 11:48:38.221 [java] [ERROR] 	at org.reflections.vfs.Vfs.fromURL(Vfs.java:95)
12-06-2026 11:48:38.221 [java] [ERROR] 	at org.reflections.Reflections.lambda$scan$2(Reflections.java:176)
12-06-2026 11:48:38.221 [java] [ERROR] 	at java.base/java.util.stream.ForEachOps$ForEachOp$OfRef.accept(ForEachOps.java:186)
12-06-2026 11:48:38.221 [java] [ERROR] 	at java.base/java.util.HashMap$KeySpliterator.forEachRemaining(HashMap.java:1716)
12-06-2026 11:48:38.221 [java] [ERROR] 	at java.base/java.util.stream.AbstractPipeline.copyInto(AbstractPipeline.java:570)
12-06-2026 11:48:38.221 [java] [ERROR] 	at java.base/java.util.stream.ForEachOps$ForEachTask.compute(ForEachOps.java:293)
12-06-2026 11:48:38.221 [java] [ERROR] 	at java.base/java.util.concurrent.CountedCompleter.exec(CountedCompleter.java:759)
12-06-2026 11:48:38.221 [java] [ERROR] 	at java.base/java.util.concurrent.ForkJoinTask.doExec(ForkJoinTask.java:511)
12-06-2026 11:48:38.221 [java] [ERROR] 	at java.base/java.util.concurrent.ForkJoinPool$WorkQueue.topLevelExec(ForkJoinPool.java:1450)
12-06-2026 11:48:38.221 [java] [ERROR] 	at java.base/java.util.concurrent.ForkJoinPool.runWorker(ForkJoinPool.java:2019)
12-06-2026 11:48:38.221 [java] [ERROR] 	at java.base/java.util.concurrent.ForkJoinWorkerThread.run(ForkJoinWorkerThread.java:187)
12-06-2026 11:48:38.221 [java] [ERROR] [ForkJoinPool.commonPool-worker-3] WARN org.reflections.Reflections - could not create Dir using com.thoughtworks.gauge.scan.ClasspathScanner$1@440b067b from url file:/C:/Users/a.basaleh/.jdks/openjdk-26.0.1!/java.prefs. skipping.
12-06-2026 11:48:38.221 [java] [ERROR] java.lang.NullPointerException: Cannot invoke "java.io.File.isDirectory()" because "file" is null
12-06-2026 11:48:38.221 [java] [ERROR] 	at com.thoughtworks.gauge.scan.ClasspathScanner$1.createDir(ClasspathScanner.java:48)
12-06-2026 11:48:38.221 [java] [ERROR] 	at org.reflections.vfs.Vfs.fromURL(Vfs.java:103)
12-06-2026 11:48:38.221 [java] [ERROR] 	at org.reflections.vfs.Vfs.fromURL(Vfs.java:95)
12-06-2026 11:48:38.221 [java] [ERROR] 	at org.reflections.Reflections.lambda$scan$2(Reflections.java:176)
12-06-2026 11:48:38.221 [java] [ERROR] 	at java.base/java.util.stream.ForEachOps$ForEachOp$OfRef.accept(ForEachOps.java:186)
12-06-2026 11:48:38.221 [java] [ERROR] 	at java.base/java.util.HashMap$KeySpliterator.forEachRemaining(HashMap.java:1716)
12-06-2026 11:48:38.221 [java] [ERROR] 	at java.base/java.util.stream.AbstractPipeline.copyInto(AbstractPipeline.java:570)
12-06-2026 11:48:38.221 [java] [ERROR] 	at java.base/java.util.stream.ForEachOps$ForEachTask.compute(ForEachOps.java:293)
12-06-2026 11:48:38.221 [java] [ERROR] 	at java.base/java.util.concurrent.CountedCompleter.exec(CountedCompleter.java:759)
12-06-2026 11:48:38.221 [java] [ERROR] 	at java.base/java.util.concurrent.ForkJoinTask.doExec(ForkJoinTask.java:511)
12-06-2026 11:48:38.221 [java] [ERROR] 	at java.base/java.util.concurrent.ForkJoinPool$WorkQueue.topLevelExec(ForkJoinPool.java:1450)
12-06-2026 11:48:38.221 [java] [ERROR] 	at java.base/java.util.concurrent.ForkJoinPool.runWorker(ForkJoinPool.java:2019)
12-06-2026 11:48:38.221 [java] [ERROR] 	at java.base/java.util.concurrent.ForkJoinWorkerThread.run(ForkJoinWorkerThread.java:187)
12-06-2026 11:48:38.221 [java] [ERROR] [ForkJoinPool.commonPool-worker-11] WARN org.reflections.Reflections - could not create Vfs.Dir from url. ignoring the exception and continuing
12-06-2026 11:48:38.221 [java] [ERROR] org.reflections.ReflectionsException: could not create Vfs.Dir from url, no matching UrlType was found [file:/C:/Users/a.basaleh/.jdks/openjdk-26.0.1!/jdk.crypto.ec]
12-06-2026 11:48:38.221 [java] [ERROR] either use fromURL(final URL url, final List<UrlType> urlTypes) or use the static setDefaultURLTypes(final List<UrlType> urlTypes) or addDefaultURLTypes(UrlType urlType) with your specialized UrlType.
12-06-2026 11:48:38.221 [java] [ERROR] 	at org.reflections.vfs.Vfs.fromURL(Vfs.java:113)
12-06-2026 11:48:38.222 [java] [ERROR] 	at org.reflections.vfs.Vfs.fromURL(Vfs.java:95)
12-06-2026 11:48:38.222 [java] [ERROR] 	at org.reflections.Reflections.lambda$scan$2(Reflections.java:176)
12-06-2026 11:48:38.222 [java] [ERROR] 	at java.base/java.util.stream.ForEachOps$ForEachOp$OfRef.accept(ForEachOps.java:186)
12-06-2026 11:48:38.226 [java] [ERROR] 	at java.base/java.util.HashMap$KeySpliterator.forEachRemaining(HashMap.java:1716)
12-06-2026 11:48:38.226 [java] [ERROR] 	at java.base/java.util.stream.AbstractPipeline.copyInto(AbstractPipeline.java:570)
12-06-2026 11:48:38.226 [java] [ERROR] 	at java.base/java.util.stream.ForEachOps$ForEachTask.compute(ForEachOps.java:293)
12-06-2026 11:48:38.226 [java] [ERROR] 	at java.base/java.util.concurrent.CountedCompleter.exec(CountedCompleter.java:759)
12-06-2026 11:48:38.226 [java] [ERROR] 	at java.base/java.util.concurrent.ForkJoinTask.doExec(ForkJoinTask.java:511)
12-06-2026 11:48:38.226 [java] [ERROR] 	at java.base/java.util.concurrent.ForkJoinPool$WorkQueue.topLevelExec(ForkJoinPool.java:1450)
12-06-2026 11:48:38.226 [java] [ERROR] 	at java.base/java.util.concurrent.ForkJoinPool.runWorker(ForkJoinPool.java:2019)
12-06-2026 11:48:38.226 [java] [ERROR] 	at java.base/java.util.concurrent.ForkJoinWorkerThread.run(ForkJoinWorkerThread.java:187)
12-06-2026 11:48:38.226 [java] [ERROR] [ForkJoinPool.commonPool-worker-3] WARN org.reflections.Reflections - could not create Vfs.Dir from url. ignoring the exception and continuing
12-06-2026 11:48:38.226 [java] [ERROR] org.reflections.ReflectionsException: could not create Vfs.Dir from url, no matching UrlType was found [file:/C:/Users/a.basaleh/.jdks/openjdk-26.0.1!/java.prefs]
12-06-2026 11:48:38.226 [java] [ERROR] either use fromURL(final URL url, final List<UrlType> urlTypes) or use the static setDefaultURLTypes(final List<UrlType> urlTypes) or addDefaultURLTypes(UrlType urlType) with your specialized UrlType.
12-06-2026 11:48:38.226 [java] [ERROR] 	at org.reflections.vfs.Vfs.fromURL(Vfs.java:113)
12-06-2026 11:48:38.226 [java] [ERROR] 	at org.reflections.vfs.Vfs.fromURL(Vfs.java:95)
12-06-2026 11:48:38.226 [java] [ERROR] 	at org.reflections.Reflections.lambda$scan$2(Reflections.java:176)
12-06-2026 11:48:38.226 [java] [ERROR] 	at java.base/java.util.stream.ForEachOps$ForEachOp$OfRef.accept(ForEachOps.java:186)
12-06-2026 11:48:38.226 [java] [ERROR] 	at java.base/java.util.HashMap$KeySpliterator.forEachRemaining(HashMap.java:1716)
12-06-2026 11:48:38.226 [java] [ERROR] 	at java.base/java.util.stream.AbstractPipeline.copyInto(AbstractPipeline.java:570)
12-06-2026 11:48:38.226 [java] [ERROR] 	at java.base/java.util.stream.ForEachOps$ForEachTask.compute(ForEachOps.java:293)
12-06-2026 11:48:38.226 [java] [ERROR] 	at java.base/java.util.concurrent.CountedCompleter.exec(CountedCompleter.java:759)
12-06-2026 11:48:38.226 [java] [ERROR] 	at java.base/java.util.concurrent.ForkJoinTask.doExec(ForkJoinTask.java:511)
12-06-2026 11:48:38.226 [java] [ERROR] 	at java.base/java.util.concurrent.ForkJoinPool$WorkQueue.topLevelExec(ForkJoinPool.java:1450)
12-06-2026 11:48:38.226 [java] [ERROR] 	at java.base/java.util.concurrent.ForkJoinPool.runWorker(ForkJoinPool.java:2019)
12-06-2026 11:48:38.226 [java] [ERROR] 	at java.base/java.util.concurrent.ForkJoinWorkerThread.run(ForkJoinWorkerThread.java:187)
12-06-2026 11:48:38.227 [java] [ERROR] [ForkJoinPool.commonPool-worker-10] WARN org.reflections.Reflections - could not create Vfs.Dir from url. ignoring the exception and continuing
12-06-2026 11:48:38.227 [java] [ERROR] org.reflections.ReflectionsException: could not create Vfs.Dir from url, no matching UrlType was found [file:/C:/Users/a.basaleh/.jdks/openjdk-26.0.1!/java.scripting]
12-06-2026 11:48:38.227 [java] [ERROR] either use fromURL(final URL url, final List<UrlType> urlTypes) or use the static setDefaultURLTypes(final List<UrlType> urlTypes) or addDefaultURLTypes(UrlType urlType) with your specialized UrlType.
12-06-2026 11:48:38.227 [java] [ERROR] 	at org.reflections.vfs.Vfs.fromURL(Vfs.java:113)
12-06-2026 11:48:38.227 [java] [ERROR] 	at org.reflections.vfs.Vfs.fromURL(Vfs.java:95)
12-06-2026 11:48:38.227 [java] [ERROR] 	at org.reflections.Reflections.lambda$scan$2(Reflections.java:176)
12-06-2026 11:48:38.227 [java] [ERROR] 	at java.base/java.util.stream.ForEachOps$ForEachOp$OfRef.accept(ForEachOps.java:186)
12-06-2026 11:48:38.227 [java] [ERROR] 	at java.base/java.util.HashMap$KeySpliterator.forEachRemaining(HashMap.java:1716)
12-06-2026 11:48:38.227 [java] [ERROR] 	at java.base/java.util.stream.AbstractPipeline.copyInto(AbstractPipeline.java:570)
12-06-2026 11:48:38.227 [java] [ERROR] 	at java.base/java.util.stream.ForEachOps$ForEachTask.compute(ForEachOps.java:293)
12-06-2026 11:48:38.230 [java] [ERROR] 	at java.base/java.util.concurrent.CountedCompleter.exec(CountedCompleter.java:759)
12-06-2026 11:48:38.230 [java] [ERROR] 	at java.base/java.util.concurrent.ForkJoinTask.doExec(ForkJoinTask.java:511)
12-06-2026 11:48:38.230 [java] [ERROR] 	at java.base/java.util.concurrent.ForkJoinPool$WorkQueue.topLevelExec(ForkJoinPool.java:1450)
12-06-2026 11:48:38.230 [java] [ERROR] 	at java.base/java.util.concurrent.ForkJoinPool.runWorker(ForkJoinPool.java:2019)
12-06-2026 11:48:38.230 [java] [ERROR] 	at java.base/java.util.concurrent.ForkJoinWorkerThread.run(ForkJoinWorkerThread.java:187)
12-06-2026 11:48:38.230 [java] [ERROR] [ForkJoinPool.commonPool-worker-6] WARN org.reflections.Reflections - could not create Vfs.Dir from url. ignoring the exception and continuing
12-06-2026 11:48:38.230 [java] [ERROR] org.reflections.ReflectionsException: could not create Vfs.Dir from url, no matching UrlType was found [file:/C:/Users/a.basaleh/.jdks/openjdk-26.0.1!/jdk.incubator.vector]
12-06-2026 11:48:38.230 [java] [ERROR] either use fromURL(final URL url, final List<UrlType> urlTypes) or use the static setDefaultURLTypes(final List<UrlType> urlTypes) or addDefaultURLTypes(UrlType urlType) with your specialized UrlType.
12-06-2026 11:48:38.230 [java] [ERROR] 	at org.reflections.vfs.Vfs.fromURL(Vfs.java:113)
12-06-2026 11:48:38.230 [java] [ERROR] 	at org.reflections.vfs.Vfs.fromURL(Vfs.java:95)
12-06-2026 11:48:38.230 [java] [ERROR] 	at org.reflections.Reflections.lambda$scan$2(Reflections.java:176)
12-06-2026 11:48:38.230 [java] [ERROR] 	at java.base/java.util.stream.ForEachOps$ForEachOp$OfRef.accept(ForEachOps.java:186)
12-06-2026 11:48:38.230 [java] [ERROR] 	at java.base/java.util.HashMap$KeySpliterator.forEachRemaining(HashMap.java:1716)
12-06-2026 11:48:38.230 [java] [ERROR] 	at java.base/java.util.stream.AbstractPipeline.copyInto(AbstractPipeline.java:570)
12-06-2026 11:48:38.230 [java] [ERROR] 	at java.base/java.util.stream.ForEachOps$ForEachTask.compute(ForEachOps.java:293)
12-06-2026 11:48:38.230 [java] [ERROR] 	at java.base/java.util.concurrent.CountedCompleter.exec(CountedCompleter.java:759)
12-06-2026 11:48:38.230 [java] [ERROR] 	at java.base/java.util.concurrent.ForkJoinTask.doExec(ForkJoinTask.java:511)
12-06-2026 11:48:38.230 [java] [ERROR] 	at java.base/java.util.concurrent.ForkJoinPool$WorkQueue.topLevelExec(ForkJoinPool.java:1450)
12-06-2026 11:48:38.230 [java] [ERROR] 	at java.base/java.util.concurrent.ForkJoinPool.runWorker(ForkJoinPool.java:2019)
12-06-2026 11:48:38.230 [java] [ERROR] 	at java.base/java.util.concurrent.ForkJoinWorkerThread.run(ForkJoinWorkerThread.java:187)
12-06-2026 11:48:38.230 [java] [ERROR] [ForkJoinPool.commonPool-worker-10] WARN org.reflections.Reflections - could not create Dir using com.thoughtworks.gauge.scan.ClasspathScanner$1@440b067b from url file:/C:/Users/a.basaleh/.jdks/openjdk-26.0.1!/jdk.hotspot.agent. skipping.
12-06-2026 11:48:38.230 [java] [ERROR] java.lang.NullPointerException: Cannot invoke "java.io.File.isDirectory()" because "file" is null
12-06-2026 11:48:38.230 [java] [ERROR] 	at com.thoughtworks.gauge.scan.ClasspathScanner$1.createDir(ClasspathScanner.java:48)
12-06-2026 11:48:38.230 [java] [ERROR] 	at org.reflections.vfs.Vfs.fromURL(Vfs.java:103)
12-06-2026 11:48:38.230 [java] [ERROR] 	at org.reflections.vfs.Vfs.fromURL(Vfs.java:95)
12-06-2026 11:48:38.230 [java] [ERROR] 	at org.reflections.Reflections.lambda$scan$2(Reflections.java:176)
12-06-2026 11:48:38.230 [java] [ERROR] 	at java.base/java.util.stream.ForEachOps$ForEachOp$OfRef.accept(ForEachOps.java:186)
12-06-2026 11:48:38.230 [java] [ERROR] 	at java.base/java.util.HashMap$KeySpliterator.forEachRemaining(HashMap.java:1716)
12-06-2026 11:48:38.230 [java] [ERROR] 	at java.base/java.util.stream.AbstractPipeline.copyInto(AbstractPipeline.java:570)
12-06-2026 11:48:38.230 [java] [ERROR] 	at java.base/java.util.stream.ForEachOps$ForEachTask.compute(ForEachOps.java:293)
12-06-2026 11:48:38.230 [java] [ERROR] 	at java.base/java.util.concurrent.CountedCompleter.exec(CountedCompleter.java:759)
12-06-2026 11:48:38.230 [java] [ERROR] 	at java.base/java.util.concurrent.ForkJoinTask.doExec(ForkJoinTask.java:511)
12-06-2026 11:48:38.230 [java] [ERROR] 	at java.base/java.util.concurrent.ForkJoinPool$WorkQueue.topLevelExec(ForkJoinPool.java:1450)
12-06-2026 11:48:38.230 [java] [ERROR] 	at java.base/java.util.concurrent.ForkJoinPool.runWorker(ForkJoinPool.java:2019)
12-06-2026 11:48:38.235 [java] [ERROR] 	at java.base/java.util.concurrent.ForkJoinWorkerThread.run(ForkJoinWorkerThread.java:187)
12-06-2026 11:48:38.237 [java] [ERROR] [ForkJoinPool.commonPool-worker-5] WARN org.reflections.Reflections - could not create Dir using com.thoughtworks.gauge.scan.ClasspathScanner$1@440b067b from url file:/C:/Users/a.basaleh/.jdks/openjdk-26.0.1!/jdk.internal.ed. skipping.
12-06-2026 11:48:38.237 [java] [ERROR] java.lang.NullPointerException: Cannot invoke "java.io.File.isDirectory()" because "file" is null
12-06-2026 11:48:38.237 [java] [ERROR] 	at com.thoughtworks.gauge.scan.ClasspathScanner$1.createDir(ClasspathScanner.java:48)
12-06-2026 11:48:38.237 [java] [ERROR] 	at org.reflections.vfs.Vfs.fromURL(Vfs.java:103)
12-06-2026 11:48:38.237 [java] [ERROR] 	at org.reflections.vfs.Vfs.fromURL(Vfs.java:95)
12-06-2026 11:48:38.237 [java] [ERROR] 	at org.reflections.Reflections.lambda$scan$2(Reflections.java:176)
12-06-2026 11:48:38.237 [java] [ERROR] 	at java.base/java.util.stream.ForEachOps$ForEachOp$OfRef.accept(ForEachOps.java:186)
12-06-2026 11:48:38.237 [java] [ERROR] 	at java.base/java.util.HashMap$KeySpliterator.forEachRemaining(HashMap.java:1716)
12-06-2026 11:48:38.237 [java] [ERROR] 	at java.base/java.util.stream.AbstractPipeline.copyInto(AbstractPipeline.java:570)
12-06-2026 11:48:38.237 [java] [ERROR] 	at java.base/java.util.stream.ForEachOps$ForEachTask.compute(ForEachOps.java:293)
12-06-2026 11:48:38.237 [java] [ERROR] 	at java.base/java.util.concurrent.CountedCompleter.exec(CountedCompleter.java:759)
12-06-2026 11:48:38.237 [java] [ERROR] 	at java.base/java.util.concurrent.ForkJoinTask.doExec(ForkJoinTask.java:511)
12-06-2026 11:48:38.237 [java] [ERROR] 	at java.base/java.util.concurrent.ForkJoinPool$WorkQueue.topLevelExec(ForkJoinPool.java:1450)
12-06-2026 11:48:38.237 [java] [ERROR] 	at java.base/java.util.concurrent.ForkJoinPool.runWorker(ForkJoinPool.java:2019)
12-06-2026 11:48:38.237 [java] [ERROR] 	at java.base/java.util.concurrent.ForkJoinWorkerThread.run(ForkJoinWorkerThread.java:187)
12-06-2026 11:48:38.237 [java] [ERROR] [ForkJoinPool.commonPool-worker-1] WARN org.reflections.Reflections - could not create Vfs.Dir from url. ignoring the exception and continuing
12-06-2026 11:48:38.237 [java] [ERROR] org.reflections.ReflectionsException: could not create Vfs.Dir from url, no matching UrlType was found [file:/C:/Users/a.basaleh/.jdks/openjdk-26.0.1!/jdk.naming.dns]
12-06-2026 11:48:38.237 [java] [ERROR] either use fromURL(final URL url, final List<UrlType> urlTypes) or use the static setDefaultURLTypes(final List<UrlType> urlTypes) or addDefaultURLTypes(UrlType urlType) with your specialized UrlType.
12-06-2026 11:48:38.237 [java] [ERROR] 	at org.reflections.vfs.Vfs.fromURL(Vfs.java:113)
12-06-2026 11:48:38.237 [java] [ERROR] 	at org.reflections.vfs.Vfs.fromURL(Vfs.java:95)
12-06-2026 11:48:38.237 [java] [ERROR] 	at org.reflections.Reflections.lambda$scan$2(Reflections.java:176)
12-06-2026 11:48:38.237 [java] [ERROR] 	at java.base/java.util.stream.ForEachOps$ForEachOp$OfRef.accept(ForEachOps.java:186)
12-06-2026 11:48:38.237 [java] [ERROR] 	at java.base/java.util.HashMap$KeySpliterator.forEachRemaining(HashMap.java:1716)
12-06-2026 11:48:38.237 [java] [ERROR] 	at java.base/java.util.stream.AbstractPipeline.copyInto(AbstractPipeline.java:570)
12-06-2026 11:48:38.237 [java] [ERROR] 	at java.base/java.util.stream.ForEachOps$ForEachTask.compute(ForEachOps.java:293)
12-06-2026 11:48:38.237 [java] [ERROR] 	at java.base/java.util.concurrent.CountedCompleter.exec(CountedCompleter.java:759)
12-06-2026 11:48:38.237 [java] [ERROR] 	at java.base/java.util.concurrent.ForkJoinTask.doExec(ForkJoinTask.java:511)
12-06-2026 11:48:38.237 [java] [ERROR] 	at java.base/java.util.concurrent.ForkJoinPool$WorkQueue.topLevelExec(ForkJoinPool.java:1450)
12-06-2026 11:48:38.237 [java] [ERROR] 	at java.base/java.util.concurrent.ForkJoinPool.runWorker(ForkJoinPool.java:2019)
12-06-2026 11:48:38.237 [java] [ERROR] 	at java.base/java.util.concurrent.ForkJoinWorkerThread.run(ForkJoinWorkerThread.java:187)
12-06-2026 11:48:38.237 [java] [ERROR] [ForkJoinPool.commonPool-worker-6] WARN org.reflections.Reflections - could not create Dir using com.thoughtworks.gauge.scan.ClasspathScanner$1@440b067b from url file:/C:/Users/a.basaleh/.jdks/openjdk-26.0.1!/jdk.jdi. skipping.
12-06-2026 11:48:38.237 [java] [ERROR] java.lang.NullPointerException: Cannot invoke "java.io.File.isDirectory()" because "file" is null
12-06-2026 11:48:38.249 [java] [ERROR] 	at com.thoughtworks.gauge.scan.ClasspathScanner$1.createDir(ClasspathScanner.java:48)
12-06-2026 11:48:38.250 [java] [ERROR] 	at org.reflections.vfs.Vfs.fromURL(Vfs.java:103)
12-06-2026 11:48:38.250 [java] [ERROR] 	at org.reflections.vfs.Vfs.fromURL(Vfs.java:95)
12-06-2026 11:48:38.250 [java] [ERROR] 	at org.reflections.Reflections.lambda$scan$2(Reflections.java:176)
12-06-2026 11:48:38.250 [java] [ERROR] 	at java.base/java.util.stream.ForEachOps$ForEachOp$OfRef.accept(ForEachOps.java:186)
12-06-2026 11:48:38.250 [java] [ERROR] 	at java.base/java.util.HashMap$KeySpliterator.forEachRemaining(HashMap.java:1716)
12-06-2026 11:48:38.250 [java] [ERROR] 	at java.base/java.util.stream.AbstractPipeline.copyInto(AbstractPipeline.java:570)
12-06-2026 11:48:38.250 [java] [ERROR] 	at java.base/java.util.stream.ForEachOps$ForEachTask.compute(ForEachOps.java:293)
12-06-2026 11:48:38.250 [java] [ERROR] 	at java.base/java.util.concurrent.CountedCompleter.exec(CountedCompleter.java:759)
12-06-2026 11:48:38.250 [java] [ERROR] 	at java.base/java.util.concurrent.ForkJoinTask.doExec(ForkJoinTask.java:511)
12-06-2026 11:48:38.250 [java] [ERROR] 	at java.base/java.util.concurrent.ForkJoinPool$WorkQueue.topLevelExec(ForkJoinPool.java:1450)
12-06-2026 11:48:38.250 [java] [ERROR] 	at java.base/java.util.concurrent.ForkJoinPool.runWorker(ForkJoinPool.java:2019)
12-06-2026 11:48:38.250 [java] [ERROR] 	at java.base/java.util.concurrent.ForkJoinWorkerThread.run(ForkJoinWorkerThread.java:187)
12-06-2026 11:48:38.250 [java] [ERROR] [ForkJoinPool.commonPool-worker-10] WARN org.reflections.Reflections - could not create Vfs.Dir from url. ignoring the exception and continuing
12-06-2026 11:48:38.250 [java] [ERROR] org.reflections.ReflectionsException: could not create Vfs.Dir from url, no matching UrlType was found [file:/C:/Users/a.basaleh/.jdks/openjdk-26.0.1!/jdk.hotspot.agent]
12-06-2026 11:48:38.250 [java] [ERROR] either use fromURL(final URL url, final List<UrlType> urlTypes) or use the static setDefaultURLTypes(final List<UrlType> urlTypes) or addDefaultURLTypes(UrlType urlType) with your specialized UrlType.
12-06-2026 11:48:38.250 [java] [ERROR] 	at org.reflections.vfs.Vfs.fromURL(Vfs.java:113)
12-06-2026 11:48:38.250 [java] [ERROR] 	at org.reflections.vfs.Vfs.fromURL(Vfs.java:95)
12-06-2026 11:48:38.250 [java] [ERROR] 	at org.reflections.Reflections.lambda$scan$2(Reflections.java:176)
12-06-2026 11:48:38.250 [java] [ERROR] 	at java.base/java.util.stream.ForEachOps$ForEachOp$OfRef.accept(ForEachOps.java:186)
12-06-2026 11:48:38.250 [java] [ERROR] 	at java.base/java.util.HashMap$KeySpliterator.forEachRemaining(HashMap.java:1716)
12-06-2026 11:48:38.250 [java] [ERROR] 	at java.base/java.util.stream.AbstractPipeline.copyInto(AbstractPipeline.java:570)
12-06-2026 11:48:38.250 [java] [ERROR] 	at java.base/java.util.stream.ForEachOps$ForEachTask.compute(ForEachOps.java:293)
12-06-2026 11:48:38.250 [java] [ERROR] 	at java.base/java.util.concurrent.CountedCompleter.exec(CountedCompleter.java:759)
12-06-2026 11:48:38.250 [java] [ERROR] 	at java.base/java.util.concurrent.ForkJoinTask.doExec(ForkJoinTask.java:511)
12-06-2026 11:48:38.250 [java] [ERROR] 	at java.base/java.util.concurrent.ForkJoinPool$WorkQueue.topLevelExec(ForkJoinPool.java:1450)
12-06-2026 11:48:38.250 [java] [ERROR] 	at java.base/java.util.concurrent.ForkJoinPool.runWorker(ForkJoinPool.java:2019)
12-06-2026 11:48:38.250 [java] [ERROR] 	at java.base/java.util.concurrent.ForkJoinWorkerThread.run(ForkJoinWorkerThread.java:187)
12-06-2026 11:48:38.250 [java] [ERROR] [ForkJoinPool.commonPool-worker-6] WARN org.reflections.Reflections - could not create Vfs.Dir from url. ignoring the exception and continuing
12-06-2026 11:48:38.250 [java] [ERROR] org.reflections.ReflectionsException: could not create Vfs.Dir from url, no matching UrlType was found [file:/C:/Users/a.basaleh/.jdks/openjdk-26.0.1!/jdk.jdi]
12-06-2026 11:48:38.250 [java] [ERROR] either use fromURL(final URL url, final List<UrlType> urlTypes) or use the static setDefaultURLTypes(final List<UrlType> urlTypes) or addDefaultURLTypes(UrlType urlType) with your specialized UrlType.
12-06-2026 11:48:38.250 [java] [ERROR] 	at org.reflections.vfs.Vfs.fromURL(Vfs.java:113)
12-06-2026 11:48:38.250 [java] [ERROR] 	at org.reflections.vfs.Vfs.fromURL(Vfs.java:95)
12-06-2026 11:48:38.250 [java] [ERROR] 	at org.reflections.Reflections.lambda$scan$2(Reflections.java:176)
12-06-2026 11:48:38.259 [java] [ERROR] 	at java.base/java.util.stream.ForEachOps$ForEachOp$OfRef.accept(ForEachOps.java:186)
12-06-2026 11:48:38.259 [java] [ERROR] 	at java.base/java.util.HashMap$KeySpliterator.forEachRemaining(HashMap.java:1716)
12-06-2026 11:48:38.259 [java] [ERROR] 	at java.base/java.util.stream.AbstractPipeline.copyInto(AbstractPipeline.java:570)
12-06-2026 11:48:38.259 [java] [ERROR] 	at java.base/java.util.stream.ForEachOps$ForEachTask.compute(ForEachOps.java:293)
12-06-2026 11:48:38.259 [java] [ERROR] 	at java.base/java.util.concurrent.CountedCompleter.exec(CountedCompleter.java:759)
12-06-2026 11:48:38.259 [java] [ERROR] 	at java.base/java.util.concurrent.ForkJoinTask.doExec(ForkJoinTask.java:511)
12-06-2026 11:48:38.259 [java] [ERROR] 	at java.base/java.util.concurrent.ForkJoinPool$WorkQueue.topLevelExec(ForkJoinPool.java:1450)
12-06-2026 11:48:38.259 [java] [ERROR] 	at java.base/java.util.concurrent.ForkJoinPool.runWorker(ForkJoinPool.java:2019)
12-06-2026 11:48:38.259 [java] [ERROR] 	at java.base/java.util.concurrent.ForkJoinWorkerThread.run(ForkJoinWorkerThread.java:187)
12-06-2026 11:48:38.259 [java] [ERROR] [ForkJoinPool.commonPool-worker-10] WARN org.reflections.Reflections - could not create Dir using com.thoughtworks.gauge.scan.ClasspathScanner$1@440b067b from url file:/C:/Users/a.basaleh/.jdks/openjdk-26.0.1!/jdk.localedata. skipping.
12-06-2026 11:48:38.259 [java] [ERROR] java.lang.NullPointerException: Cannot invoke "java.io.File.isDirectory()" because "file" is null
12-06-2026 11:48:38.259 [java] [ERROR] 	at com.thoughtworks.gauge.scan.ClasspathScanner$1.createDir(ClasspathScanner.java:48)
12-06-2026 11:48:38.259 [java] [ERROR] 	at org.reflections.vfs.Vfs.fromURL(Vfs.java:103)
12-06-2026 11:48:38.259 [java] [ERROR] 	at org.reflections.vfs.Vfs.fromURL(Vfs.java:95)
12-06-2026 11:48:38.259 [java] [ERROR] 	at org.reflections.Reflections.lambda$scan$2(Reflections.java:176)
12-06-2026 11:48:38.259 [java] [ERROR] 	at java.base/java.util.stream.ForEachOps$ForEachOp$OfRef.accept(ForEachOps.java:186)
12-06-2026 11:48:38.259 [java] [ERROR] 	at java.base/java.util.HashMap$KeySpliterator.forEachRemaining(HashMap.java:1716)
12-06-2026 11:48:38.259 [java] [ERROR] 	at java.base/java.util.stream.AbstractPipeline.copyInto(AbstractPipeline.java:570)
12-06-2026 11:48:38.259 [java] [ERROR] 	at java.base/java.util.stream.ForEachOps$ForEachTask.compute(ForEachOps.java:293)
12-06-2026 11:48:38.259 [java] [ERROR] 	at java.base/java.util.concurrent.CountedCompleter.exec(CountedCompleter.java:759)
12-06-2026 11:48:38.259 [java] [ERROR] 	at java.base/java.util.concurrent.ForkJoinTask.doExec(ForkJoinTask.java:511)
12-06-2026 11:48:38.259 [java] [ERROR] 	at java.base/java.util.concurrent.ForkJoinPool$WorkQueue.topLevelExec(ForkJoinPool.java:1450)
12-06-2026 11:48:38.259 [java] [ERROR] 	at java.base/java.util.concurrent.ForkJoinPool.runWorker(ForkJoinPool.java:2019)
12-06-2026 11:48:38.259 [java] [ERROR] 	at java.base/java.util.concurrent.ForkJoinWorkerThread.run(ForkJoinWorkerThread.java:187)
12-06-2026 11:48:38.259 [java] [ERROR] [ForkJoinPool.commonPool-worker-10] WARN org.reflections.Reflections - could not create Vfs.Dir from url. ignoring the exception and continuing
12-06-2026 11:48:38.259 [java] [ERROR] org.reflections.ReflectionsException: could not create Vfs.Dir from url, no matching UrlType was found [file:/C:/Users/a.basaleh/.jdks/openjdk-26.0.1!/jdk.localedata]
12-06-2026 11:48:38.259 [java] [ERROR] either use fromURL(final URL url, final List<UrlType> urlTypes) or use the static setDefaultURLTypes(final List<UrlType> urlTypes) or addDefaultURLTypes(UrlType urlType) with your specialized UrlType.
12-06-2026 11:48:38.259 [java] [ERROR] 	at org.reflections.vfs.Vfs.fromURL(Vfs.java:113)
12-06-2026 11:48:38.259 [java] [ERROR] 	at org.reflections.vfs.Vfs.fromURL(Vfs.java:95)
12-06-2026 11:48:38.259 [java] [ERROR] 	at org.reflections.Reflections.lambda$scan$2(Reflections.java:176)
12-06-2026 11:48:38.259 [java] [ERROR] 	at java.base/java.util.stream.ForEachOps$ForEachOp$OfRef.accept(ForEachOps.java:186)
12-06-2026 11:48:38.259 [java] [ERROR] 	at java.base/java.util.HashMap$KeySpliterator.forEachRemaining(HashMap.java:1716)
12-06-2026 11:48:38.259 [java] [ERROR] 	at java.base/java.util.stream.AbstractPipeline.copyInto(AbstractPipeline.java:570)
12-06-2026 11:48:38.259 [java] [ERROR] 	at java.base/java.util.stream.ForEachOps$ForEachTask.compute(ForEachOps.java:293)
12-06-2026 11:48:38.259 [java] [ERROR] 	at java.base/java.util.concurrent.CountedCompleter.exec(CountedCompleter.java:759)
12-06-2026 11:48:38.268 [java] [ERROR] 	at java.base/java.util.concurrent.ForkJoinTask.doExec(ForkJoinTask.java:511)
12-06-2026 11:48:38.268 [java] [ERROR] 	at java.base/java.util.concurrent.ForkJoinPool$WorkQueue.topLevelExec(ForkJoinPool.java:1450)
12-06-2026 11:48:38.268 [java] [ERROR] 	at java.base/java.util.concurrent.ForkJoinPool.runWorker(ForkJoinPool.java:2019)
12-06-2026 11:48:38.268 [java] [ERROR] 	at java.base/java.util.concurrent.ForkJoinWorkerThread.run(ForkJoinWorkerThread.java:187)
12-06-2026 11:48:38.268 [java] [ERROR] [ForkJoinPool.commonPool-worker-5] WARN org.reflections.Reflections - could not create Vfs.Dir from url. ignoring the exception and continuing
12-06-2026 11:48:38.268 [java] [ERROR] org.reflections.ReflectionsException: could not create Vfs.Dir from url, no matching UrlType was found [file:/C:/Users/a.basaleh/.jdks/openjdk-26.0.1!/jdk.internal.ed]
12-06-2026 11:48:38.268 [java] [ERROR] either use fromURL(final URL url, final List<UrlType> urlTypes) or use the static setDefaultURLTypes(final List<UrlType> urlTypes) or addDefaultURLTypes(UrlType urlType) with your specialized UrlType.
12-06-2026 11:48:38.268 [java] [ERROR] 	at org.reflections.vfs.Vfs.fromURL(Vfs.java:113)
12-06-2026 11:48:38.268 [java] [ERROR] 	at org.reflections.vfs.Vfs.fromURL(Vfs.java:95)
12-06-2026 11:48:38.268 [java] [ERROR] 	at org.reflections.Reflections.lambda$scan$2(Reflections.java:176)
12-06-2026 11:48:38.268 [java] [ERROR] 	at java.base/java.util.stream.ForEachOps$ForEachOp$OfRef.accept(ForEachOps.java:186)
12-06-2026 11:48:38.268 [java] [ERROR] 	at java.base/java.util.HashMap$KeySpliterator.forEachRemaining(HashMap.java:1716)
12-06-2026 11:48:38.268 [java] [ERROR] 	at java.base/java.util.stream.AbstractPipeline.copyInto(AbstractPipeline.java:570)
12-06-2026 11:48:38.268 [java] [ERROR] 	at java.base/java.util.stream.ForEachOps$ForEachTask.compute(ForEachOps.java:293)
12-06-2026 11:48:38.268 [java] [ERROR] 	at java.base/java.util.concurrent.CountedCompleter.exec(CountedCompleter.java:759)
12-06-2026 11:48:38.268 [java] [ERROR] 	at java.base/java.util.concurrent.ForkJoinTask.doExec(ForkJoinTask.java:511)
12-06-2026 11:48:38.268 [java] [ERROR] 	at java.base/java.util.concurrent.ForkJoinPool$WorkQueue.topLevelExec(ForkJoinPool.java:1450)
12-06-2026 11:48:38.268 [java] [ERROR] 	at java.base/java.util.concurrent.ForkJoinPool.runWorker(ForkJoinPool.java:2019)
12-06-2026 11:48:38.268 [java] [ERROR] 	at java.base/java.util.concurrent.ForkJoinWorkerThread.run(ForkJoinWorkerThread.java:187)
12-06-2026 11:48:38.268 [java] [ERROR] [ForkJoinPool.commonPool-worker-1] WARN org.reflections.Reflections - could not create Dir using com.thoughtworks.gauge.scan.ClasspathScanner$1@440b067b from url file:/C:/Users/a.basaleh/.jdks/openjdk-26.0.1!/java.logging. skipping.
12-06-2026 11:48:38.268 [java] [ERROR] java.lang.NullPointerException: Cannot invoke "java.io.File.isDirectory()" because "file" is null
12-06-2026 11:48:38.268 [java] [ERROR] 	at com.thoughtworks.gauge.scan.ClasspathScanner$1.createDir(ClasspathScanner.java:48)
12-06-2026 11:48:38.268 [java] [ERROR] 	at org.reflections.vfs.Vfs.fromURL(Vfs.java:103)
12-06-2026 11:48:38.268 [java] [ERROR] 	at org.reflections.vfs.Vfs.fromURL(Vfs.java:95)
12-06-2026 11:48:38.268 [java] [ERROR] 	at org.reflections.Reflections.lambda$scan$2(Reflections.java:176)
12-06-2026 11:48:38.268 [java] [ERROR] 	at java.base/java.util.stream.ForEachOps$ForEachOp$OfRef.accept(ForEachOps.java:186)
12-06-2026 11:48:38.268 [java] [ERROR] 	at java.base/java.util.HashMap$KeySpliterator.forEachRemaining(HashMap.java:1716)
12-06-2026 11:48:38.268 [java] [ERROR] 	at java.base/java.util.stream.AbstractPipeline.copyInto(AbstractPipeline.java:570)
12-06-2026 11:48:38.268 [java] [ERROR] 	at java.base/java.util.stream.ForEachOps$ForEachTask.compute(ForEachOps.java:293)
12-06-2026 11:48:38.268 [java] [ERROR] 	at java.base/java.util.concurrent.CountedCompleter.exec(CountedCompleter.java:759)
12-06-2026 11:48:38.268 [java] [ERROR] 	at java.base/java.util.concurrent.ForkJoinTask.doExec(ForkJoinTask.java:511)
12-06-2026 11:48:38.268 [java] [ERROR] 	at java.base/java.util.concurrent.ForkJoinPool$WorkQueue.topLevelExec(ForkJoinPool.java:1450)
12-06-2026 11:48:38.268 [java] [ERROR] 	at java.base/java.util.concurrent.ForkJoinPool.runWorker(ForkJoinPool.java:2019)
12-06-2026 11:48:38.268 [java] [ERROR] 	at java.base/java.util.concurrent.ForkJoinWorkerThread.run(ForkJoinWorkerThread.java:187)
12-06-2026 11:48:38.284 [java] [ERROR] [ForkJoinPool.commonPool-worker-8] WARN org.reflections.Reflections - could not create Dir using com.thoughtworks.gauge.scan.ClasspathScanner$1@440b067b from url file:/C:/Users/a.basaleh/.jdks/openjdk-26.0.1!/java.datatransfer. skipping.
12-06-2026 11:48:38.284 [java] [ERROR] java.lang.NullPointerException: Cannot invoke "java.io.File.isDirectory()" because "file" is null
12-06-2026 11:48:38.284 [java] [ERROR] 	at com.thoughtworks.gauge.scan.ClasspathScanner$1.createDir(ClasspathScanner.java:48)
12-06-2026 11:48:38.284 [java] [ERROR] 	at org.reflections.vfs.Vfs.fromURL(Vfs.java:103)
12-06-2026 11:48:38.284 [java] [ERROR] 	at org.reflections.vfs.Vfs.fromURL(Vfs.java:95)
12-06-2026 11:48:38.284 [java] [ERROR] 	at org.reflections.Reflections.lambda$scan$2(Reflections.java:176)
12-06-2026 11:48:38.284 [java] [ERROR] 	at java.base/java.util.stream.ForEachOps$ForEachOp$OfRef.accept(ForEachOps.java:186)
12-06-2026 11:48:38.284 [java] [ERROR] 	at java.base/java.util.HashMap$KeySpliterator.forEachRemaining(HashMap.java:1716)
12-06-2026 11:48:38.284 [java] [ERROR] 	at java.base/java.util.stream.AbstractPipeline.copyInto(AbstractPipeline.java:570)
12-06-2026 11:48:38.284 [java] [ERROR] 	at java.base/java.util.stream.ForEachOps$ForEachTask.compute(ForEachOps.java:293)
12-06-2026 11:48:38.284 [java] [ERROR] 	at java.base/java.util.concurrent.CountedCompleter.exec(CountedCompleter.java:759)
12-06-2026 11:48:38.284 [java] [ERROR] 	at java.base/java.util.concurrent.ForkJoinTask.doExec(ForkJoinTask.java:511)
12-06-2026 11:48:38.284 [java] [ERROR] 	at java.base/java.util.concurrent.ForkJoinPool$WorkQueue.topLevelExec(ForkJoinPool.java:1450)
12-06-2026 11:48:38.284 [java] [ERROR] 	at java.base/java.util.concurrent.ForkJoinPool.runWorker(ForkJoinPool.java:2019)
12-06-2026 11:48:38.284 [java] [ERROR] 	at java.base/java.util.concurrent.ForkJoinWorkerThread.run(ForkJoinWorkerThread.java:187)
12-06-2026 11:48:38.284 [java] [ERROR] [ForkJoinPool.commonPool-worker-1] WARN org.reflections.Reflections - could not create Vfs.Dir from url. ignoring the exception and continuing
12-06-2026 11:48:38.284 [java] [ERROR] org.reflections.ReflectionsException: could not create Vfs.Dir from url, no matching UrlType was found [file:/C:/Users/a.basaleh/.jdks/openjdk-26.0.1!/java.logging]
12-06-2026 11:48:38.284 [java] [ERROR] either use fromURL(final URL url, final List<UrlType> urlTypes) or use the static setDefaultURLTypes(final List<UrlType> urlTypes) or addDefaultURLTypes(UrlType urlType) with your specialized UrlType.
12-06-2026 11:48:38.284 [java] [ERROR] 	at org.reflections.vfs.Vfs.fromURL(Vfs.java:113)
12-06-2026 11:48:38.284 [java] [ERROR] 	at org.reflections.vfs.Vfs.fromURL(Vfs.java:95)
12-06-2026 11:48:38.284 [java] [ERROR] 	at org.reflections.Reflections.lambda$scan$2(Reflections.java:176)
12-06-2026 11:48:38.284 [java] [ERROR] 	at java.base/java.util.stream.ForEachOps$ForEachOp$OfRef.accept(ForEachOps.java:186)
12-06-2026 11:48:38.284 [java] [ERROR] 	at java.base/java.util.HashMap$KeySpliterator.forEachRemaining(HashMap.java:1716)
12-06-2026 11:48:38.284 [java] [ERROR] 	at java.base/java.util.stream.AbstractPipeline.copyInto(AbstractPipeline.java:570)
12-06-2026 11:48:38.284 [java] [ERROR] 	at java.base/java.util.stream.ForEachOps$ForEachTask.compute(ForEachOps.java:293)
12-06-2026 11:48:38.284 [java] [ERROR] 	at java.base/java.util.concurrent.CountedCompleter.exec(CountedCompleter.java:759)
12-06-2026 11:48:38.284 [java] [ERROR] 	at java.base/java.util.concurrent.ForkJoinTask.doExec(ForkJoinTask.java:511)
12-06-2026 11:48:38.284 [java] [ERROR] 	at java.base/java.util.concurrent.ForkJoinPool$WorkQueue.topLevelExec(ForkJoinPool.java:1450)
12-06-2026 11:48:38.284 [java] [ERROR] 	at java.base/java.util.concurrent.ForkJoinPool.runWorker(ForkJoinPool.java:2019)
12-06-2026 11:48:38.284 [java] [ERROR] 	at java.base/java.util.concurrent.ForkJoinWorkerThread.run(ForkJoinWorkerThread.java:187)
12-06-2026 11:48:38.284 [java] [ERROR] [ForkJoinPool.commonPool-worker-5] WARN org.reflections.Reflections - could not create Dir using com.thoughtworks.gauge.scan.ClasspathScanner$1@440b067b from url file:/C:/Users/a.basaleh/.jdks/openjdk-26.0.1!/java.xml. skipping.
12-06-2026 11:48:38.284 [java] [ERROR] java.lang.NullPointerException: Cannot invoke "java.io.File.isDirectory()" because "file" is null
12-06-2026 11:48:38.284 [java] [ERROR] 	at com.thoughtworks.gauge.scan.ClasspathScanner$1.createDir(ClasspathScanner.java:48)
12-06-2026 11:48:38.284 [java] [ERROR] 	at org.reflections.vfs.Vfs.fromURL(Vfs.java:103)
12-06-2026 11:48:38.284 [java] [ERROR] 	at org.reflections.vfs.Vfs.fromURL(Vfs.java:95)
12-06-2026 11:48:38.286 [java] [ERROR] 	at org.reflections.Reflections.lambda$scan$2(Reflections.java:176)
12-06-2026 11:48:38.286 [java] [ERROR] 	at java.base/java.util.stream.ForEachOps$ForEachOp$OfRef.accept(ForEachOps.java:186)
12-06-2026 11:48:38.286 [java] [ERROR] 	at java.base/java.util.HashMap$KeySpliterator.forEachRemaining(HashMap.java:1716)
12-06-2026 11:48:38.286 [java] [ERROR] 	at java.base/java.util.stream.AbstractPipeline.copyInto(AbstractPipeline.java:570)
12-06-2026 11:48:38.286 [java] [ERROR] 	at java.base/java.util.stream.ForEachOps$ForEachTask.compute(ForEachOps.java:293)
12-06-2026 11:48:38.286 [java] [ERROR] 	at java.base/java.util.concurrent.CountedCompleter.exec(CountedCompleter.java:759)
12-06-2026 11:48:38.286 [java] [ERROR] 	at java.base/java.util.concurrent.ForkJoinTask.doExec(ForkJoinTask.java:511)
12-06-2026 11:48:38.286 [java] [ERROR] 	at java.base/java.util.concurrent.ForkJoinPool$WorkQueue.topLevelExec(ForkJoinPool.java:1450)
12-06-2026 11:48:38.286 [java] [ERROR] 	at java.base/java.util.concurrent.ForkJoinPool.runWorker(ForkJoinPool.java:2019)
12-06-2026 11:48:38.286 [java] [ERROR] 	at java.base/java.util.concurrent.ForkJoinWorkerThread.run(ForkJoinWorkerThread.java:187)
12-06-2026 11:48:38.286 [java] [ERROR] [ForkJoinPool.commonPool-worker-8] WARN org.reflections.Reflections - could not create Vfs.Dir from url. ignoring the exception and continuing
12-06-2026 11:48:38.286 [java] [ERROR] org.reflections.ReflectionsException: could not create Vfs.Dir from url, no matching UrlType was found [file:/C:/Users/a.basaleh/.jdks/openjdk-26.0.1!/java.datatransfer]
12-06-2026 11:48:38.286 [java] [ERROR] either use fromURL(final URL url, final List<UrlType> urlTypes) or use the static setDefaultURLTypes(final List<UrlType> urlTypes) or addDefaultURLTypes(UrlType urlType) with your specialized UrlType.
12-06-2026 11:48:38.286 [java] [ERROR] 	at org.reflections.vfs.Vfs.fromURL(Vfs.java:113)
12-06-2026 11:48:38.286 [java] [ERROR] 	at org.reflections.vfs.Vfs.fromURL(Vfs.java:95)
12-06-2026 11:48:38.286 [java] [ERROR] 	at org.reflections.Reflections.lambda$scan$2(Reflections.java:176)
12-06-2026 11:48:38.286 [java] [ERROR] 	at java.base/java.util.stream.ForEachOps$ForEachOp$OfRef.accept(ForEachOps.java:186)
12-06-2026 11:48:38.286 [java] [ERROR] 	at java.base/java.util.HashMap$KeySpliterator.forEachRemaining(HashMap.java:1716)
12-06-2026 11:48:38.286 [java] [ERROR] 	at java.base/java.util.stream.AbstractPipeline.copyInto(AbstractPipeline.java:570)
12-06-2026 11:48:38.286 [java] [ERROR] 	at java.base/java.util.stream.ForEachOps$ForEachTask.compute(ForEachOps.java:293)
12-06-2026 11:48:38.286 [java] [ERROR] 	at java.base/java.util.concurrent.CountedCompleter.exec(CountedCompleter.java:759)
12-06-2026 11:48:38.286 [java] [ERROR] 	at java.base/java.util.concurrent.ForkJoinTask.doExec(ForkJoinTask.java:511)
12-06-2026 11:48:38.286 [java] [ERROR] 	at java.base/java.util.concurrent.ForkJoinPool$WorkQueue.topLevelExec(ForkJoinPool.java:1450)
12-06-2026 11:48:38.286 [java] [ERROR] 	at java.base/java.util.concurrent.ForkJoinPool.runWorker(ForkJoinPool.java:2019)
12-06-2026 11:48:38.286 [java] [ERROR] 	at java.base/java.util.concurrent.ForkJoinWorkerThread.run(ForkJoinWorkerThread.java:187)
12-06-2026 11:48:38.286 [java] [ERROR] [ForkJoinPool.commonPool-worker-1] WARN org.reflections.Reflections - could not create Dir using com.thoughtworks.gauge.scan.ClasspathScanner$1@440b067b from url file:/C:/Users/a.basaleh/.jdks/openjdk-26.0.1!/jdk.jcmd. skipping.
12-06-2026 11:48:38.286 [java] [ERROR] java.lang.NullPointerException: Cannot invoke "java.io.File.isDirectory()" because "file" is null
12-06-2026 11:48:38.286 [java] [ERROR] 	at com.thoughtworks.gauge.scan.ClasspathScanner$1.createDir(ClasspathScanner.java:48)
12-06-2026 11:48:38.286 [java] [ERROR] 	at org.reflections.vfs.Vfs.fromURL(Vfs.java:103)
12-06-2026 11:48:38.286 [java] [ERROR] 	at org.reflections.vfs.Vfs.fromURL(Vfs.java:95)
12-06-2026 11:48:38.286 [java] [ERROR] 	at org.reflections.Reflections.lambda$scan$2(Reflections.java:176)
12-06-2026 11:48:38.286 [java] [ERROR] 	at java.base/java.util.stream.ForEachOps$ForEachOp$OfRef.accept(ForEachOps.java:186)
12-06-2026 11:48:38.286 [java] [ERROR] 	at java.base/java.util.HashMap$KeySpliterator.forEachRemaining(HashMap.java:1716)
12-06-2026 11:48:38.286 [java] [ERROR] 	at java.base/java.util.stream.AbstractPipeline.copyInto(AbstractPipeline.java:570)
12-06-2026 11:48:38.286 [java] [ERROR] 	at java.base/java.util.stream.ForEachOps$ForEachTask.compute(ForEachOps.java:293)
12-06-2026 11:48:38.286 [java] [ERROR] 	at java.base/java.util.concurrent.CountedCompleter.exec(CountedCompleter.java:759)
12-06-2026 11:48:38.287 [java] [ERROR] 	at java.base/java.util.concurrent.ForkJoinTask.doExec(ForkJoinTask.java:511)
12-06-2026 11:48:38.287 [java] [ERROR] 	at java.base/java.util.concurrent.ForkJoinPool$WorkQueue.topLevelExec(ForkJoinPool.java:1450)
12-06-2026 11:48:38.287 [java] [ERROR] 	at java.base/java.util.concurrent.ForkJoinPool.runWorker(ForkJoinPool.java:2019)
12-06-2026 11:48:38.287 [java] [ERROR] 	at java.base/java.util.concurrent.ForkJoinWorkerThread.run(ForkJoinWorkerThread.java:187)
12-06-2026 11:48:38.297 [java] [ERROR] [ForkJoinPool.commonPool-worker-1] WARN org.reflections.Reflections - could not create Vfs.Dir from url. ignoring the exception and continuing
12-06-2026 11:48:38.297 [java] [ERROR] org.reflections.ReflectionsException: could not create Vfs.Dir from url, no matching UrlType was found [file:/C:/Users/a.basaleh/.jdks/openjdk-26.0.1!/jdk.jcmd]
12-06-2026 11:48:38.297 [java] [ERROR] either use fromURL(final URL url, final List<UrlType> urlTypes) or use the static setDefaultURLTypes(final List<UrlType> urlTypes) or addDefaultURLTypes(UrlType urlType) with your specialized UrlType.
12-06-2026 11:48:38.297 [java] [ERROR] 	at org.reflections.vfs.Vfs.fromURL(Vfs.java:113)
12-06-2026 11:48:38.297 [java] [ERROR] 	at org.reflections.vfs.Vfs.fromURL(Vfs.java:95)
12-06-2026 11:48:38.297 [java] [ERROR] 	at org.reflections.Reflections.lambda$scan$2(Reflections.java:176)
12-06-2026 11:48:38.297 [java] [ERROR] 	at java.base/java.util.stream.ForEachOps$ForEachOp$OfRef.accept(ForEachOps.java:186)
12-06-2026 11:48:38.297 [java] [ERROR] 	at java.base/java.util.HashMap$KeySpliterator.forEachRemaining(HashMap.java:1716)
12-06-2026 11:48:38.297 [java] [ERROR] 	at java.base/java.util.stream.AbstractPipeline.copyInto(AbstractPipeline.java:570)
12-06-2026 11:48:38.297 [java] [ERROR] 	at java.base/java.util.stream.ForEachOps$ForEachTask.compute(ForEachOps.java:293)
12-06-2026 11:48:38.297 [java] [ERROR] 	at java.base/java.util.concurrent.CountedCompleter.exec(CountedCompleter.java:759)
12-06-2026 11:48:38.297 [java] [ERROR] 	at java.base/java.util.concurrent.ForkJoinTask.doExec(ForkJoinTask.java:511)
12-06-2026 11:48:38.297 [java] [ERROR] 	at java.base/java.util.concurrent.ForkJoinPool$WorkQueue.topLevelExec(ForkJoinPool.java:1450)
12-06-2026 11:48:38.297 [java] [ERROR] 	at java.base/java.util.concurrent.ForkJoinPool.runWorker(ForkJoinPool.java:2019)
12-06-2026 11:48:38.297 [java] [ERROR] 	at java.base/java.util.concurrent.ForkJoinWorkerThread.run(ForkJoinWorkerThread.java:187)
12-06-2026 11:48:38.297 [java] [ERROR] [ForkJoinPool.commonPool-worker-1] WARN org.reflections.Reflections - could not create Dir using com.thoughtworks.gauge.scan.ClasspathScanner$1@440b067b from url file:/C:/Users/a.basaleh/.jdks/openjdk-26.0.1!/jdk.graal.compiler.management. skipping.
12-06-2026 11:48:38.297 [java] [ERROR] java.lang.NullPointerException: Cannot invoke "java.io.File.isDirectory()" because "file" is null
12-06-2026 11:48:38.297 [java] [ERROR] 	at com.thoughtworks.gauge.scan.ClasspathScanner$1.createDir(ClasspathScanner.java:48)
12-06-2026 11:48:38.297 [java] [ERROR] 	at org.reflections.vfs.Vfs.fromURL(Vfs.java:103)
12-06-2026 11:48:38.297 [java] [ERROR] 	at org.reflections.vfs.Vfs.fromURL(Vfs.java:95)
12-06-2026 11:48:38.297 [java] [ERROR] 	at org.reflections.Reflections.lambda$scan$2(Reflections.java:176)
12-06-2026 11:48:38.297 [java] [ERROR] 	at java.base/java.util.stream.ForEachOps$ForEachOp$OfRef.accept(ForEachOps.java:186)
12-06-2026 11:48:38.297 [java] [ERROR] 	at java.base/java.util.HashMap$KeySpliterator.forEachRemaining(HashMap.java:1716)
12-06-2026 11:48:38.297 [java] [ERROR] 	at java.base/java.util.stream.AbstractPipeline.copyInto(AbstractPipeline.java:570)
12-06-2026 11:48:38.297 [java] [ERROR] 	at java.base/java.util.stream.ForEachOps$ForEachTask.compute(ForEachOps.java:293)
12-06-2026 11:48:38.301 [java] [ERROR] 	at java.base/java.util.concurrent.CountedCompleter.exec(CountedCompleter.java:759)
12-06-2026 11:48:38.301 [java] [ERROR] 	at java.base/java.util.concurrent.ForkJoinTask.doExec(ForkJoinTask.java:511)
12-06-2026 11:48:38.301 [java] [ERROR] 	at java.base/java.util.concurrent.ForkJoinPool$WorkQueue.topLevelExec(ForkJoinPool.java:1450)
12-06-2026 11:48:38.301 [java] [ERROR] 	at java.base/java.util.concurrent.ForkJoinPool.runWorker(ForkJoinPool.java:2019)
12-06-2026 11:48:38.301 [java] [ERROR] 	at java.base/java.util.concurrent.ForkJoinWorkerThread.run(ForkJoinWorkerThread.java:187)
12-06-2026 11:48:38.301 [java] [ERROR] [ForkJoinPool.commonPool-worker-1] WARN org.reflections.Reflections - could not create Vfs.Dir from url. ignoring the exception and continuing
12-06-2026 11:48:38.301 [java] [ERROR] org.reflections.ReflectionsException: could not create Vfs.Dir from url, no matching UrlType was found [file:/C:/Users/a.basaleh/.jdks/openjdk-26.0.1!/jdk.graal.compiler.management]
12-06-2026 11:48:38.301 [java] [ERROR] either use fromURL(final URL url, final List<UrlType> urlTypes) or use the static setDefaultURLTypes(final List<UrlType> urlTypes) or addDefaultURLTypes(UrlType urlType) with your specialized UrlType.
12-06-2026 11:48:38.301 [java] [ERROR] 	at org.reflections.vfs.Vfs.fromURL(Vfs.java:113)
12-06-2026 11:48:38.301 [java] [ERROR] 	at org.reflections.vfs.Vfs.fromURL(Vfs.java:95)
12-06-2026 11:48:38.301 [java] [ERROR] 	at org.reflections.Reflections.lambda$scan$2(Reflections.java:176)
12-06-2026 11:48:38.301 [java] [ERROR] 	at java.base/java.util.stream.ForEachOps$ForEachOp$OfRef.accept(ForEachOps.java:186)
12-06-2026 11:48:38.301 [java] [ERROR] 	at java.base/java.util.HashMap$KeySpliterator.forEachRemaining(HashMap.java:1716)
12-06-2026 11:48:38.301 [java] [ERROR] 	at java.base/java.util.stream.AbstractPipeline.copyInto(AbstractPipeline.java:570)
12-06-2026 11:48:38.301 [java] [ERROR] 	at java.base/java.util.stream.ForEachOps$ForEachTask.compute(ForEachOps.java:293)
12-06-2026 11:48:38.301 [java] [ERROR] 	at java.base/java.util.concurrent.CountedCompleter.exec(CountedCompleter.java:759)
12-06-2026 11:48:38.301 [java] [ERROR] 	at java.base/java.util.concurrent.ForkJoinTask.doExec(ForkJoinTask.java:511)
12-06-2026 11:48:38.301 [java] [ERROR] 	at java.base/java.util.concurrent.ForkJoinPool$WorkQueue.topLevelExec(ForkJoinPool.java:1450)
12-06-2026 11:48:38.301 [java] [ERROR] 	at java.base/java.util.concurrent.ForkJoinPool.runWorker(ForkJoinPool.java:2019)
12-06-2026 11:48:38.301 [java] [ERROR] 	at java.base/java.util.concurrent.ForkJoinWorkerThread.run(ForkJoinWorkerThread.java:187)
12-06-2026 11:48:38.301 [java] [ERROR] [ForkJoinPool.commonPool-worker-1] WARN org.reflections.Reflections - could not create Dir using com.thoughtworks.gauge.scan.ClasspathScanner$1@440b067b from url file:/C:/Users/a.basaleh/.jdks/openjdk-26.0.1!/jdk.jdwp.agent. skipping.
12-06-2026 11:48:38.301 [java] [ERROR] java.lang.NullPointerException: Cannot invoke "java.io.File.isDirectory()" because "file" is null
12-06-2026 11:48:38.301 [java] [ERROR] 	at com.thoughtworks.gauge.scan.ClasspathScanner$1.createDir(ClasspathScanner.java:48)
12-06-2026 11:48:38.301 [java] [ERROR] 	at org.reflections.vfs.Vfs.fromURL(Vfs.java:103)
12-06-2026 11:48:38.301 [java] [ERROR] 	at org.reflections.vfs.Vfs.fromURL(Vfs.java:95)
12-06-2026 11:48:38.301 [java] [ERROR] 	at org.reflections.Reflections.lambda$scan$2(Reflections.java:176)
12-06-2026 11:48:38.301 [java] [ERROR] 	at java.base/java.util.stream.ForEachOps$ForEachOp$OfRef.accept(ForEachOps.java:186)
12-06-2026 11:48:38.301 [java] [ERROR] 	at java.base/java.util.HashMap$KeySpliterator.forEachRemaining(HashMap.java:1716)
12-06-2026 11:48:38.307 [java] [ERROR] 	at java.base/java.util.stream.AbstractPipeline.copyInto(AbstractPipeline.java:570)
12-06-2026 11:48:38.307 [java] [ERROR] 	at java.base/java.util.stream.ForEachOps$ForEachTask.compute(ForEachOps.java:293)
12-06-2026 11:48:38.307 [java] [ERROR] 	at java.base/java.util.concurrent.CountedCompleter.exec(CountedCompleter.java:759)
12-06-2026 11:48:38.307 [java] [ERROR] 	at java.base/java.util.concurrent.ForkJoinTask.doExec(ForkJoinTask.java:511)
12-06-2026 11:48:38.307 [java] [ERROR] 	at java.base/java.util.concurrent.ForkJoinPool$WorkQueue.topLevelExec(ForkJoinPool.java:1450)
12-06-2026 11:48:38.307 [java] [ERROR] 	at java.base/java.util.concurrent.ForkJoinPool.runWorker(ForkJoinPool.java:2019)
12-06-2026 11:48:38.307 [java] [ERROR] 	at java.base/java.util.concurrent.ForkJoinWorkerThread.run(ForkJoinWorkerThread.java:187)
12-06-2026 11:48:38.325 [java] [ERROR] [ForkJoinPool.commonPool-worker-1] WARN org.reflections.Reflections - could not create Vfs.Dir from url. ignoring the exception and continuing
12-06-2026 11:48:38.325 [java] [ERROR] org.reflections.ReflectionsException: could not create Vfs.Dir from url, no matching UrlType was found [file:/C:/Users/a.basaleh/.jdks/openjdk-26.0.1!/jdk.jdwp.agent]
12-06-2026 11:48:38.325 [java] [ERROR] either use fromURL(final URL url, final List<UrlType> urlTypes) or use the static setDefaultURLTypes(final List<UrlType> urlTypes) or addDefaultURLTypes(UrlType urlType) with your specialized UrlType.
12-06-2026 11:48:38.325 [java] [ERROR] 	at org.reflections.vfs.Vfs.fromURL(Vfs.java:113)
12-06-2026 11:48:38.325 [java] [ERROR] 	at org.reflections.vfs.Vfs.fromURL(Vfs.java:95)
12-06-2026 11:48:38.325 [java] [ERROR] 	at org.reflections.Reflections.lambda$scan$2(Reflections.java:176)
12-06-2026 11:48:38.325 [java] [ERROR] 	at java.base/java.util.stream.ForEachOps$ForEachOp$OfRef.accept(ForEachOps.java:186)
12-06-2026 11:48:38.325 [java] [ERROR] 	at java.base/java.util.HashMap$KeySpliterator.forEachRemaining(HashMap.java:1716)
12-06-2026 11:48:38.325 [java] [ERROR] 	at java.base/java.util.stream.AbstractPipeline.copyInto(AbstractPipeline.java:570)
12-06-2026 11:48:38.325 [java] [ERROR] 	at java.base/java.util.stream.ForEachOps$ForEachTask.compute(ForEachOps.java:293)
12-06-2026 11:48:38.325 [java] [ERROR] 	at java.base/java.util.concurrent.CountedCompleter.exec(CountedCompleter.java:759)
12-06-2026 11:48:38.325 [java] [ERROR] 	at java.base/java.util.concurrent.ForkJoinTask.doExec(ForkJoinTask.java:511)
12-06-2026 11:48:38.325 [java] [ERROR] 	at java.base/java.util.concurrent.ForkJoinPool$WorkQueue.topLevelExec(ForkJoinPool.java:1450)
12-06-2026 11:48:38.325 [java] [ERROR] 	at java.base/java.util.concurrent.ForkJoinPool.runWorker(ForkJoinPool.java:2019)
12-06-2026 11:48:38.325 [java] [ERROR] 	at java.base/java.util.concurrent.ForkJoinWorkerThread.run(ForkJoinWorkerThread.java:187)
12-06-2026 11:48:38.325 [java] [ERROR] [ForkJoinPool.commonPool-worker-1] WARN org.reflections.Reflections - could not create Dir using com.thoughtworks.gauge.scan.ClasspathScanner$1@440b067b from url file:/C:/Users/a.basaleh/.jdks/openjdk-26.0.1!/java.se. skipping.
12-06-2026 11:48:38.325 [java] [ERROR] java.lang.NullPointerException: Cannot invoke "java.io.File.isDirectory()" because "file" is null
12-06-2026 11:48:38.325 [java] [ERROR] 	at com.thoughtworks.gauge.scan.ClasspathScanner$1.createDir(ClasspathScanner.java:48)
12-06-2026 11:48:38.325 [java] [ERROR] 	at org.reflections.vfs.Vfs.fromURL(Vfs.java:103)
12-06-2026 11:48:38.325 [java] [ERROR] 	at org.reflections.vfs.Vfs.fromURL(Vfs.java:95)
12-06-2026 11:48:38.325 [java] [ERROR] 	at org.reflections.Reflections.lambda$scan$2(Reflections.java:176)
12-06-2026 11:48:38.325 [java] [ERROR] 	at java.base/java.util.stream.ForEachOps$ForEachOp$OfRef.accept(ForEachOps.java:186)
12-06-2026 11:48:38.325 [java] [ERROR] 	at java.base/java.util.HashMap$KeySpliterator.forEachRemaining(HashMap.java:1716)
12-06-2026 11:48:38.325 [java] [ERROR] 	at java.base/java.util.stream.AbstractPipeline.copyInto(AbstractPipeline.java:570)
12-06-2026 11:48:38.325 [java] [ERROR] 	at java.base/java.util.stream.ForEachOps$ForEachTask.compute(ForEachOps.java:293)
12-06-2026 11:48:38.325 [java] [ERROR] 	at java.base/java.util.concurrent.CountedCompleter.exec(CountedCompleter.java:759)
12-06-2026 11:48:38.325 [java] [ERROR] 	at java.base/java.util.concurrent.ForkJoinTask.doExec(ForkJoinTask.java:511)
12-06-2026 11:48:38.325 [java] [ERROR] 	at java.base/java.util.concurrent.ForkJoinPool$WorkQueue.topLevelExec(ForkJoinPool.java:1450)
12-06-2026 11:48:38.325 [java] [ERROR] 	at java.base/java.util.concurrent.ForkJoinPool.runWorker(ForkJoinPool.java:2019)
12-06-2026 11:48:38.325 [java] [ERROR] 	at java.base/java.util.concurrent.ForkJoinWorkerThread.run(ForkJoinWorkerThread.java:187)
12-06-2026 11:48:38.325 [java] [ERROR] [ForkJoinPool.commonPool-worker-7] WARN org.reflections.Reflections - could not create Dir using com.thoughtworks.gauge.scan.ClasspathScanner$1@440b067b from url file:/C:/Users/a.basaleh/.jdks/openjdk-26.0.1!/jdk.jshell. skipping.
12-06-2026 11:48:38.325 [java] [ERROR] java.lang.NullPointerException: Cannot invoke "java.io.File.isDirectory()" because "file" is null
12-06-2026 11:48:38.326 [java] [ERROR] 	at com.thoughtworks.gauge.scan.ClasspathScanner$1.createDir(ClasspathScanner.java:48)
12-06-2026 11:48:38.326 [java] [ERROR] 	at org.reflections.vfs.Vfs.fromURL(Vfs.java:103)
12-06-2026 11:48:38.326 [java] [ERROR] 	at org.reflections.vfs.Vfs.fromURL(Vfs.java:95)
12-06-2026 11:48:38.326 [java] [ERROR] 	at org.reflections.Reflections.lambda$scan$2(Reflections.java:176)
12-06-2026 11:48:38.326 [java] [ERROR] 	at java.base/java.util.stream.ForEachOps$ForEachOp$OfRef.accept(ForEachOps.java:186)
12-06-2026 11:48:38.326 [java] [ERROR] 	at java.base/java.util.HashMap$KeySpliterator.forEachRemaining(HashMap.java:1716)
12-06-2026 11:48:38.326 [java] [ERROR] 	at java.base/java.util.stream.AbstractPipeline.copyInto(AbstractPipeline.java:570)
12-06-2026 11:48:38.326 [java] [ERROR] 	at java.base/java.util.stream.ForEachOps$ForEachTask.compute(ForEachOps.java:293)
12-06-2026 11:48:38.326 [java] [ERROR] 	at java.base/java.util.concurrent.CountedCompleter.exec(CountedCompleter.java:759)
12-06-2026 11:48:38.326 [java] [ERROR] 	at java.base/java.util.concurrent.ForkJoinTask.doExec(ForkJoinTask.java:511)
12-06-2026 11:48:38.326 [java] [ERROR] 	at java.base/java.util.concurrent.ForkJoinPool$WorkQueue.topLevelExec(ForkJoinPool.java:1450)
12-06-2026 11:48:38.326 [java] [ERROR] 	at java.base/java.util.concurrent.ForkJoinPool.runWorker(ForkJoinPool.java:2019)
12-06-2026 11:48:38.326 [java] [ERROR] 	at java.base/java.util.concurrent.ForkJoinWorkerThread.run(ForkJoinWorkerThread.java:187)
12-06-2026 11:48:38.326 [java] [ERROR] [ForkJoinPool.commonPool-worker-5] WARN org.reflections.Reflections - could not create Vfs.Dir from url. ignoring the exception and continuing
12-06-2026 11:48:38.326 [java] [ERROR] org.reflections.ReflectionsException: could not create Vfs.Dir from url, no matching UrlType was found [file:/C:/Users/a.basaleh/.jdks/openjdk-26.0.1!/java.xml]
12-06-2026 11:48:38.326 [java] [ERROR] either use fromURL(final URL url, final List<UrlType> urlTypes) or use the static setDefaultURLTypes(final List<UrlType> urlTypes) or addDefaultURLTypes(UrlType urlType) with your specialized UrlType.
12-06-2026 11:48:38.326 [java] [ERROR] 	at org.reflections.vfs.Vfs.fromURL(Vfs.java:113)
12-06-2026 11:48:38.326 [java] [ERROR] 	at org.reflections.vfs.Vfs.fromURL(Vfs.java:95)
12-06-2026 11:48:38.326 [java] [ERROR] 	at org.reflections.Reflections.lambda$scan$2(Reflections.java:176)
12-06-2026 11:48:38.326 [java] [ERROR] 	at java.base/java.util.stream.ForEachOps$ForEachOp$OfRef.accept(ForEachOps.java:186)
12-06-2026 11:48:38.326 [java] [ERROR] 	at java.base/java.util.HashMap$KeySpliterator.forEachRemaining(HashMap.java:1716)
12-06-2026 11:48:38.326 [java] [ERROR] 	at java.base/java.util.stream.AbstractPipeline.copyInto(AbstractPipeline.java:570)
12-06-2026 11:48:38.326 [java] [ERROR] 	at java.base/java.util.stream.ForEachOps$ForEachTask.compute(ForEachOps.java:293)
12-06-2026 11:48:38.326 [java] [ERROR] 	at java.base/java.util.concurrent.CountedCompleter.exec(CountedCompleter.java:759)
12-06-2026 11:48:38.326 [java] [ERROR] 	at java.base/java.util.concurrent.ForkJoinTask.doExec(ForkJoinTask.java:511)
12-06-2026 11:48:38.326 [java] [ERROR] 	at java.base/java.util.concurrent.ForkJoinPool$WorkQueue.topLevelExec(ForkJoinPool.java:1450)
12-06-2026 11:48:38.326 [java] [ERROR] 	at java.base/java.util.concurrent.ForkJoinPool.runWorker(ForkJoinPool.java:2019)
12-06-2026 11:48:38.326 [java] [ERROR] 	at java.base/java.util.concurrent.ForkJoinWorkerThread.run(ForkJoinWorkerThread.java:187)
12-06-2026 11:48:38.326 [java] [ERROR] [ForkJoinPool.commonPool-worker-1] WARN org.reflections.Reflections - could not create Vfs.Dir from url. ignoring the exception and continuing
12-06-2026 11:48:38.326 [java] [ERROR] org.reflections.ReflectionsException: could not create Vfs.Dir from url, no matching UrlType was found [file:/C:/Users/a.basaleh/.jdks/openjdk-26.0.1!/java.se]
12-06-2026 11:48:38.326 [java] [ERROR] either use fromURL(final URL url, final List<UrlType> urlTypes) or use the static setDefaultURLTypes(final List<UrlType> urlTypes) or addDefaultURLTypes(UrlType urlType) with your specialized UrlType.
12-06-2026 11:48:38.326 [java] [ERROR] 	at org.reflections.vfs.Vfs.fromURL(Vfs.java:113)
12-06-2026 11:48:38.326 [java] [ERROR] 	at org.reflections.vfs.Vfs.fromURL(Vfs.java:95)
12-06-2026 11:48:38.326 [java] [ERROR] 	at org.reflections.Reflections.lambda$scan$2(Reflections.java:176)
12-06-2026 11:48:38.326 [java] [ERROR] 	at java.base/java.util.stream.ForEachOps$ForEachOp$OfRef.accept(ForEachOps.java:186)
12-06-2026 11:48:38.326 [java] [ERROR] 	at java.base/java.util.HashMap$KeySpliterator.forEachRemaining(HashMap.java:1716)
12-06-2026 11:48:38.326 [java] [ERROR] 	at java.base/java.util.stream.AbstractPipeline.copyInto(AbstractPipeline.java:570)
12-06-2026 11:48:38.326 [java] [ERROR] 	at java.base/java.util.stream.ForEachOps$ForEachTask.compute(ForEachOps.java:293)
12-06-2026 11:48:38.326 [java] [ERROR] 	at java.base/java.util.concurrent.CountedCompleter.exec(CountedCompleter.java:759)
12-06-2026 11:48:38.327 [java] [ERROR] 	at java.base/java.util.concurrent.ForkJoinTask.doExec(ForkJoinTask.java:511)
12-06-2026 11:48:38.327 [java] [ERROR] 	at java.base/java.util.concurrent.ForkJoinPool$WorkQueue.topLevelExec(ForkJoinPool.java:1450)
12-06-2026 11:48:38.327 [java] [ERROR] 	at java.base/java.util.concurrent.ForkJoinPool.runWorker(ForkJoinPool.java:2019)
12-06-2026 11:48:38.327 [java] [ERROR] 	at java.base/java.util.concurrent.ForkJoinWorkerThread.run(ForkJoinWorkerThread.java:187)
12-06-2026 11:48:38.327 [java] [ERROR] [ForkJoinPool.commonPool-worker-7] WARN org.reflections.Reflections - could not create Vfs.Dir from url. ignoring the exception and continuing
12-06-2026 11:48:38.327 [java] [ERROR] org.reflections.ReflectionsException: could not create Vfs.Dir from url, no matching UrlType was found [file:/C:/Users/a.basaleh/.jdks/openjdk-26.0.1!/jdk.jshell]
12-06-2026 11:48:38.327 [java] [ERROR] either use fromURL(final URL url, final List<UrlType> urlTypes) or use the static setDefaultURLTypes(final List<UrlType> urlTypes) or addDefaultURLTypes(UrlType urlType) with your specialized UrlType.
12-06-2026 11:48:38.327 [java] [ERROR] 	at org.reflections.vfs.Vfs.fromURL(Vfs.java:113)
12-06-2026 11:48:38.327 [java] [ERROR] 	at org.reflections.vfs.Vfs.fromURL(Vfs.java:95)
12-06-2026 11:48:38.327 [java] [ERROR] 	at org.reflections.Reflections.lambda$scan$2(Reflections.java:176)
12-06-2026 11:48:38.327 [java] [ERROR] 	at java.base/java.util.stream.ForEachOps$ForEachOp$OfRef.accept(ForEachOps.java:186)
12-06-2026 11:48:38.327 [java] [ERROR] 	at java.base/java.util.HashMap$KeySpliterator.forEachRemaining(HashMap.java:1716)
12-06-2026 11:48:38.327 [java] [ERROR] 	at java.base/java.util.stream.AbstractPipeline.copyInto(AbstractPipeline.java:570)
12-06-2026 11:48:38.327 [java] [ERROR] 	at java.base/java.util.stream.ForEachOps$ForEachTask.compute(ForEachOps.java:293)
12-06-2026 11:48:38.327 [java] [ERROR] 	at java.base/java.util.concurrent.CountedCompleter.exec(CountedCompleter.java:759)
12-06-2026 11:48:38.327 [java] [ERROR] 	at java.base/java.util.concurrent.ForkJoinTask.doExec(ForkJoinTask.java:511)
12-06-2026 11:48:38.327 [java] [ERROR] 	at java.base/java.util.concurrent.ForkJoinPool$WorkQueue.topLevelExec(ForkJoinPool.java:1450)
12-06-2026 11:48:38.327 [java] [ERROR] 	at java.base/java.util.concurrent.ForkJoinPool.runWorker(ForkJoinPool.java:2019)
12-06-2026 11:48:38.327 [java] [ERROR] 	at java.base/java.util.concurrent.ForkJoinWorkerThread.run(ForkJoinWorkerThread.java:187)
12-06-2026 11:48:38.327 [java] [ERROR] [ForkJoinPool.commonPool-worker-1] WARN org.reflections.Reflections - could not create Dir using com.thoughtworks.gauge.scan.ClasspathScanner$1@440b067b from url file:/C:/Users/a.basaleh/.jdks/openjdk-26.0.1!/jdk.internal.le. skipping.
12-06-2026 11:48:38.327 [java] [ERROR] java.lang.NullPointerException: Cannot invoke "java.io.File.isDirectory()" because "file" is null
12-06-2026 11:48:38.327 [java] [ERROR] 	at com.thoughtworks.gauge.scan.ClasspathScanner$1.createDir(ClasspathScanner.java:48)
12-06-2026 11:48:38.327 [java] [ERROR] 	at org.reflections.vfs.Vfs.fromURL(Vfs.java:103)
12-06-2026 11:48:38.327 [java] [ERROR] 	at org.reflections.vfs.Vfs.fromURL(Vfs.java:95)
12-06-2026 11:48:38.327 [java] [ERROR] 	at org.reflections.Reflections.lambda$scan$2(Reflections.java:176)
12-06-2026 11:48:38.327 [java] [ERROR] 	at java.base/java.util.stream.ForEachOps$ForEachOp$OfRef.accept(ForEachOps.java:186)
12-06-2026 11:48:38.327 [java] [ERROR] 	at java.base/java.util.HashMap$KeySpliterator.forEachRemaining(HashMap.java:1716)
12-06-2026 11:48:38.327 [java] [ERROR] 	at java.base/java.util.stream.AbstractPipeline.copyInto(AbstractPipeline.java:570)
12-06-2026 11:48:38.327 [java] [ERROR] 	at java.base/java.util.stream.ForEachOps$ForEachTask.compute(ForEachOps.java:293)
12-06-2026 11:48:38.327 [java] [ERROR] 	at java.base/java.util.concurrent.CountedCompleter.exec(CountedCompleter.java:759)
12-06-2026 11:48:38.327 [java] [ERROR] 	at java.base/java.util.concurrent.ForkJoinTask.doExec(ForkJoinTask.java:511)
12-06-2026 11:48:38.327 [java] [ERROR] 	at java.base/java.util.concurrent.ForkJoinPool$WorkQueue.topLevelExec(ForkJoinPool.java:1450)
12-06-2026 11:48:38.327 [java] [ERROR] 	at java.base/java.util.concurrent.ForkJoinPool.runWorker(ForkJoinPool.java:2019)
12-06-2026 11:48:38.327 [java] [ERROR] 	at java.base/java.util.concurrent.ForkJoinWorkerThread.run(ForkJoinWorkerThread.java:187)
12-06-2026 11:48:38.330 [java] [ERROR] [ForkJoinPool.commonPool-worker-7] WARN org.reflections.Reflections - could not create Dir using com.thoughtworks.gauge.scan.ClasspathScanner$1@440b067b from url file:/C:/Users/a.basaleh/.jdks/openjdk-26.0.1!/jdk.internal.opt. skipping.
12-06-2026 11:48:38.331 [java] [ERROR] java.lang.NullPointerException: Cannot invoke "java.io.File.isDirectory()" because "file" is null
12-06-2026 11:48:38.331 [java] [ERROR] 	at com.thoughtworks.gauge.scan.ClasspathScanner$1.createDir(ClasspathScanner.java:48)
12-06-2026 11:48:38.331 [java] [ERROR] 	at org.reflections.vfs.Vfs.fromURL(Vfs.java:103)
12-06-2026 11:48:38.331 [java] [ERROR] 	at org.reflections.vfs.Vfs.fromURL(Vfs.java:95)
12-06-2026 11:48:38.331 [java] [ERROR] 	at org.reflections.Reflections.lambda$scan$2(Reflections.java:176)
12-06-2026 11:48:38.331 [java] [ERROR] 	at java.base/java.util.stream.ForEachOps$ForEachOp$OfRef.accept(ForEachOps.java:186)
12-06-2026 11:48:38.331 [java] [ERROR] 	at java.base/java.util.HashMap$KeySpliterator.forEachRemaining(HashMap.java:1716)
12-06-2026 11:48:38.331 [java] [ERROR] 	at java.base/java.util.stream.AbstractPipeline.copyInto(AbstractPipeline.java:570)
12-06-2026 11:48:38.331 [java] [ERROR] 	at java.base/java.util.stream.ForEachOps$ForEachTask.compute(ForEachOps.java:293)
12-06-2026 11:48:38.331 [java] [ERROR] 	at java.base/java.util.concurrent.CountedCompleter.exec(CountedCompleter.java:759)
12-06-2026 11:48:38.331 [java] [ERROR] 	at java.base/java.util.concurrent.ForkJoinTask.doExec(ForkJoinTask.java:511)
12-06-2026 11:48:38.331 [java] [ERROR] 	at java.base/java.util.concurrent.ForkJoinPool$WorkQueue.topLevelExec(ForkJoinPool.java:1450)
12-06-2026 11:48:38.331 [java] [ERROR] 	at java.base/java.util.concurrent.ForkJoinPool.runWorker(ForkJoinPool.java:2019)
12-06-2026 11:48:38.331 [java] [ERROR] 	at java.base/java.util.concurrent.ForkJoinWorkerThread.run(ForkJoinWorkerThread.java:187)
12-06-2026 11:48:38.331 [java] [ERROR] [ForkJoinPool.commonPool-worker-1] WARN org.reflections.Reflections - could not create Vfs.Dir from url. ignoring the exception and continuing
12-06-2026 11:48:38.331 [java] [ERROR] org.reflections.ReflectionsException: could not create Vfs.Dir from url, no matching UrlType was found [file:/C:/Users/a.basaleh/.jdks/openjdk-26.0.1!/jdk.internal.le]
12-06-2026 11:48:38.331 [java] [ERROR] either use fromURL(final URL url, final List<UrlType> urlTypes) or use the static setDefaultURLTypes(final List<UrlType> urlTypes) or addDefaultURLTypes(UrlType urlType) with your specialized UrlType.
12-06-2026 11:48:38.331 [java] [ERROR] 	at org.reflections.vfs.Vfs.fromURL(Vfs.java:113)
12-06-2026 11:48:38.331 [java] [ERROR] 	at org.reflections.vfs.Vfs.fromURL(Vfs.java:95)
12-06-2026 11:48:38.331 [java] [ERROR] 	at org.reflections.Reflections.lambda$scan$2(Reflections.java:176)
12-06-2026 11:48:38.331 [java] [ERROR] 	at java.base/java.util.stream.ForEachOps$ForEachOp$OfRef.accept(ForEachOps.java:186)
12-06-2026 11:48:38.331 [java] [ERROR] 	at java.base/java.util.HashMap$KeySpliterator.forEachRemaining(HashMap.java:1716)
12-06-2026 11:48:38.331 [java] [ERROR] 	at java.base/java.util.stream.AbstractPipeline.copyInto(AbstractPipeline.java:570)
12-06-2026 11:48:38.331 [java] [ERROR] 	at java.base/java.util.stream.ForEachOps$ForEachTask.compute(ForEachOps.java:293)
12-06-2026 11:48:38.331 [java] [ERROR] 	at java.base/java.util.concurrent.CountedCompleter.exec(CountedCompleter.java:759)
12-06-2026 11:48:38.331 [java] [ERROR] 	at java.base/java.util.concurrent.ForkJoinTask.doExec(ForkJoinTask.java:511)
12-06-2026 11:48:38.331 [java] [ERROR] 	at java.base/java.util.concurrent.ForkJoinPool$WorkQueue.topLevelExec(ForkJoinPool.java:1450)
12-06-2026 11:48:38.331 [java] [ERROR] 	at java.base/java.util.concurrent.ForkJoinPool.runWorker(ForkJoinPool.java:2019)
12-06-2026 11:48:38.331 [java] [ERROR] 	at java.base/java.util.concurrent.ForkJoinWorkerThread.run(ForkJoinWorkerThread.java:187)
12-06-2026 11:48:38.331 [java] [ERROR] [ForkJoinPool.commonPool-worker-7] WARN org.reflections.Reflections - could not create Vfs.Dir from url. ignoring the exception and continuing
12-06-2026 11:48:38.331 [java] [ERROR] org.reflections.ReflectionsException: could not create Vfs.Dir from url, no matching UrlType was found [file:/C:/Users/a.basaleh/.jdks/openjdk-26.0.1!/jdk.internal.opt]
12-06-2026 11:48:38.331 [java] [ERROR] either use fromURL(final URL url, final List<UrlType> urlTypes) or use the static setDefaultURLTypes(final List<UrlType> urlTypes) or addDefaultURLTypes(UrlType urlType) with your specialized UrlType.
12-06-2026 11:48:38.331 [java] [ERROR] 	at org.reflections.vfs.Vfs.fromURL(Vfs.java:113)
12-06-2026 11:48:38.341 [java] [ERROR] 	at org.reflections.vfs.Vfs.fromURL(Vfs.java:95)
12-06-2026 11:48:38.341 [java] [ERROR] 	at org.reflections.Reflections.lambda$scan$2(Reflections.java:176)
12-06-2026 11:48:38.341 [java] [ERROR] 	at java.base/java.util.stream.ForEachOps$ForEachOp$OfRef.accept(ForEachOps.java:186)
12-06-2026 11:48:38.341 [java] [ERROR] 	at java.base/java.util.HashMap$KeySpliterator.forEachRemaining(HashMap.java:1716)
12-06-2026 11:48:38.341 [java] [ERROR] 	at java.base/java.util.stream.AbstractPipeline.copyInto(AbstractPipeline.java:570)
12-06-2026 11:48:38.341 [java] [ERROR] 	at java.base/java.util.stream.ForEachOps$ForEachTask.compute(ForEachOps.java:293)
12-06-2026 11:48:38.341 [java] [ERROR] 	at java.base/java.util.concurrent.CountedCompleter.exec(CountedCompleter.java:759)
12-06-2026 11:48:38.341 [java] [ERROR] 	at java.base/java.util.concurrent.ForkJoinTask.doExec(ForkJoinTask.java:511)
12-06-2026 11:48:38.341 [java] [ERROR] 	at java.base/java.util.concurrent.ForkJoinPool$WorkQueue.topLevelExec(ForkJoinPool.java:1450)
12-06-2026 11:48:38.341 [java] [ERROR] 	at java.base/java.util.concurrent.ForkJoinPool.runWorker(ForkJoinPool.java:2019)
12-06-2026 11:48:38.341 [java] [ERROR] 	at java.base/java.util.concurrent.ForkJoinWorkerThread.run(ForkJoinWorkerThread.java:187)
12-06-2026 11:48:38.341 [java] [ERROR] [ForkJoinPool.commonPool-worker-7] WARN org.reflections.Reflections - could not create Dir using com.thoughtworks.gauge.scan.ClasspathScanner$1@440b067b from url file:/C:/Users/a.basaleh/.jdks/openjdk-26.0.1!/java.management.rmi. skipping.
12-06-2026 11:48:38.341 [java] [ERROR] java.lang.NullPointerException: Cannot invoke "java.io.File.isDirectory()" because "file" is null
12-06-2026 11:48:38.341 [java] [ERROR] 	at com.thoughtworks.gauge.scan.ClasspathScanner$1.createDir(ClasspathScanner.java:48)
12-06-2026 11:48:38.341 [java] [ERROR] 	at org.reflections.vfs.Vfs.fromURL(Vfs.java:103)
12-06-2026 11:48:38.341 [java] [ERROR] 	at org.reflections.vfs.Vfs.fromURL(Vfs.java:95)
12-06-2026 11:48:38.341 [java] [ERROR] 	at org.reflections.Reflections.lambda$scan$2(Reflections.java:176)
12-06-2026 11:48:38.341 [java] [ERROR] 	at java.base/java.util.stream.ForEachOps$ForEachOp$OfRef.accept(ForEachOps.java:186)
12-06-2026 11:48:38.341 [java] [ERROR] 	at java.base/java.util.HashMap$KeySpliterator.forEachRemaining(HashMap.java:1716)
12-06-2026 11:48:38.341 [java] [ERROR] 	at java.base/java.util.stream.AbstractPipeline.copyInto(AbstractPipeline.java:570)
12-06-2026 11:48:38.341 [java] [ERROR] 	at java.base/java.util.stream.ForEachOps$ForEachTask.compute(ForEachOps.java:293)
12-06-2026 11:48:38.341 [java] [ERROR] 	at java.base/java.util.concurrent.CountedCompleter.exec(CountedCompleter.java:759)
12-06-2026 11:48:38.341 [java] [ERROR] 	at java.base/java.util.concurrent.ForkJoinTask.doExec(ForkJoinTask.java:511)
12-06-2026 11:48:38.341 [java] [ERROR] 	at java.base/java.util.concurrent.ForkJoinPool$WorkQueue.topLevelExec(ForkJoinPool.java:1450)
12-06-2026 11:48:38.341 [java] [ERROR] 	at java.base/java.util.concurrent.ForkJoinPool.runWorker(ForkJoinPool.java:2019)
12-06-2026 11:48:38.341 [java] [ERROR] 	at java.base/java.util.concurrent.ForkJoinWorkerThread.run(ForkJoinWorkerThread.java:187)
12-06-2026 11:48:38.341 [java] [ERROR] [ForkJoinPool.commonPool-worker-1] WARN org.reflections.Reflections - could not create Dir using com.thoughtworks.gauge.scan.ClasspathScanner$1@440b067b from url file:/C:/Users/a.basaleh/.jdks/openjdk-26.0.1!/java.management. skipping.
12-06-2026 11:48:38.341 [java] [ERROR] java.lang.NullPointerException: Cannot invoke "java.io.File.isDirectory()" because "file" is null
12-06-2026 11:48:38.341 [java] [ERROR] 	at com.thoughtworks.gauge.scan.ClasspathScanner$1.createDir(ClasspathScanner.java:48)
12-06-2026 11:48:38.341 [java] [ERROR] 	at org.reflections.vfs.Vfs.fromURL(Vfs.java:103)
12-06-2026 11:48:38.341 [java] [ERROR] 	at org.reflections.vfs.Vfs.fromURL(Vfs.java:95)
12-06-2026 11:48:38.342 [java] [ERROR] 	at org.reflections.Reflections.lambda$scan$2(Reflections.java:176)
12-06-2026 11:48:38.342 [java] [ERROR] 	at java.base/java.util.stream.ForEachOps$ForEachOp$OfRef.accept(ForEachOps.java:186)
12-06-2026 11:48:38.342 [java] [ERROR] 	at java.base/java.util.HashMap$KeySpliterator.forEachRemaining(HashMap.java:1716)
12-06-2026 11:48:38.342 [java] [ERROR] 	at java.base/java.util.stream.AbstractPipeline.copyInto(AbstractPipeline.java:570)
12-06-2026 11:48:38.342 [java] [ERROR] 	at java.base/java.util.stream.ForEachOps$ForEachTask.compute(ForEachOps.java:293)
12-06-2026 11:48:38.347 [java] [ERROR] 	at java.base/java.util.concurrent.CountedCompleter.exec(CountedCompleter.java:759)
12-06-2026 11:48:38.347 [java] [ERROR] 	at java.base/java.util.concurrent.ForkJoinTask.doExec(ForkJoinTask.java:511)
12-06-2026 11:48:38.347 [java] [ERROR] 	at java.base/java.util.concurrent.ForkJoinPool$WorkQueue.topLevelExec(ForkJoinPool.java:1450)
12-06-2026 11:48:38.347 [java] [ERROR] 	at java.base/java.util.concurrent.ForkJoinPool.runWorker(ForkJoinPool.java:2019)
12-06-2026 11:48:38.347 [java] [ERROR] 	at java.base/java.util.concurrent.ForkJoinWorkerThread.run(ForkJoinWorkerThread.java:187)
12-06-2026 11:48:38.347 [java] [ERROR] [ForkJoinPool.commonPool-worker-7] WARN org.reflections.Reflections - could not create Vfs.Dir from url. ignoring the exception and continuing
12-06-2026 11:48:38.347 [java] [ERROR] org.reflections.ReflectionsException: could not create Vfs.Dir from url, no matching UrlType was found [file:/C:/Users/a.basaleh/.jdks/openjdk-26.0.1!/java.management.rmi]
12-06-2026 11:48:38.347 [java] [ERROR] either use fromURL(final URL url, final List<UrlType> urlTypes) or use the static setDefaultURLTypes(final List<UrlType> urlTypes) or addDefaultURLTypes(UrlType urlType) with your specialized UrlType.
12-06-2026 11:48:38.347 [java] [ERROR] 	at org.reflections.vfs.Vfs.fromURL(Vfs.java:113)
12-06-2026 11:48:38.347 [java] [ERROR] 	at org.reflections.vfs.Vfs.fromURL(Vfs.java:95)
12-06-2026 11:48:38.347 [java] [ERROR] 	at org.reflections.Reflections.lambda$scan$2(Reflections.java:176)
12-06-2026 11:48:38.347 [java] [ERROR] 	at java.base/java.util.stream.ForEachOps$ForEachOp$OfRef.accept(ForEachOps.java:186)
12-06-2026 11:48:38.347 [java] [ERROR] 	at java.base/java.util.HashMap$KeySpliterator.forEachRemaining(HashMap.java:1716)
12-06-2026 11:48:38.347 [java] [ERROR] 	at java.base/java.util.stream.AbstractPipeline.copyInto(AbstractPipeline.java:570)
12-06-2026 11:48:38.347 [java] [ERROR] 	at java.base/java.util.stream.ForEachOps$ForEachTask.compute(ForEachOps.java:293)
12-06-2026 11:48:38.347 [java] [ERROR] 	at java.base/java.util.concurrent.CountedCompleter.exec(CountedCompleter.java:759)
12-06-2026 11:48:38.347 [java] [ERROR] 	at java.base/java.util.concurrent.ForkJoinTask.doExec(ForkJoinTask.java:511)
12-06-2026 11:48:38.348 [java] [ERROR] 	at java.base/java.util.concurrent.ForkJoinPool$WorkQueue.topLevelExec(ForkJoinPool.java:1450)
12-06-2026 11:48:38.348 [java] [ERROR] 	at java.base/java.util.concurrent.ForkJoinPool.runWorker(ForkJoinPool.java:2019)
12-06-2026 11:48:38.348 [java] [ERROR] 	at java.base/java.util.concurrent.ForkJoinWorkerThread.run(ForkJoinWorkerThread.java:187)
12-06-2026 11:48:38.348 [java] [ERROR] [ForkJoinPool.commonPool-worker-1] WARN org.reflections.Reflections - could not create Vfs.Dir from url. ignoring the exception and continuing
12-06-2026 11:48:38.348 [java] [ERROR] org.reflections.ReflectionsException: could not create Vfs.Dir from url, no matching UrlType was found [file:/C:/Users/a.basaleh/.jdks/openjdk-26.0.1!/java.management]
12-06-2026 11:48:38.348 [java] [ERROR] either use fromURL(final URL url, final List<UrlType> urlTypes) or use the static setDefaultURLTypes(final List<UrlType> urlTypes) or addDefaultURLTypes(UrlType urlType) with your specialized UrlType.
12-06-2026 11:48:38.348 [java] [ERROR] 	at org.reflections.vfs.Vfs.fromURL(Vfs.java:113)
12-06-2026 11:48:38.348 [java] [ERROR] 	at org.reflections.vfs.Vfs.fromURL(Vfs.java:95)
12-06-2026 11:48:38.348 [java] [ERROR] 	at org.reflections.Reflections.lambda$scan$2(Reflections.java:176)
12-06-2026 11:48:38.348 [java] [ERROR] 	at java.base/java.util.stream.ForEachOps$ForEachOp$OfRef.accept(ForEachOps.java:186)
12-06-2026 11:48:38.348 [java] [ERROR] 	at java.base/java.util.HashMap$KeySpliterator.forEachRemaining(HashMap.java:1716)
12-06-2026 11:48:38.348 [java] [ERROR] 	at java.base/java.util.stream.AbstractPipeline.copyInto(AbstractPipeline.java:570)
12-06-2026 11:48:38.348 [java] [ERROR] 	at java.base/java.util.stream.ForEachOps$ForEachTask.compute(ForEachOps.java:293)
12-06-2026 11:48:38.348 [java] [ERROR] 	at java.base/java.util.concurrent.CountedCompleter.exec(CountedCompleter.java:759)
12-06-2026 11:48:38.348 [java] [ERROR] 	at java.base/java.util.concurrent.ForkJoinTask.doExec(ForkJoinTask.java:511)
12-06-2026 11:48:38.348 [java] [ERROR] 	at java.base/java.util.concurrent.ForkJoinPool$WorkQueue.topLevelExec(ForkJoinPool.java:1450)
12-06-2026 11:48:38.348 [java] [ERROR] 	at java.base/java.util.concurrent.ForkJoinPool.runWorker(ForkJoinPool.java:2019)
12-06-2026 11:48:38.354 [java] [ERROR] 	at java.base/java.util.concurrent.ForkJoinWorkerThread.run(ForkJoinWorkerThread.java:187)
12-06-2026 11:48:38.355 [java] [ERROR] [ForkJoinPool.commonPool-worker-1] WARN org.reflections.Reflections - could not create Dir using com.thoughtworks.gauge.scan.ClasspathScanner$1@440b067b from url file:/C:/Users/a.basaleh/.jdks/openjdk-26.0.1!/jdk.xml.dom. skipping.
12-06-2026 11:48:38.355 [java] [ERROR] java.lang.NullPointerException: Cannot invoke "java.io.File.isDirectory()" because "file" is null
12-06-2026 11:48:38.355 [java] [ERROR] 	at com.thoughtworks.gauge.scan.ClasspathScanner$1.createDir(ClasspathScanner.java:48)
12-06-2026 11:48:38.355 [java] [ERROR] 	at org.reflections.vfs.Vfs.fromURL(Vfs.java:103)
12-06-2026 11:48:38.355 [java] [ERROR] 	at org.reflections.vfs.Vfs.fromURL(Vfs.java:95)
12-06-2026 11:48:38.355 [java] [ERROR] 	at org.reflections.Reflections.lambda$scan$2(Reflections.java:176)
12-06-2026 11:48:38.355 [java] [ERROR] 	at java.base/java.util.stream.ForEachOps$ForEachOp$OfRef.accept(ForEachOps.java:186)
12-06-2026 11:48:38.355 [java] [ERROR] 	at java.base/java.util.HashMap$KeySpliterator.forEachRemaining(HashMap.java:1716)
12-06-2026 11:48:38.355 [java] [ERROR] 	at java.base/java.util.stream.AbstractPipeline.copyInto(AbstractPipeline.java:570)
12-06-2026 11:48:38.355 [java] [ERROR] 	at java.base/java.util.stream.ForEachOps$ForEachTask.compute(ForEachOps.java:293)
12-06-2026 11:48:38.355 [java] [ERROR] 	at java.base/java.util.concurrent.CountedCompleter.exec(CountedCompleter.java:759)
12-06-2026 11:48:38.355 [java] [ERROR] 	at java.base/java.util.concurrent.ForkJoinTask.doExec(ForkJoinTask.java:511)
12-06-2026 11:48:38.355 [java] [ERROR] 	at java.base/java.util.concurrent.ForkJoinPool$WorkQueue.topLevelExec(ForkJoinPool.java:1450)
12-06-2026 11:48:38.355 [java] [ERROR] 	at java.base/java.util.concurrent.ForkJoinPool.runWorker(ForkJoinPool.java:2019)
12-06-2026 11:48:38.355 [java] [ERROR] 	at java.base/java.util.concurrent.ForkJoinWorkerThread.run(ForkJoinWorkerThread.java:187)
12-06-2026 11:48:38.355 [java] [ERROR] [ForkJoinPool.commonPool-worker-1] WARN org.reflections.Reflections - could not create Vfs.Dir from url. ignoring the exception and continuing
12-06-2026 11:48:38.355 [java] [ERROR] org.reflections.ReflectionsException: could not create Vfs.Dir from url, no matching UrlType was found [file:/C:/Users/a.basaleh/.jdks/openjdk-26.0.1!/jdk.xml.dom]
12-06-2026 11:48:38.355 [java] [ERROR] either use fromURL(final URL url, final List<UrlType> urlTypes) or use the static setDefaultURLTypes(final List<UrlType> urlTypes) or addDefaultURLTypes(UrlType urlType) with your specialized UrlType.
12-06-2026 11:48:38.355 [java] [ERROR] 	at org.reflections.vfs.Vfs.fromURL(Vfs.java:113)
12-06-2026 11:48:38.355 [java] [ERROR] 	at org.reflections.vfs.Vfs.fromURL(Vfs.java:95)
12-06-2026 11:48:38.355 [java] [ERROR] 	at org.reflections.Reflections.lambda$scan$2(Reflections.java:176)
12-06-2026 11:48:38.355 [java] [ERROR] 	at java.base/java.util.stream.ForEachOps$ForEachOp$OfRef.accept(ForEachOps.java:186)
12-06-2026 11:48:38.355 [java] [ERROR] 	at java.base/java.util.HashMap$KeySpliterator.forEachRemaining(HashMap.java:1716)
12-06-2026 11:48:38.355 [java] [ERROR] 	at java.base/java.util.stream.AbstractPipeline.copyInto(AbstractPipeline.java:570)
12-06-2026 11:48:38.355 [java] [ERROR] 	at java.base/java.util.stream.ForEachOps$ForEachTask.compute(ForEachOps.java:293)
12-06-2026 11:48:38.355 [java] [ERROR] 	at java.base/java.util.concurrent.CountedCompleter.exec(CountedCompleter.java:759)
12-06-2026 11:48:38.355 [java] [ERROR] 	at java.base/java.util.concurrent.ForkJoinTask.doExec(ForkJoinTask.java:511)
12-06-2026 11:48:38.355 [java] [ERROR] 	at java.base/java.util.concurrent.ForkJoinPool$WorkQueue.topLevelExec(ForkJoinPool.java:1450)
12-06-2026 11:48:38.355 [java] [ERROR] 	at java.base/java.util.concurrent.ForkJoinPool.runWorker(ForkJoinPool.java:2019)
12-06-2026 11:48:38.355 [java] [ERROR] 	at java.base/java.util.concurrent.ForkJoinWorkerThread.run(ForkJoinWorkerThread.java:187)
12-06-2026 11:48:38.355 [java] [ERROR] [ForkJoinPool.commonPool-worker-7] WARN org.reflections.Reflections - could not create Dir using com.thoughtworks.gauge.scan.ClasspathScanner$1@440b067b from url file:/C:/Users/a.basaleh/.jdks/openjdk-26.0.1!/jdk.security.auth. skipping.
12-06-2026 11:48:38.355 [java] [ERROR] java.lang.NullPointerException: Cannot invoke "java.io.File.isDirectory()" because "file" is null
12-06-2026 11:48:38.362 [java] [ERROR] 	at com.thoughtworks.gauge.scan.ClasspathScanner$1.createDir(ClasspathScanner.java:48)
12-06-2026 11:48:38.362 [java] [ERROR] 	at org.reflections.vfs.Vfs.fromURL(Vfs.java:103)
12-06-2026 11:48:38.362 [java] [ERROR] 	at org.reflections.vfs.Vfs.fromURL(Vfs.java:95)
12-06-2026 11:48:38.362 [java] [ERROR] 	at org.reflections.Reflections.lambda$scan$2(Reflections.java:176)
12-06-2026 11:48:38.362 [java] [ERROR] 	at java.base/java.util.stream.ForEachOps$ForEachOp$OfRef.accept(ForEachOps.java:186)
12-06-2026 11:48:38.362 [java] [ERROR] 	at java.base/java.util.HashMap$KeySpliterator.forEachRemaining(HashMap.java:1716)
12-06-2026 11:48:38.362 [java] [ERROR] 	at java.base/java.util.stream.AbstractPipeline.copyInto(AbstractPipeline.java:570)
12-06-2026 11:48:38.362 [java] [ERROR] 	at java.base/java.util.stream.ForEachOps$ForEachTask.compute(ForEachOps.java:293)
12-06-2026 11:48:38.362 [java] [ERROR] 	at java.base/java.util.concurrent.CountedCompleter.exec(CountedCompleter.java:759)
12-06-2026 11:48:38.362 [java] [ERROR] 	at java.base/java.util.concurrent.ForkJoinTask.doExec(ForkJoinTask.java:511)
12-06-2026 11:48:38.362 [java] [ERROR] 	at java.base/java.util.concurrent.ForkJoinPool$WorkQueue.topLevelExec(ForkJoinPool.java:1450)
12-06-2026 11:48:38.362 [java] [ERROR] 	at java.base/java.util.concurrent.ForkJoinPool.runWorker(ForkJoinPool.java:2019)
12-06-2026 11:48:38.362 [java] [ERROR] 	at java.base/java.util.concurrent.ForkJoinWorkerThread.run(ForkJoinWorkerThread.java:187)
12-06-2026 11:48:38.362 [java] [ERROR] [ForkJoinPool.commonPool-worker-7] WARN org.reflections.Reflections - could not create Vfs.Dir from url. ignoring the exception and continuing
12-06-2026 11:48:38.362 [java] [ERROR] org.reflections.ReflectionsException: could not create Vfs.Dir from url, no matching UrlType was found [file:/C:/Users/a.basaleh/.jdks/openjdk-26.0.1!/jdk.security.auth]
12-06-2026 11:48:38.362 [java] [ERROR] either use fromURL(final URL url, final List<UrlType> urlTypes) or use the static setDefaultURLTypes(final List<UrlType> urlTypes) or addDefaultURLTypes(UrlType urlType) with your specialized UrlType.
12-06-2026 11:48:38.362 [java] [ERROR] 	at org.reflections.vfs.Vfs.fromURL(Vfs.java:113)
12-06-2026 11:48:38.362 [java] [ERROR] 	at org.reflections.vfs.Vfs.fromURL(Vfs.java:95)
12-06-2026 11:48:38.362 [java] [ERROR] 	at org.reflections.Reflections.lambda$scan$2(Reflections.java:176)
12-06-2026 11:48:38.362 [java] [ERROR] 	at java.base/java.util.stream.ForEachOps$ForEachOp$OfRef.accept(ForEachOps.java:186)
12-06-2026 11:48:38.362 [java] [ERROR] 	at java.base/java.util.HashMap$KeySpliterator.forEachRemaining(HashMap.java:1716)
12-06-2026 11:48:38.362 [java] [ERROR] 	at java.base/java.util.stream.AbstractPipeline.copyInto(AbstractPipeline.java:570)
12-06-2026 11:48:38.362 [java] [ERROR] 	at java.base/java.util.stream.ForEachOps$ForEachTask.compute(ForEachOps.java:293)
12-06-2026 11:48:38.362 [java] [ERROR] 	at java.base/java.util.concurrent.CountedCompleter.exec(CountedCompleter.java:759)
12-06-2026 11:48:38.362 [java] [ERROR] 	at java.base/java.util.concurrent.ForkJoinTask.doExec(ForkJoinTask.java:511)
12-06-2026 11:48:38.362 [java] [ERROR] 	at java.base/java.util.concurrent.ForkJoinPool$WorkQueue.topLevelExec(ForkJoinPool.java:1450)
12-06-2026 11:48:38.362 [java] [ERROR] 	at java.base/java.util.concurrent.ForkJoinPool.runWorker(ForkJoinPool.java:2019)
12-06-2026 11:48:38.362 [java] [ERROR] 	at java.base/java.util.concurrent.ForkJoinWorkerThread.run(ForkJoinWorkerThread.java:187)
12-06-2026 11:48:38.362 [java] [ERROR] [ForkJoinPool.commonPool-worker-11] WARN org.reflections.Reflections - could not create Dir using com.thoughtworks.gauge.scan.ClasspathScanner$1@440b067b from url file:/C:/Users/a.basaleh/.jdks/openjdk-26.0.1!/jdk.sctp. skipping.
12-06-2026 11:48:38.362 [java] [ERROR] java.lang.NullPointerException: Cannot invoke "java.io.File.isDirectory()" because "file" is null
12-06-2026 11:48:38.362 [java] [ERROR] 	at com.thoughtworks.gauge.scan.ClasspathScanner$1.createDir(ClasspathScanner.java:48)
12-06-2026 11:48:38.362 [java] [ERROR] 	at org.reflections.vfs.Vfs.fromURL(Vfs.java:103)
12-06-2026 11:48:38.362 [java] [ERROR] 	at org.reflections.vfs.Vfs.fromURL(Vfs.java:95)
12-06-2026 11:48:38.362 [java] [ERROR] 	at org.reflections.Reflections.lambda$scan$2(Reflections.java:176)
12-06-2026 11:48:38.362 [java] [ERROR] 	at java.base/java.util.stream.ForEachOps$ForEachOp$OfRef.accept(ForEachOps.java:186)
12-06-2026 11:48:38.370 [java] [ERROR] 	at java.base/java.util.HashMap$KeySpliterator.forEachRemaining(HashMap.java:1716)
12-06-2026 11:48:38.370 [java] [ERROR] 	at java.base/java.util.stream.AbstractPipeline.copyInto(AbstractPipeline.java:570)
12-06-2026 11:48:38.370 [java] [ERROR] 	at java.base/java.util.stream.ForEachOps$ForEachTask.compute(ForEachOps.java:293)
12-06-2026 11:48:38.370 [java] [ERROR] 	at java.base/java.util.concurrent.CountedCompleter.exec(CountedCompleter.java:759)
12-06-2026 11:48:38.370 [java] [ERROR] 	at java.base/java.util.concurrent.ForkJoinTask.doExec(ForkJoinTask.java:511)
12-06-2026 11:48:38.370 [java] [ERROR] 	at java.base/java.util.concurrent.ForkJoinPool$WorkQueue.topLevelExec(ForkJoinPool.java:1450)
12-06-2026 11:48:38.370 [java] [ERROR] 	at java.base/java.util.concurrent.ForkJoinPool.runWorker(ForkJoinPool.java:2019)
12-06-2026 11:48:38.370 [java] [ERROR] 	at java.base/java.util.concurrent.ForkJoinWorkerThread.run(ForkJoinWorkerThread.java:187)
12-06-2026 11:48:38.370 [java] [ERROR] [ForkJoinPool.commonPool-worker-11] WARN org.reflections.Reflections - could not create Vfs.Dir from url. ignoring the exception and continuing
12-06-2026 11:48:38.370 [java] [ERROR] org.reflections.ReflectionsException: could not create Vfs.Dir from url, no matching UrlType was found [file:/C:/Users/a.basaleh/.jdks/openjdk-26.0.1!/jdk.sctp]
12-06-2026 11:48:38.370 [java] [ERROR] either use fromURL(final URL url, final List<UrlType> urlTypes) or use the static setDefaultURLTypes(final List<UrlType> urlTypes) or addDefaultURLTypes(UrlType urlType) with your specialized UrlType.
12-06-2026 11:48:38.370 [java] [ERROR] 	at org.reflections.vfs.Vfs.fromURL(Vfs.java:113)
12-06-2026 11:48:38.370 [java] [ERROR] 	at org.reflections.vfs.Vfs.fromURL(Vfs.java:95)
12-06-2026 11:48:38.370 [java] [ERROR] 	at org.reflections.Reflections.lambda$scan$2(Reflections.java:176)
12-06-2026 11:48:38.370 [java] [ERROR] 	at java.base/java.util.stream.ForEachOps$ForEachOp$OfRef.accept(ForEachOps.java:186)
12-06-2026 11:48:38.370 [java] [ERROR] 	at java.base/java.util.HashMap$KeySpliterator.forEachRemaining(HashMap.java:1716)
12-06-2026 11:48:38.370 [java] [ERROR] 	at java.base/java.util.stream.AbstractPipeline.copyInto(AbstractPipeline.java:570)
12-06-2026 11:48:38.370 [java] [ERROR] 	at java.base/java.util.stream.ForEachOps$ForEachTask.compute(ForEachOps.java:293)
12-06-2026 11:48:38.370 [java] [ERROR] 	at java.base/java.util.concurrent.CountedCompleter.exec(CountedCompleter.java:759)
12-06-2026 11:48:38.370 [java] [ERROR] 	at java.base/java.util.concurrent.ForkJoinTask.doExec(ForkJoinTask.java:511)
12-06-2026 11:48:38.370 [java] [ERROR] 	at java.base/java.util.concurrent.ForkJoinPool$WorkQueue.topLevelExec(ForkJoinPool.java:1450)
12-06-2026 11:48:38.370 [java] [ERROR] 	at java.base/java.util.concurrent.ForkJoinPool.runWorker(ForkJoinPool.java:2019)
12-06-2026 11:48:38.370 [java] [ERROR] 	at java.base/java.util.concurrent.ForkJoinWorkerThread.run(ForkJoinWorkerThread.java:187)
12-06-2026 11:48:38.402 [java] [ERROR] [ForkJoinPool.commonPool-worker-6] WARN org.reflections.Reflections - could not create Dir using com.thoughtworks.gauge.scan.ClasspathScanner$1@440b067b from url file:/C:/Users/a.basaleh/.jdks/openjdk-26.0.1!/jdk.jpackage. skipping.
12-06-2026 11:48:38.402 [java] [ERROR] java.lang.NullPointerException: Cannot invoke "java.io.File.isDirectory()" because "file" is null
12-06-2026 11:48:38.402 [java] [ERROR] 	at com.thoughtworks.gauge.scan.ClasspathScanner$1.createDir(ClasspathScanner.java:48)
12-06-2026 11:48:38.402 [java] [ERROR] 	at org.reflections.vfs.Vfs.fromURL(Vfs.java:103)
12-06-2026 11:48:38.403 [java] [ERROR] 	at org.reflections.vfs.Vfs.fromURL(Vfs.java:95)
12-06-2026 11:48:38.403 [java] [ERROR] 	at org.reflections.Reflections.lambda$scan$2(Reflections.java:176)
12-06-2026 11:48:38.403 [java] [ERROR] 	at java.base/java.util.stream.ForEachOps$ForEachOp$OfRef.accept(ForEachOps.java:186)
12-06-2026 11:48:38.403 [java] [ERROR] 	at java.base/java.util.HashMap$KeySpliterator.forEachRemaining(HashMap.java:1716)
12-06-2026 11:48:38.403 [java] [ERROR] 	at java.base/java.util.stream.AbstractPipeline.copyInto(AbstractPipeline.java:570)
12-06-2026 11:48:38.403 [java] [ERROR] 	at java.base/java.util.stream.ForEachOps$ForEachTask.compute(ForEachOps.java:293)
12-06-2026 11:48:38.403 [java] [ERROR] 	at java.base/java.util.concurrent.CountedCompleter.exec(CountedCompleter.java:759)
12-06-2026 11:48:38.403 [java] [ERROR] 	at java.base/java.util.concurrent.ForkJoinTask.doExec(ForkJoinTask.java:511)
12-06-2026 11:48:38.403 [java] [ERROR] 	at java.base/java.util.concurrent.ForkJoinPool$WorkQueue.topLevelExec(ForkJoinPool.java:1450)
12-06-2026 11:48:38.403 [java] [ERROR] 	at java.base/java.util.concurrent.ForkJoinPool.runWorker(ForkJoinPool.java:2019)
12-06-2026 11:48:38.403 [java] [ERROR] 	at java.base/java.util.concurrent.ForkJoinWorkerThread.run(ForkJoinWorkerThread.java:187)
12-06-2026 11:48:38.403 [java] [ERROR] [ForkJoinPool.commonPool-worker-6] WARN org.reflections.Reflections - could not create Vfs.Dir from url. ignoring the exception and continuing
12-06-2026 11:48:38.403 [java] [ERROR] org.reflections.ReflectionsException: could not create Vfs.Dir from url, no matching UrlType was found [file:/C:/Users/a.basaleh/.jdks/openjdk-26.0.1!/jdk.jpackage]
12-06-2026 11:48:38.403 [java] [ERROR] either use fromURL(final URL url, final List<UrlType> urlTypes) or use the static setDefaultURLTypes(final List<UrlType> urlTypes) or addDefaultURLTypes(UrlType urlType) with your specialized UrlType.
12-06-2026 11:48:38.403 [java] [ERROR] 	at org.reflections.vfs.Vfs.fromURL(Vfs.java:113)
12-06-2026 11:48:38.403 [java] [ERROR] 	at org.reflections.vfs.Vfs.fromURL(Vfs.java:95)
12-06-2026 11:48:38.403 [java] [ERROR] 	at org.reflections.Reflections.lambda$scan$2(Reflections.java:176)
12-06-2026 11:48:38.403 [java] [ERROR] 	at java.base/java.util.stream.ForEachOps$ForEachOp$OfRef.accept(ForEachOps.java:186)
12-06-2026 11:48:38.403 [java] [ERROR] 	at java.base/java.util.HashMap$KeySpliterator.forEachRemaining(HashMap.java:1716)
12-06-2026 11:48:38.403 [java] [ERROR] 	at java.base/java.util.stream.AbstractPipeline.copyInto(AbstractPipeline.java:570)
12-06-2026 11:48:38.403 [java] [ERROR] 	at java.base/java.util.stream.ForEachOps$ForEachTask.compute(ForEachOps.java:293)
12-06-2026 11:48:38.403 [java] [ERROR] 	at java.base/java.util.concurrent.CountedCompleter.exec(CountedCompleter.java:759)
12-06-2026 11:48:38.403 [java] [ERROR] 	at java.base/java.util.concurrent.ForkJoinTask.doExec(ForkJoinTask.java:511)
12-06-2026 11:48:38.403 [java] [ERROR] 	at java.base/java.util.concurrent.ForkJoinPool$WorkQueue.topLevelExec(ForkJoinPool.java:1450)
12-06-2026 11:48:38.403 [java] [ERROR] 	at java.base/java.util.concurrent.ForkJoinPool.runWorker(ForkJoinPool.java:2019)
12-06-2026 11:48:38.403 [java] [ERROR] 	at java.base/java.util.concurrent.ForkJoinWorkerThread.run(ForkJoinWorkerThread.java:187)
12-06-2026 11:48:38.413 [java] [DEBUG] gauge-java took 1016milliseconds to load and scan. This should be less than 'runner_connection_timeout' config value.
12-06-2026 11:48:38.413 [java] [DEBUG] run 'gauge config runner_connection_timeout' and verify that it is < 1016
12-06-2026 11:48:38.413 [java] [DEBUG] starting gRPC server...
12-06-2026 11:48:38.502 [java] [DEBUG] started gRPC server on port 52886
12-06-2026 11:48:38.502 [Gauge] [DEBUG] Attempting to connect to grpc server at port: 52886
12-06-2026 11:48:38.502 [Gauge] [DEBUG] Successfully made the connection with runner with port: 52886
12-06-2026 11:48:38.502 [Gauge] [DEBUG] Validation started.
12-06-2026 11:48:38.646 [java] [ERROR] [ForkJoinPool.commonPool-worker-10] WARN org.reflections.Reflections - could not create Dir using com.thoughtworks.gauge.scan.ClasspathScanner$1@440b067b from url file:/C:/Users/a.basaleh/.jdks/openjdk-26.0.1!/jdk.unsupported. skipping.
12-06-2026 11:48:38.646 [java] [ERROR] java.lang.NullPointerException: Cannot invoke "java.io.File.isDirectory()" because "file" is null
12-06-2026 11:48:38.646 [java] [ERROR] 	at com.thoughtworks.gauge.scan.ClasspathScanner$1.createDir(ClasspathScanner.java:48)
12-06-2026 11:48:38.646 [java] [ERROR] 	at org.reflections.vfs.Vfs.fromURL(Vfs.java:103)
12-06-2026 11:48:38.646 [java] [ERROR] 	at org.reflections.vfs.Vfs.fromURL(Vfs.java:95)
12-06-2026 11:48:38.646 [java] [ERROR] 	at org.reflections.Reflections.lambda$scan$2(Reflections.java:176)
12-06-2026 11:48:38.646 [java] [ERROR] 	at java.base/java.util.stream.ForEachOps$ForEachOp$OfRef.accept(ForEachOps.java:186)
12-06-2026 11:48:38.646 [java] [ERROR] 	at java.base/java.util.HashMap$KeySpliterator.forEachRemaining(HashMap.java:1716)
12-06-2026 11:48:38.646 [java] [ERROR] 	at java.base/java.util.stream.AbstractPipeline.copyInto(AbstractPipeline.java:570)
12-06-2026 11:48:38.646 [java] [ERROR] 	at java.base/java.util.stream.ForEachOps$ForEachTask.compute(ForEachOps.java:293)
12-06-2026 11:48:38.646 [java] [ERROR] 	at java.base/java.util.concurrent.CountedCompleter.exec(CountedCompleter.java:759)
12-06-2026 11:48:38.646 [java] [ERROR] 	at java.base/java.util.concurrent.ForkJoinTask.doExec(ForkJoinTask.java:511)
12-06-2026 11:48:38.646 [java] [ERROR] 	at java.base/java.util.concurrent.ForkJoinPool$WorkQueue.topLevelExec(ForkJoinPool.java:1450)
12-06-2026 11:48:38.646 [java] [ERROR] 	at java.base/java.util.concurrent.ForkJoinPool.runWorker(ForkJoinPool.java:2019)
12-06-2026 11:48:38.646 [java] [ERROR] 	at java.base/java.util.concurrent.ForkJoinWorkerThread.run(ForkJoinWorkerThread.java:187)
12-06-2026 11:48:38.646 [java] [ERROR] [ForkJoinPool.commonPool-worker-10] WARN org.reflections.Reflections - could not create Vfs.Dir from url. ignoring the exception and continuing
12-06-2026 11:48:38.646 [java] [ERROR] org.reflections.ReflectionsException: could not create Vfs.Dir from url, no matching UrlType was found [file:/C:/Users/a.basaleh/.jdks/openjdk-26.0.1!/jdk.unsupported]
12-06-2026 11:48:38.646 [java] [ERROR] either use fromURL(final URL url, final List<UrlType> urlTypes) or use the static setDefaultURLTypes(final List<UrlType> urlTypes) or addDefaultURLTypes(UrlType urlType) with your specialized UrlType.
12-06-2026 11:48:38.646 [java] [ERROR] 	at org.reflections.vfs.Vfs.fromURL(Vfs.java:113)
12-06-2026 11:48:38.646 [java] [ERROR] 	at org.reflections.vfs.Vfs.fromURL(Vfs.java:95)
12-06-2026 11:48:38.646 [java] [ERROR] 	at org.reflections.Reflections.lambda$scan$2(Reflections.java:176)
12-06-2026 11:48:38.646 [java] [ERROR] 	at java.base/java.util.stream.ForEachOps$ForEachOp$OfRef.accept(ForEachOps.java:186)
12-06-2026 11:48:38.646 [java] [ERROR] 	at java.base/java.util.HashMap$KeySpliterator.forEachRemaining(HashMap.java:1716)
12-06-2026 11:48:38.647 [java] [ERROR] 	at java.base/java.util.stream.AbstractPipeline.copyInto(AbstractPipeline.java:570)
12-06-2026 11:48:38.647 [java] [ERROR] 	at java.base/java.util.stream.ForEachOps$ForEachTask.compute(ForEachOps.java:293)
12-06-2026 11:48:38.647 [java] [ERROR] 	at java.base/java.util.concurrent.CountedCompleter.exec(CountedCompleter.java:759)
12-06-2026 11:48:38.647 [java] [ERROR] 	at java.base/java.util.concurrent.ForkJoinTask.doExec(ForkJoinTask.java:511)
12-06-2026 11:48:38.647 [java] [ERROR] 	at java.base/java.util.concurrent.ForkJoinPool$WorkQueue.topLevelExec(ForkJoinPool.java:1450)
12-06-2026 11:48:38.647 [java] [ERROR] 	at java.base/java.util.concurrent.ForkJoinPool.runWorker(ForkJoinPool.java:2019)
12-06-2026 11:48:38.647 [java] [ERROR] 	at java.base/java.util.concurrent.ForkJoinWorkerThread.run(ForkJoinWorkerThread.java:187)
12-06-2026 11:48:38.672 [java] [ERROR] [pool-1-thread-1] INFO org.reflections.Reflections - Reflections took 938 ms to scan 144 urls, producing 4746 keys and 29674 values
12-06-2026 11:48:38.841 [java] [DEBUG] Scanning packages for steps
12-06-2026 11:48:38.849 [java] [DEBUG] Comparing 'hepsiburada.StepImplementation.verifyProductVisibleInCart' and 'hepsiburada.StepImplementation.verifyProductVisibleInCart'
12-06-2026 11:48:38.849 [java] [DEBUG] Found Assertion|Verify Product Visible In Cart in current project scope.
12-06-2026 11:48:38.849 [java] [DEBUG] Comparing 'selenium_helper.InteractionActions.pressButton' and 'selenium_helper.InteractionActions.pressButton'
12-06-2026 11:48:38.849 [java] [DEBUG] Found Press {} in current project scope.
12-06-2026 11:48:38.849 [java] [DEBUG] Comparing 'selenium_helper.InteractionActions.visitAWebsite' and 'selenium_helper.InteractionActions.visitAWebsite'
12-06-2026 11:48:38.849 [java] [DEBUG] Found Go To {} in current project scope.
12-06-2026 11:48:38.849 [java] [DEBUG] Comparing 'selenium_helper.InteractionActions.findElementThenClick' and 'selenium_helper.InteractionActions.findElementThenClick'
12-06-2026 11:48:38.849 [java] [DEBUG] Found Find Element Where {} is {} then click in current project scope.
12-06-2026 11:48:38.849 [java] [DEBUG] Comparing 'selenium_helper.InteractionActions.switchToWindowByNumber' and 'selenium_helper.InteractionActions.switchToWindowByNumber'
12-06-2026 11:48:38.849 [java] [DEBUG] Found Switch To {} Window in current project scope.
12-06-2026 11:48:38.849 [java] [DEBUG] Comparing 'hepsiburada.StepImplementation.verifySearchResultsContent' and 'hepsiburada.StepImplementation.verifySearchResultsContent'
12-06-2026 11:48:38.849 [java] [DEBUG] Found Assertion|Verify The Search Response in current project scope.
12-06-2026 11:48:38.849 [java] [DEBUG] Comparing 'selenium_helper.InteractionActions.clickInShadowRoot' and 'selenium_helper.InteractionActions.clickInShadowRoot'
12-06-2026 11:48:38.849 [java] [DEBUG] Found Click On {} by {} on shadow root {} in current project scope.
12-06-2026 11:48:38.849 [java] [DEBUG] Comparing 'selenium_helper.InteractionActions.importantDelay' and 'selenium_helper.InteractionActions.importantDelay'
12-06-2026 11:48:38.849 [java] [DEBUG] Found important delay for {} seconds in current project scope.
12-06-2026 11:48:38.849 [java] [DEBUG] Comparing 'selenium_helper.InteractionActions.findInputThenFill' and 'selenium_helper.InteractionActions.findInputThenFill'
12-06-2026 11:48:38.849 [java] [DEBUG] Found Find Failed Where {} is {} then fill with {} in current project scope.
12-06-2026 11:48:38.849 [java] [DEBUG] Comparing 'hepsiburada.StepImplementation.verifyProductAddedToCart' and 'hepsiburada.StepImplementation.verifyProductAddedToCart'
12-06-2026 11:48:38.849 [java] [DEBUG] Found Assertion|Verify Product Added To Cart in current project scope.
12-06-2026 11:48:38.849 [java] [DEBUG] Comparing 'selenium_helper.InteractionActions.verifyElementExistence' and 'selenium_helper.InteractionActions.verifyElementExistence'
12-06-2026 11:48:38.849 [java] [DEBUG] Found Verify Element where {} is {} in current project scope.
12-06-2026 11:48:38.849 [java] [DEBUG] Comparing 'selenium_helper.InteractionActions.expectContainTexts' and 'selenium_helper.InteractionActions.expectContainTexts'
12-06-2026 11:48:38.849 [java] [DEBUG] Found Expect {} {} to contain {} in current project scope.
12-06-2026 11:48:38.849 [java] [DEBUG] Comparing 'selenium_helper.InteractionActions.verifyWindowsCount' and 'selenium_helper.InteractionActions.verifyWindowsCount'
12-06-2026 11:48:38.849 [java] [DEBUG] Found Verify Windows Count Equals To {} in current project scope.
12-06-2026 11:48:38.850 [java] [DEBUG] Comparing 'selenium_helper.InteractionActions.moveToThenClick' and 'selenium_helper.InteractionActions.moveToThenClick'
12-06-2026 11:48:38.850 [java] [DEBUG] Found Move to {} , {} then click in current project scope.
12-06-2026 11:48:38.850 [java] [DEBUG] Comparing 'hepsiburada.StepImplementation.verifyRedirectionToProductPage' and 'hepsiburada.StepImplementation.verifyRedirectionToProductPage'
12-06-2026 11:48:38.850 [java] [DEBUG] Found Assertion|Verify Redirection To Product Page in current project scope.
12-06-2026 11:48:38.850 [java] [DEBUG] Comparing 'hepsiburada.StepImplementation.verifyUserLoggedInSuccessfully' and 'hepsiburada.StepImplementation.verifyUserLoggedInSuccessfully'
12-06-2026 11:48:38.850 [java] [DEBUG] Found Assertion|Verify User Logged In Successfully in current project scope.
12-06-2026 11:48:38.850 [java] [DEBUG] Comparing 'selenium_helper.InteractionActions.storeElementTextAs' and 'selenium_helper.InteractionActions.storeElementTextAs'
12-06-2026 11:48:38.850 [java] [DEBUG] Found Store Element Text {} {} as {} in current project scope.
12-06-2026 11:48:38.850 [java] [DEBUG] Scanning packages for hooks
12-06-2026 11:48:38.852 [java] [DEBUG] Scanned steps (using static parsing + reflections): 
12-06-2026 11:48:38.852 [java] [DEBUG] 	Assertion|Verify Redirection To Product Page : public void verifyRedirectionToProductPage()
12-06-2026 11:48:38.852 [java] [DEBUG] 	Verify Element where {} is {} : public void verifyElementExistence(@NonNull String attribute, String value)
12-06-2026 11:48:38.852 [java] [DEBUG] 	Switch To {} Window : public void switchToWindowByNumber(@NonNull String number)
12-06-2026 11:48:38.852 [java] [DEBUG] 	Find Element Where {} is {} then click : public void findElementThenClick(@NonNull String attribute, String value)
12-06-2026 11:48:38.852 [java] [DEBUG] 	important delay for {} seconds : public void importantDelay(Long delay) throws InterruptedException
12-06-2026 11:48:38.852 [java] [DEBUG] 	Assertion|Verify Product Visible In Cart : public void verifyProductVisibleInCart()
12-06-2026 11:48:38.852 [java] [DEBUG] 	Move to {} , {} then click : public void moveToThenClick(String x, String y)
12-06-2026 11:48:38.852 [java] [DEBUG] 	Assertion|Verify The Search Response : public void verifySearchResultsContent()
12-06-2026 11:48:38.852 [java] [DEBUG] 	Expect {} {} to contain {} : public void expectContainTexts(@NonNull String attribute, String value, String expectedTextKey)
12-06-2026 11:48:38.852 [java] [DEBUG] 	Click On {} by {} on shadow root {} : public void clickInShadowRoot(String value, String attribute, String shadowRootID) throws InterruptedException
12-06-2026 11:48:38.852 [java] [DEBUG] 	Find Failed Where {} is {} then fill with {} : public void findInputThenFill(@NonNull String attribute, String value, String fillWith)
12-06-2026 11:48:38.852 [java] [DEBUG] 	Assertion|Verify User Logged In Successfully : public void verifyUserLoggedInSuccessfully()
12-06-2026 11:48:38.852 [java] [DEBUG] 	Press {} : public void pressButton(String buttonType)
12-06-2026 11:48:38.853 [java] [DEBUG] 	Store Element Text {} {} as {} : public void storeElementTextAs(@NonNull String attribute, String value, String uniqueKey)
12-06-2026 11:48:38.853 [java] [DEBUG] 	Verify Windows Count Equals To {} : public void verifyWindowsCount(@NonNull String number)
12-06-2026 11:48:38.853 [java] [DEBUG] 	Go To {} : public void visitAWebsite(String url) throws InterruptedException
12-06-2026 11:48:38.853 [java] [DEBUG] 	Assertion|Verify Product Added To Cart : public void verifyProductAddedToCart()
12-06-2026 11:48:38.861 [java] [ERROR] [pool-2-thread-1] WARN org.reflections.Reflections - could not create Dir using com.thoughtworks.gauge.scan.ClasspathScanner$1@440b067b from url file:/C:/Users/a.basaleh/.jdks/openjdk-26.0.1!/java.sql.rowset. skipping.
12-06-2026 11:48:38.861 [java] [ERROR] java.lang.NullPointerException: Cannot invoke "java.io.File.isDirectory()" because "file" is null
12-06-2026 11:48:38.861 [java] [ERROR] 	at com.thoughtworks.gauge.scan.ClasspathScanner$1.createDir(ClasspathScanner.java:48)
12-06-2026 11:48:38.861 [java] [ERROR] 	at org.reflections.vfs.Vfs.fromURL(Vfs.java:103)
12-06-2026 11:48:38.861 [java] [ERROR] 	at org.reflections.vfs.Vfs.fromURL(Vfs.java:95)
12-06-2026 11:48:38.861 [java] [ERROR] 	at org.reflections.Reflections.lambda$scan$2(Reflections.java:176)
12-06-2026 11:48:38.861 [java] [ERROR] 	at java.base/java.util.stream.ForEachOps$ForEachOp$OfRef.accept(ForEachOps.java:186)
12-06-2026 11:48:38.861 [java] [ERROR] 	at java.base/java.util.HashMap$KeySpliterator.forEachRemaining(HashMap.java:1716)
12-06-2026 11:48:38.861 [java] [ERROR] 	at java.base/java.util.stream.AbstractPipeline.copyInto(AbstractPipeline.java:570)
12-06-2026 11:48:38.861 [java] [ERROR] 	at java.base/java.util.stream.ForEachOps$ForEachTask.compute(ForEachOps.java:293)
12-06-2026 11:48:38.861 [java] [ERROR] 	at java.base/java.util.concurrent.CountedCompleter.exec(CountedCompleter.java:759)
12-06-2026 11:48:38.861 [java] [ERROR] 	at java.base/java.util.concurrent.ForkJoinTask.doExec(ForkJoinTask.java:511)
12-06-2026 11:48:38.861 [java] [ERROR] 	at java.base/java.util.concurrent.ForkJoinTask.invoke(ForkJoinTask.java:683)
12-06-2026 11:48:38.861 [java] [ERROR] 	at java.base/java.util.stream.ForEachOps$ForEachOp.evaluateParallel(ForEachOps.java:162)
12-06-2026 11:48:38.861 [java] [ERROR] 	at java.base/java.util.stream.ForEachOps$ForEachOp$OfRef.evaluateParallel(ForEachOps.java:176)
12-06-2026 11:48:38.861 [java] [ERROR] 	at java.base/java.util.stream.AbstractPipeline.evaluate(AbstractPipeline.java:264)
12-06-2026 11:48:38.861 [java] [ERROR] 	at java.base/java.util.stream.ReferencePipeline.forEach(ReferencePipeline.java:632)
12-06-2026 11:48:38.861 [java] [ERROR] 	at java.base/java.util.stream.ReferencePipeline$Head.forEach(ReferencePipeline.java:806)
12-06-2026 11:48:38.861 [java] [ERROR] 	at org.reflections.Reflections.scan(Reflections.java:173)
12-06-2026 11:48:38.861 [java] [ERROR] 	at org.reflections.Reflections.<init>(Reflections.java:126)
12-06-2026 11:48:38.861 [java] [ERROR] 	at com.thoughtworks.gauge.execution.parameters.parsers.base.ParameterParsingChain.createReflections(ParameterParsingChain.java:47)
12-06-2026 11:48:38.861 [java] [ERROR] 	at com.thoughtworks.gauge.execution.parameters.parsers.base.ParameterParsingChain.<init>(ParameterParsingChain.java:33)
12-06-2026 11:48:38.861 [java] [ERROR] 	at com.thoughtworks.gauge.connection.MessageProcessorFactory.initializeExecutionMessageProcessors(MessageProcessorFactory.java:91)
12-06-2026 11:48:38.861 [java] [ERROR] 	at com.thoughtworks.gauge.connection.MessageProcessorFactory.getProcessor(MessageProcessorFactory.java:66)
12-06-2026 11:48:38.861 [java] [ERROR] 	at com.thoughtworks.gauge.RunnerServiceHandler.lambda$validateStep$17(RunnerServiceHandler.java:332)
12-06-2026 11:48:38.861 [java] [ERROR] 	at java.base/java.util.concurrent.ThreadPoolExecutor.runWorker(ThreadPoolExecutor.java:1090)
12-06-2026 11:48:38.861 [java] [ERROR] 	at java.base/java.util.concurrent.ThreadPoolExecutor$Worker.run(ThreadPoolExecutor.java:614)
12-06-2026 11:48:38.861 [java] [ERROR] 	at java.base/java.lang.Thread.run(Thread.java:1516)
12-06-2026 11:48:38.861 [java] [ERROR] [ForkJoinPool.commonPool-worker-10] WARN org.reflections.Reflections - could not create Dir using com.thoughtworks.gauge.scan.ClasspathScanner$1@440b067b from url file:/C:/Users/a.basaleh/.jdks/openjdk-26.0.1!/jdk.graal.compiler. skipping.
12-06-2026 11:48:38.861 [java] [ERROR] java.lang.NullPointerException: Cannot invoke "java.io.File.isDirectory()" because "file" is null
12-06-2026 11:48:38.861 [java] [ERROR] 	at com.thoughtworks.gauge.scan.ClasspathScanner$1.createDir(ClasspathScanner.java:48)
12-06-2026 11:48:38.861 [java] [ERROR] 	at org.reflections.vfs.Vfs.fromURL(Vfs.java:103)
12-06-2026 11:48:38.861 [java] [ERROR] 	at org.reflections.vfs.Vfs.fromURL(Vfs.java:95)
12-06-2026 11:48:38.861 [java] [ERROR] 	at org.reflections.Reflections.lambda$scan$2(Reflections.java:176)
12-06-2026 11:48:38.865 [java] [ERROR] 	at java.base/java.util.stream.ForEachOps$ForEachOp$OfRef.accept(ForEachOps.java:186)
12-06-2026 11:48:38.865 [java] [ERROR] 	at java.base/java.util.HashMap$KeySpliterator.forEachRemaining(HashMap.java:1716)
12-06-2026 11:48:38.865 [java] [ERROR] 	at java.base/java.util.stream.AbstractPipeline.copyInto(AbstractPipeline.java:570)
12-06-2026 11:48:38.865 [java] [ERROR] 	at java.base/java.util.stream.ForEachOps$ForEachTask.compute(ForEachOps.java:293)
12-06-2026 11:48:38.865 [java] [ERROR] 	at java.base/java.util.concurrent.CountedCompleter.exec(CountedCompleter.java:759)
12-06-2026 11:48:38.865 [java] [ERROR] 	at java.base/java.util.concurrent.ForkJoinTask.doExec(ForkJoinTask.java:511)
12-06-2026 11:48:38.865 [java] [ERROR] 	at java.base/java.util.concurrent.ForkJoinPool$WorkQueue.topLevelExec(ForkJoinPool.java:1450)
12-06-2026 11:48:38.865 [java] [ERROR] 	at java.base/java.util.concurrent.ForkJoinPool.runWorker(ForkJoinPool.java:2019)
12-06-2026 11:48:38.865 [java] [ERROR] 	at java.base/java.util.concurrent.ForkJoinWorkerThread.run(ForkJoinWorkerThread.java:187)
12-06-2026 11:48:38.865 [java] [ERROR] [ForkJoinPool.commonPool-worker-3] WARN org.reflections.Reflections - could not create Dir using com.thoughtworks.gauge.scan.ClasspathScanner$1@440b067b from url file:/C:/Users/a.basaleh/.jdks/openjdk-26.0.1!/jdk.internal.md. skipping.
12-06-2026 11:48:38.865 [java] [ERROR] java.lang.NullPointerException: Cannot invoke "java.io.File.isDirectory()" because "file" is null
12-06-2026 11:48:38.865 [java] [ERROR] 	at com.thoughtworks.gauge.scan.ClasspathScanner$1.createDir(ClasspathScanner.java:48)
12-06-2026 11:48:38.865 [java] [ERROR] 	at org.reflections.vfs.Vfs.fromURL(Vfs.java:103)
12-06-2026 11:48:38.865 [java] [ERROR] 	at org.reflections.vfs.Vfs.fromURL(Vfs.java:95)
12-06-2026 11:48:38.865 [java] [ERROR] 	at org.reflections.Reflections.lambda$scan$2(Reflections.java:176)
12-06-2026 11:48:38.865 [java] [ERROR] 	at java.base/java.util.stream.ForEachOps$ForEachOp$OfRef.accept(ForEachOps.java:186)
12-06-2026 11:48:38.865 [java] [ERROR] 	at java.base/java.util.HashMap$KeySpliterator.forEachRemaining(HashMap.java:1716)
12-06-2026 11:48:38.865 [java] [ERROR] 	at java.base/java.util.stream.AbstractPipeline.copyInto(AbstractPipeline.java:570)
12-06-2026 11:48:38.865 [java] [ERROR] 	at java.base/java.util.stream.ForEachOps$ForEachTask.compute(ForEachOps.java:293)
12-06-2026 11:48:38.865 [java] [ERROR] 	at java.base/java.util.concurrent.CountedCompleter.exec(CountedCompleter.java:759)
12-06-2026 11:48:38.865 [java] [ERROR] 	at java.base/java.util.concurrent.ForkJoinTask.doExec(ForkJoinTask.java:511)
12-06-2026 11:48:38.865 [java] [ERROR] 	at java.base/java.util.concurrent.ForkJoinPool$WorkQueue.topLevelExec(ForkJoinPool.java:1450)
12-06-2026 11:48:38.865 [java] [ERROR] 	at java.base/java.util.concurrent.ForkJoinPool.runWorker(ForkJoinPool.java:2019)
12-06-2026 11:48:38.865 [java] [ERROR] 	at java.base/java.util.concurrent.ForkJoinWorkerThread.run(ForkJoinWorkerThread.java:187)
12-06-2026 11:48:38.865 [java] [ERROR] [ForkJoinPool.commonPool-worker-6] WARN org.reflections.Reflections - could not create Dir using com.thoughtworks.gauge.scan.ClasspathScanner$1@440b067b from url file:/C:/Users/a.basaleh/.jdks/openjdk-26.0.1!/jdk.dynalink. skipping.
12-06-2026 11:48:38.865 [java] [ERROR] java.lang.NullPointerException: Cannot invoke "java.io.File.isDirectory()" because "file" is null
12-06-2026 11:48:38.865 [java] [ERROR] 	at com.thoughtworks.gauge.scan.ClasspathScanner$1.createDir(ClasspathScanner.java:48)
12-06-2026 11:48:38.865 [java] [ERROR] 	at org.reflections.vfs.Vfs.fromURL(Vfs.java:103)
12-06-2026 11:48:38.865 [java] [ERROR] 	at org.reflections.vfs.Vfs.fromURL(Vfs.java:95)
12-06-2026 11:48:38.865 [java] [ERROR] 	at org.reflections.Reflections.lambda$scan$2(Reflections.java:176)
12-06-2026 11:48:38.865 [java] [ERROR] 	at java.base/java.util.stream.ForEachOps$ForEachOp$OfRef.accept(ForEachOps.java:186)
12-06-2026 11:48:38.865 [java] [ERROR] 	at java.base/java.util.HashMap$KeySpliterator.forEachRemaining(HashMap.java:1716)
12-06-2026 11:48:38.865 [java] [ERROR] 	at java.base/java.util.stream.AbstractPipeline.copyInto(AbstractPipeline.java:570)
12-06-2026 11:48:38.865 [java] [ERROR] 	at java.base/java.util.stream.ForEachOps$ForEachTask.compute(ForEachOps.java:293)
12-06-2026 11:48:38.865 [java] [ERROR] 	at java.base/java.util.concurrent.CountedCompleter.exec(CountedCompleter.java:759)
12-06-2026 11:48:38.865 [java] [ERROR] 	at java.base/java.util.concurrent.ForkJoinTask.doExec(ForkJoinTask.java:511)
12-06-2026 11:48:38.866 [java] [ERROR] 	at java.base/java.util.concurrent.ForkJoinPool$WorkQueue.topLevelExec(ForkJoinPool.java:1450)
12-06-2026 11:48:38.866 [java] [ERROR] 	at java.base/java.util.concurrent.ForkJoinPool.runWorker(ForkJoinPool.java:2019)
12-06-2026 11:48:38.866 [java] [ERROR] 	at java.base/java.util.concurrent.ForkJoinWorkerThread.run(ForkJoinWorkerThread.java:187)
12-06-2026 11:48:38.866 [java] [ERROR] [ForkJoinPool.commonPool-worker-2] WARN org.reflections.Reflections - could not create Dir using com.thoughtworks.gauge.scan.ClasspathScanner$1@440b067b from url file:/C:/Users/a.basaleh/.jdks/openjdk-26.0.1!/jdk.zipfs. skipping.
12-06-2026 11:48:38.866 [java] [ERROR] java.lang.NullPointerException: Cannot invoke "java.io.File.isDirectory()" because "file" is null
12-06-2026 11:48:38.866 [java] [ERROR] 	at com.thoughtworks.gauge.scan.ClasspathScanner$1.createDir(ClasspathScanner.java:48)
12-06-2026 11:48:38.866 [java] [ERROR] 	at org.reflections.vfs.Vfs.fromURL(Vfs.java:103)
12-06-2026 11:48:38.866 [java] [ERROR] 	at org.reflections.vfs.Vfs.fromURL(Vfs.java:95)
12-06-2026 11:48:38.866 [java] [ERROR] 	at org.reflections.Reflections.lambda$scan$2(Reflections.java:176)
12-06-2026 11:48:38.867 [java] [ERROR] 	at java.base/java.util.stream.ForEachOps$ForEachOp$OfRef.accept(ForEachOps.java:186)
12-06-2026 11:48:38.867 [java] [ERROR] 	at java.base/java.util.HashMap$KeySpliterator.forEachRemaining(HashMap.java:1716)
12-06-2026 11:48:38.867 [java] [ERROR] 	at java.base/java.util.stream.AbstractPipeline.copyInto(AbstractPipeline.java:570)
12-06-2026 11:48:38.867 [java] [ERROR] 	at java.base/java.util.stream.ForEachOps$ForEachTask.compute(ForEachOps.java:293)
12-06-2026 11:48:38.867 [java] [ERROR] 	at java.base/java.util.concurrent.CountedCompleter.exec(CountedCompleter.java:759)
12-06-2026 11:48:38.867 [java] [ERROR] 	at java.base/java.util.concurrent.ForkJoinTask.doExec(ForkJoinTask.java:511)
12-06-2026 11:48:38.867 [java] [ERROR] 	at java.base/java.util.concurrent.ForkJoinPool$WorkQueue.topLevelExec(ForkJoinPool.java:1450)
12-06-2026 11:48:38.867 [java] [ERROR] 	at java.base/java.util.concurrent.ForkJoinPool.runWorker(ForkJoinPool.java:2019)
12-06-2026 11:48:38.867 [java] [ERROR] 	at java.base/java.util.concurrent.ForkJoinWorkerThread.run(ForkJoinWorkerThread.java:187)
12-06-2026 11:48:38.867 [java] [ERROR] [ForkJoinPool.commonPool-worker-6] WARN org.reflections.Reflections - could not create Vfs.Dir from url. ignoring the exception and continuing
12-06-2026 11:48:38.867 [java] [ERROR] org.reflections.ReflectionsException: could not create Vfs.Dir from url, no matching UrlType was found [file:/C:/Users/a.basaleh/.jdks/openjdk-26.0.1!/jdk.dynalink]
12-06-2026 11:48:38.867 [java] [ERROR] either use fromURL(final URL url, final List<UrlType> urlTypes) or use the static setDefaultURLTypes(final List<UrlType> urlTypes) or addDefaultURLTypes(UrlType urlType) with your specialized UrlType.
12-06-2026 11:48:38.889 [java] [ERROR] 	at org.reflections.vfs.Vfs.fromURL(Vfs.java:113)
12-06-2026 11:48:38.889 [java] [ERROR] 	at org.reflections.vfs.Vfs.fromURL(Vfs.java:95)
12-06-2026 11:48:38.889 [java] [ERROR] 	at org.reflections.Reflections.lambda$scan$2(Reflections.java:176)
12-06-2026 11:48:38.889 [java] [ERROR] 	at java.base/java.util.stream.ForEachOps$ForEachOp$OfRef.accept(ForEachOps.java:186)
12-06-2026 11:48:38.889 [java] [ERROR] 	at java.base/java.util.HashMap$KeySpliterator.forEachRemaining(HashMap.java:1716)
12-06-2026 11:48:38.889 [java] [ERROR] 	at java.base/java.util.stream.AbstractPipeline.copyInto(AbstractPipeline.java:570)
12-06-2026 11:48:38.889 [java] [ERROR] 	at java.base/java.util.stream.ForEachOps$ForEachTask.compute(ForEachOps.java:293)
12-06-2026 11:48:38.889 [java] [ERROR] 	at java.base/java.util.concurrent.CountedCompleter.exec(CountedCompleter.java:759)
12-06-2026 11:48:38.889 [java] [ERROR] 	at java.base/java.util.concurrent.ForkJoinTask.doExec(ForkJoinTask.java:511)
12-06-2026 11:48:38.889 [java] [ERROR] 	at java.base/java.util.concurrent.ForkJoinPool$WorkQueue.topLevelExec(ForkJoinPool.java:1450)
12-06-2026 11:48:38.889 [java] [ERROR] 	at java.base/java.util.concurrent.ForkJoinPool.runWorker(ForkJoinPool.java:2019)
12-06-2026 11:48:38.889 [java] [ERROR] 	at java.base/java.util.concurrent.ForkJoinWorkerThread.run(ForkJoinWorkerThread.java:187)
12-06-2026 11:48:38.889 [java] [ERROR] [ForkJoinPool.commonPool-worker-2] WARN org.reflections.Reflections - could not create Vfs.Dir from url. ignoring the exception and continuing
12-06-2026 11:48:38.889 [java] [ERROR] org.reflections.ReflectionsException: could not create Vfs.Dir from url, no matching UrlType was found [file:/C:/Users/a.basaleh/.jdks/openjdk-26.0.1!/jdk.zipfs]
12-06-2026 11:48:38.889 [java] [ERROR] either use fromURL(final URL url, final List<UrlType> urlTypes) or use the static setDefaultURLTypes(final List<UrlType> urlTypes) or addDefaultURLTypes(UrlType urlType) with your specialized UrlType.
12-06-2026 11:48:38.889 [java] [ERROR] 	at org.reflections.vfs.Vfs.fromURL(Vfs.java:113)
12-06-2026 11:48:38.889 [java] [ERROR] 	at org.reflections.vfs.Vfs.fromURL(Vfs.java:95)
12-06-2026 11:48:38.889 [java] [ERROR] 	at org.reflections.Reflections.lambda$scan$2(Reflections.java:176)
12-06-2026 11:48:38.890 [java] [ERROR] 	at java.base/java.util.stream.ForEachOps$ForEachOp$OfRef.accept(ForEachOps.java:186)
12-06-2026 11:48:38.890 [java] [ERROR] 	at java.base/java.util.HashMap$KeySpliterator.forEachRemaining(HashMap.java:1716)
12-06-2026 11:48:38.890 [java] [ERROR] 	at java.base/java.util.stream.AbstractPipeline.copyInto(AbstractPipeline.java:570)
12-06-2026 11:48:38.891 [java] [ERROR] 	at java.base/java.util.stream.ForEachOps$ForEachTask.compute(ForEachOps.java:293)
12-06-2026 11:48:38.891 [java] [ERROR] 	at java.base/java.util.concurrent.CountedCompleter.exec(CountedCompleter.java:759)
12-06-2026 11:48:38.891 [java] [ERROR] 	at java.base/java.util.concurrent.ForkJoinTask.doExec(ForkJoinTask.java:511)
12-06-2026 11:48:38.891 [java] [ERROR] 	at java.base/java.util.concurrent.ForkJoinPool$WorkQueue.topLevelExec(ForkJoinPool.java:1450)
12-06-2026 11:48:38.891 [java] [ERROR] 	at java.base/java.util.concurrent.ForkJoinPool.runWorker(ForkJoinPool.java:2019)
12-06-2026 11:48:38.891 [java] [ERROR] 	at java.base/java.util.concurrent.ForkJoinWorkerThread.run(ForkJoinWorkerThread.java:187)
12-06-2026 11:48:38.891 [java] [ERROR] [ForkJoinPool.commonPool-worker-8] WARN org.reflections.Reflections - could not create Dir using com.thoughtworks.gauge.scan.ClasspathScanner$1@440b067b from url file:/C:/Users/a.basaleh/.jdks/openjdk-26.0.1!/java.naming. skipping.
12-06-2026 11:48:38.891 [java] [ERROR] java.lang.NullPointerException: Cannot invoke "java.io.File.isDirectory()" because "file" is null
12-06-2026 11:48:38.891 [java] [ERROR] 	at com.thoughtworks.gauge.scan.ClasspathScanner$1.createDir(ClasspathScanner.java:48)
12-06-2026 11:48:38.891 [java] [ERROR] 	at org.reflections.vfs.Vfs.fromURL(Vfs.java:103)
12-06-2026 11:48:38.891 [java] [ERROR] 	at org.reflections.vfs.Vfs.fromURL(Vfs.java:95)
12-06-2026 11:48:38.891 [java] [ERROR] 	at org.reflections.Reflections.lambda$scan$2(Reflections.java:176)
12-06-2026 11:48:38.891 [java] [ERROR] 	at java.base/java.util.stream.ForEachOps$ForEachOp$OfRef.accept(ForEachOps.java:186)
12-06-2026 11:48:38.892 [java] [ERROR] 	at java.base/java.util.HashMap$KeySpliterator.forEachRemaining(HashMap.java:1716)
12-06-2026 11:48:38.892 [java] [ERROR] 	at java.base/java.util.stream.AbstractPipeline.copyInto(AbstractPipeline.java:570)
12-06-2026 11:48:38.892 [java] [ERROR] 	at java.base/java.util.stream.ForEachOps$ForEachTask.compute(ForEachOps.java:293)
12-06-2026 11:48:38.892 [java] [ERROR] 	at java.base/java.util.concurrent.CountedCompleter.exec(CountedCompleter.java:759)
12-06-2026 11:48:38.892 [java] [ERROR] 	at java.base/java.util.concurrent.ForkJoinTask.doExec(ForkJoinTask.java:511)
12-06-2026 11:48:38.892 [java] [ERROR] 	at java.base/java.util.concurrent.ForkJoinPool$WorkQueue.topLevelExec(ForkJoinPool.java:1450)
12-06-2026 11:48:38.892 [java] [ERROR] 	at java.base/java.util.concurrent.ForkJoinPool.runWorker(ForkJoinPool.java:2019)
12-06-2026 11:48:38.892 [java] [ERROR] 	at java.base/java.util.concurrent.ForkJoinWorkerThread.run(ForkJoinWorkerThread.java:187)
12-06-2026 11:48:38.892 [java] [ERROR] [ForkJoinPool.commonPool-worker-8] WARN org.reflections.Reflections - could not create Vfs.Dir from url. ignoring the exception and continuing
12-06-2026 11:48:38.892 [java] [ERROR] org.reflections.ReflectionsException: could not create Vfs.Dir from url, no matching UrlType was found [file:/C:/Users/a.basaleh/.jdks/openjdk-26.0.1!/java.naming]
12-06-2026 11:48:38.892 [java] [ERROR] either use fromURL(final URL url, final List<UrlType> urlTypes) or use the static setDefaultURLTypes(final List<UrlType> urlTypes) or addDefaultURLTypes(UrlType urlType) with your specialized UrlType.
12-06-2026 11:48:38.892 [java] [ERROR] 	at org.reflections.vfs.Vfs.fromURL(Vfs.java:113)
12-06-2026 11:48:38.892 [java] [ERROR] 	at org.reflections.vfs.Vfs.fromURL(Vfs.java:95)
12-06-2026 11:48:38.892 [java] [ERROR] 	at org.reflections.Reflections.lambda$scan$2(Reflections.java:176)
12-06-2026 11:48:38.892 [java] [ERROR] 	at java.base/java.util.stream.ForEachOps$ForEachOp$OfRef.accept(ForEachOps.java:186)
12-06-2026 11:48:38.892 [java] [ERROR] 	at java.base/java.util.HashMap$KeySpliterator.forEachRemaining(HashMap.java:1716)
12-06-2026 11:48:38.892 [java] [ERROR] 	at java.base/java.util.stream.AbstractPipeline.copyInto(AbstractPipeline.java:570)
12-06-2026 11:48:38.892 [java] [ERROR] 	at java.base/java.util.stream.ForEachOps$ForEachTask.compute(ForEachOps.java:293)
12-06-2026 11:48:38.892 [java] [ERROR] 	at java.base/java.util.concurrent.CountedCompleter.exec(CountedCompleter.java:759)
12-06-2026 11:48:38.892 [java] [ERROR] 	at java.base/java.util.concurrent.ForkJoinTask.doExec(ForkJoinTask.java:511)
12-06-2026 11:48:38.892 [java] [ERROR] 	at java.base/java.util.concurrent.ForkJoinPool$WorkQueue.topLevelExec(ForkJoinPool.java:1450)
12-06-2026 11:48:38.892 [java] [ERROR] 	at java.base/java.util.concurrent.ForkJoinPool.runWorker(ForkJoinPool.java:2019)
12-06-2026 11:48:38.892 [java] [ERROR] 	at java.base/java.util.concurrent.ForkJoinWorkerThread.run(ForkJoinWorkerThread.java:187)
12-06-2026 11:48:38.892 [java] [ERROR] [ForkJoinPool.commonPool-worker-8] WARN org.reflections.Reflections - could not create Dir using com.thoughtworks.gauge.scan.ClasspathScanner$1@440b067b from url file:/C:/Users/a.basaleh/.jdks/openjdk-26.0.1!/jdk.attach. skipping.
12-06-2026 11:48:38.892 [java] [ERROR] java.lang.NullPointerException: Cannot invoke "java.io.File.isDirectory()" because "file" is null
12-06-2026 11:48:38.892 [java] [ERROR] 	at com.thoughtworks.gauge.scan.ClasspathScanner$1.createDir(ClasspathScanner.java:48)
12-06-2026 11:48:38.893 [java] [ERROR] 	at org.reflections.vfs.Vfs.fromURL(Vfs.java:103)
12-06-2026 11:48:38.893 [java] [ERROR] 	at org.reflections.vfs.Vfs.fromURL(Vfs.java:95)
12-06-2026 11:48:38.893 [java] [ERROR] 	at org.reflections.Reflections.lambda$scan$2(Reflections.java:176)
12-06-2026 11:48:38.893 [java] [ERROR] 	at java.base/java.util.stream.ForEachOps$ForEachOp$OfRef.accept(ForEachOps.java:186)
12-06-2026 11:48:38.893 [java] [ERROR] 	at java.base/java.util.HashMap$KeySpliterator.forEachRemaining(HashMap.java:1716)
12-06-2026 11:48:38.893 [java] [ERROR] 	at java.base/java.util.stream.AbstractPipeline.copyInto(AbstractPipeline.java:570)
12-06-2026 11:48:38.893 [java] [ERROR] 	at java.base/java.util.stream.ForEachOps$ForEachTask.compute(ForEachOps.java:293)
12-06-2026 11:48:38.893 [java] [ERROR] 	at java.base/java.util.concurrent.CountedCompleter.exec(CountedCompleter.java:759)
12-06-2026 11:48:38.893 [java] [ERROR] 	at java.base/java.util.concurrent.ForkJoinTask.doExec(ForkJoinTask.java:511)
12-06-2026 11:48:38.893 [java] [ERROR] 	at java.base/java.util.concurrent.ForkJoinPool$WorkQueue.topLevelExec(ForkJoinPool.java:1450)
12-06-2026 11:48:38.893 [java] [ERROR] 	at java.base/java.util.concurrent.ForkJoinPool.runWorker(ForkJoinPool.java:2019)
12-06-2026 11:48:38.893 [java] [ERROR] 	at java.base/java.util.concurrent.ForkJoinWorkerThread.run(ForkJoinWorkerThread.java:187)
12-06-2026 11:48:38.893 [java] [ERROR] [ForkJoinPool.commonPool-worker-7] WARN org.reflections.Reflections - could not create Dir using com.thoughtworks.gauge.scan.ClasspathScanner$1@440b067b from url file:/C:/Users/a.basaleh/.jdks/openjdk-26.0.1!/java.security.sasl. skipping.
12-06-2026 11:48:38.893 [java] [ERROR] java.lang.NullPointerException: Cannot invoke "java.io.File.isDirectory()" because "file" is null
12-06-2026 11:48:38.893 [java] [ERROR] 	at com.thoughtworks.gauge.scan.ClasspathScanner$1.createDir(ClasspathScanner.java:48)
12-06-2026 11:48:38.893 [java] [ERROR] 	at org.reflections.vfs.Vfs.fromURL(Vfs.java:103)
12-06-2026 11:48:38.893 [java] [ERROR] 	at org.reflections.vfs.Vfs.fromURL(Vfs.java:95)
12-06-2026 11:48:38.893 [java] [ERROR] 	at org.reflections.Reflections.lambda$scan$2(Reflections.java:176)
12-06-2026 11:48:38.893 [java] [ERROR] 	at java.base/java.util.stream.ForEachOps$ForEachOp$OfRef.accept(ForEachOps.java:186)
12-06-2026 11:48:38.893 [java] [ERROR] 	at java.base/java.util.HashMap$KeySpliterator.forEachRemaining(HashMap.java:1716)
12-06-2026 11:48:38.893 [java] [ERROR] 	at java.base/java.util.stream.AbstractPipeline.copyInto(AbstractPipeline.java:570)
12-06-2026 11:48:38.893 [java] [ERROR] 	at java.base/java.util.stream.ForEachOps$ForEachTask.compute(ForEachOps.java:293)
12-06-2026 11:48:38.893 [java] [ERROR] 	at java.base/java.util.concurrent.CountedCompleter.exec(CountedCompleter.java:759)
12-06-2026 11:48:38.894 [java] [ERROR] 	at java.base/java.util.concurrent.ForkJoinTask.doExec(ForkJoinTask.java:511)
12-06-2026 11:48:38.894 [java] [ERROR] 	at java.base/java.util.concurrent.ForkJoinPool$WorkQueue.topLevelExec(ForkJoinPool.java:1450)
12-06-2026 11:48:38.894 [java] [ERROR] 	at java.base/java.util.concurrent.ForkJoinPool.runWorker(ForkJoinPool.java:2019)
12-06-2026 11:48:38.894 [java] [ERROR] 	at java.base/java.util.concurrent.ForkJoinWorkerThread.run(ForkJoinWorkerThread.java:187)
12-06-2026 11:48:38.894 [java] [ERROR] [ForkJoinPool.commonPool-worker-7] WARN org.reflections.Reflections - could not create Vfs.Dir from url. ignoring the exception and continuing
12-06-2026 11:48:38.894 [java] [ERROR] org.reflections.ReflectionsException: could not create Vfs.Dir from url, no matching UrlType was found [file:/C:/Users/a.basaleh/.jdks/openjdk-26.0.1!/java.security.sasl]
12-06-2026 11:48:38.894 [java] [ERROR] either use fromURL(final URL url, final List<UrlType> urlTypes) or use the static setDefaultURLTypes(final List<UrlType> urlTypes) or addDefaultURLTypes(UrlType urlType) with your specialized UrlType.
12-06-2026 11:48:38.894 [java] [ERROR] 	at org.reflections.vfs.Vfs.fromURL(Vfs.java:113)
12-06-2026 11:48:38.894 [java] [ERROR] 	at org.reflections.vfs.Vfs.fromURL(Vfs.java:95)
12-06-2026 11:48:38.894 [java] [ERROR] 	at org.reflections.Reflections.lambda$scan$2(Reflections.java:176)
12-06-2026 11:48:38.894 [java] [ERROR] 	at java.base/java.util.stream.ForEachOps$ForEachOp$OfRef.accept(ForEachOps.java:186)
12-06-2026 11:48:38.894 [java] [ERROR] 	at java.base/java.util.HashMap$KeySpliterator.forEachRemaining(HashMap.java:1716)
12-06-2026 11:48:38.894 [java] [ERROR] 	at java.base/java.util.stream.AbstractPipeline.copyInto(AbstractPipeline.java:570)
12-06-2026 11:48:38.894 [java] [ERROR] 	at java.base/java.util.stream.ForEachOps$ForEachTask.compute(ForEachOps.java:293)
12-06-2026 11:48:38.894 [java] [ERROR] 	at java.base/java.util.concurrent.CountedCompleter.exec(CountedCompleter.java:759)
12-06-2026 11:48:38.894 [java] [ERROR] 	at java.base/java.util.concurrent.ForkJoinTask.doExec(ForkJoinTask.java:511)
12-06-2026 11:48:38.894 [java] [ERROR] 	at java.base/java.util.concurrent.ForkJoinPool$WorkQueue.topLevelExec(ForkJoinPool.java:1450)
12-06-2026 11:48:38.894 [java] [ERROR] 	at java.base/java.util.concurrent.ForkJoinPool.runWorker(ForkJoinPool.java:2019)
12-06-2026 11:48:38.894 [java] [ERROR] 	at java.base/java.util.concurrent.ForkJoinWorkerThread.run(ForkJoinWorkerThread.java:187)
12-06-2026 11:48:38.894 [java] [ERROR] [ForkJoinPool.commonPool-worker-5] WARN org.reflections.Reflections - could not create Dir using com.thoughtworks.gauge.scan.ClasspathScanner$1@440b067b from url file:/C:/Users/a.basaleh/.jdks/openjdk-26.0.1!/jdk.crypto.cryptoki. skipping.
12-06-2026 11:48:38.894 [java] [ERROR] java.lang.NullPointerException: Cannot invoke "java.io.File.isDirectory()" because "file" is null
12-06-2026 11:48:38.894 [java] [ERROR] 	at com.thoughtworks.gauge.scan.ClasspathScanner$1.createDir(ClasspathScanner.java:48)
12-06-2026 11:48:38.894 [java] [ERROR] 	at org.reflections.vfs.Vfs.fromURL(Vfs.java:103)
12-06-2026 11:48:38.894 [java] [ERROR] 	at org.reflections.vfs.Vfs.fromURL(Vfs.java:95)
12-06-2026 11:48:38.894 [java] [ERROR] 	at org.reflections.Reflections.lambda$scan$2(Reflections.java:176)
12-06-2026 11:48:38.895 [java] [ERROR] 	at java.base/java.util.stream.ForEachOps$ForEachOp$OfRef.accept(ForEachOps.java:186)
12-06-2026 11:48:38.895 [java] [ERROR] 	at java.base/java.util.HashMap$KeySpliterator.forEachRemaining(HashMap.java:1716)
12-06-2026 11:48:38.895 [java] [ERROR] 	at java.base/java.util.stream.AbstractPipeline.copyInto(AbstractPipeline.java:570)
12-06-2026 11:48:38.895 [java] [ERROR] 	at java.base/java.util.stream.ForEachOps$ForEachTask.compute(ForEachOps.java:293)
12-06-2026 11:48:38.895 [java] [ERROR] 	at java.base/java.util.concurrent.CountedCompleter.exec(CountedCompleter.java:759)
12-06-2026 11:48:38.895 [java] [ERROR] 	at java.base/java.util.concurrent.ForkJoinTask.doExec(ForkJoinTask.java:511)
12-06-2026 11:48:38.895 [java] [ERROR] 	at java.base/java.util.concurrent.ForkJoinPool$WorkQueue.topLevelExec(ForkJoinPool.java:1450)
12-06-2026 11:48:38.895 [java] [ERROR] 	at java.base/java.util.concurrent.ForkJoinPool.runWorker(ForkJoinPool.java:2019)
12-06-2026 11:48:38.896 [java] [ERROR] 	at java.base/java.util.concurrent.ForkJoinWorkerThread.run(ForkJoinWorkerThread.java:187)
12-06-2026 11:48:38.896 [java] [ERROR] [ForkJoinPool.commonPool-worker-11] WARN org.reflections.Reflections - could not create Dir using com.thoughtworks.gauge.scan.ClasspathScanner$1@440b067b from url file:/C:/Users/a.basaleh/.jdks/openjdk-26.0.1!/java.net.http. skipping.
12-06-2026 11:48:38.896 [java] [ERROR] java.lang.NullPointerException: Cannot invoke "java.io.File.isDirectory()" because "file" is null
12-06-2026 11:48:38.896 [java] [ERROR] 	at com.thoughtworks.gauge.scan.ClasspathScanner$1.createDir(ClasspathScanner.java:48)
12-06-2026 11:48:38.896 [java] [ERROR] 	at org.reflections.vfs.Vfs.fromURL(Vfs.java:103)
12-06-2026 11:48:38.896 [java] [ERROR] 	at org.reflections.vfs.Vfs.fromURL(Vfs.java:95)
12-06-2026 11:48:38.896 [java] [ERROR] 	at org.reflections.Reflections.lambda$scan$2(Reflections.java:176)
12-06-2026 11:48:38.896 [java] [ERROR] 	at java.base/java.util.stream.ForEachOps$ForEachOp$OfRef.accept(ForEachOps.java:186)
12-06-2026 11:48:38.896 [java] [ERROR] 	at java.base/java.util.HashMap$KeySpliterator.forEachRemaining(HashMap.java:1716)
12-06-2026 11:48:38.896 [java] [ERROR] 	at java.base/java.util.stream.AbstractPipeline.copyInto(AbstractPipeline.java:570)
12-06-2026 11:48:38.896 [java] [ERROR] 	at java.base/java.util.stream.ForEachOps$ForEachTask.compute(ForEachOps.java:293)
12-06-2026 11:48:38.896 [java] [ERROR] 	at java.base/java.util.concurrent.CountedCompleter.exec(CountedCompleter.java:759)
12-06-2026 11:48:38.896 [java] [ERROR] 	at java.base/java.util.concurrent.ForkJoinTask.doExec(ForkJoinTask.java:511)
12-06-2026 11:48:38.896 [java] [ERROR] 	at java.base/java.util.concurrent.ForkJoinPool$WorkQueue.topLevelExec(ForkJoinPool.java:1450)
12-06-2026 11:48:38.896 [java] [ERROR] 	at java.base/java.util.concurrent.ForkJoinPool.runWorker(ForkJoinPool.java:2019)
12-06-2026 11:48:38.896 [java] [ERROR] 	at java.base/java.util.concurrent.ForkJoinWorkerThread.run(ForkJoinWorkerThread.java:187)
12-06-2026 11:48:38.896 [java] [ERROR] [pool-2-thread-1] WARN org.reflections.Reflections - could not create Vfs.Dir from url. ignoring the exception and continuing
12-06-2026 11:48:38.896 [java] [ERROR] org.reflections.ReflectionsException: could not create Vfs.Dir from url, no matching UrlType was found [file:/C:/Users/a.basaleh/.jdks/openjdk-26.0.1!/java.sql.rowset]
12-06-2026 11:48:38.896 [java] [ERROR] either use fromURL(final URL url, final List<UrlType> urlTypes) or use the static setDefaultURLTypes(final List<UrlType> urlTypes) or addDefaultURLTypes(UrlType urlType) with your specialized UrlType.
12-06-2026 11:48:38.896 [java] [ERROR] 	at org.reflections.vfs.Vfs.fromURL(Vfs.java:113)
12-06-2026 11:48:38.896 [java] [ERROR] 	at org.reflections.vfs.Vfs.fromURL(Vfs.java:95)
12-06-2026 11:48:38.896 [java] [ERROR] 	at org.reflections.Reflections.lambda$scan$2(Reflections.java:176)
12-06-2026 11:48:38.896 [java] [ERROR] 	at java.base/java.util.stream.ForEachOps$ForEachOp$OfRef.accept(ForEachOps.java:186)
12-06-2026 11:48:38.896 [java] [ERROR] 	at java.base/java.util.HashMap$KeySpliterator.forEachRemaining(HashMap.java:1716)
12-06-2026 11:48:38.896 [java] [ERROR] 	at java.base/java.util.stream.AbstractPipeline.copyInto(AbstractPipeline.java:570)
12-06-2026 11:48:38.896 [java] [ERROR] 	at java.base/java.util.stream.ForEachOps$ForEachTask.compute(ForEachOps.java:293)
12-06-2026 11:48:38.896 [java] [ERROR] 	at java.base/java.util.concurrent.CountedCompleter.exec(CountedCompleter.java:759)
12-06-2026 11:48:38.896 [java] [ERROR] 	at java.base/java.util.concurrent.ForkJoinTask.doExec(ForkJoinTask.java:511)
12-06-2026 11:48:38.896 [java] [ERROR] 	at java.base/java.util.concurrent.ForkJoinTask.invoke(ForkJoinTask.java:683)
12-06-2026 11:48:38.896 [java] [ERROR] 	at java.base/java.util.stream.ForEachOps$ForEachOp.evaluateParallel(ForEachOps.java:162)
12-06-2026 11:48:38.896 [java] [ERROR] 	at java.base/java.util.stream.ForEachOps$ForEachOp$OfRef.evaluateParallel(ForEachOps.java:176)
12-06-2026 11:48:38.896 [java] [ERROR] 	at java.base/java.util.stream.AbstractPipeline.evaluate(AbstractPipeline.java:264)
12-06-2026 11:48:38.896 [java] [ERROR] 	at java.base/java.util.stream.ReferencePipeline.forEach(ReferencePipeline.java:632)
12-06-2026 11:48:38.896 [java] [ERROR] 	at java.base/java.util.stream.ReferencePipeline$Head.forEach(ReferencePipeline.java:806)
12-06-2026 11:48:38.896 [java] [ERROR] 	at org.reflections.Reflections.scan(Reflections.java:173)
12-06-2026 11:48:38.898 [java] [ERROR] 	at org.reflections.Reflections.<init>(Reflections.java:126)
12-06-2026 11:48:38.899 [java] [ERROR] 	at com.thoughtworks.gauge.execution.parameters.parsers.base.ParameterParsingChain.createReflections(ParameterParsingChain.java:47)
12-06-2026 11:48:38.899 [java] [ERROR] 	at com.thoughtworks.gauge.execution.parameters.parsers.base.ParameterParsingChain.<init>(ParameterParsingChain.java:33)
12-06-2026 11:48:38.899 [java] [ERROR] 	at com.thoughtworks.gauge.connection.MessageProcessorFactory.initializeExecutionMessageProcessors(MessageProcessorFactory.java:91)
12-06-2026 11:48:38.899 [java] [ERROR] 	at com.thoughtworks.gauge.connection.MessageProcessorFactory.getProcessor(MessageProcessorFactory.java:66)
12-06-2026 11:48:38.899 [java] [ERROR] 	at com.thoughtworks.gauge.RunnerServiceHandler.lambda$validateStep$17(RunnerServiceHandler.java:332)
12-06-2026 11:48:38.899 [java] [ERROR] 	at java.base/java.util.concurrent.ThreadPoolExecutor.runWorker(ThreadPoolExecutor.java:1090)
12-06-2026 11:48:38.899 [java] [ERROR] 	at java.base/java.util.concurrent.ThreadPoolExecutor$Worker.run(ThreadPoolExecutor.java:614)
12-06-2026 11:48:38.899 [java] [ERROR] 	at java.base/java.lang.Thread.run(Thread.java:1516)
12-06-2026 11:48:38.899 [java] [ERROR] [ForkJoinPool.commonPool-worker-10] WARN org.reflections.Reflections - could not create Vfs.Dir from url. ignoring the exception and continuing
12-06-2026 11:48:38.899 [java] [ERROR] org.reflections.ReflectionsException: could not create Vfs.Dir from url, no matching UrlType was found [file:/C:/Users/a.basaleh/.jdks/openjdk-26.0.1!/jdk.graal.compiler]
12-06-2026 11:48:38.899 [java] [ERROR] either use fromURL(final URL url, final List<UrlType> urlTypes) or use the static setDefaultURLTypes(final List<UrlType> urlTypes) or addDefaultURLTypes(UrlType urlType) with your specialized UrlType.
12-06-2026 11:48:38.899 [java] [ERROR] 	at org.reflections.vfs.Vfs.fromURL(Vfs.java:113)
12-06-2026 11:48:38.899 [java] [ERROR] 	at org.reflections.vfs.Vfs.fromURL(Vfs.java:95)
12-06-2026 11:48:38.899 [java] [ERROR] 	at org.reflections.Reflections.lambda$scan$2(Reflections.java:176)
12-06-2026 11:48:38.899 [java] [ERROR] 	at java.base/java.util.stream.ForEachOps$ForEachOp$OfRef.accept(ForEachOps.java:186)
12-06-2026 11:48:38.899 [java] [ERROR] 	at java.base/java.util.HashMap$KeySpliterator.forEachRemaining(HashMap.java:1716)
12-06-2026 11:48:38.899 [java] [ERROR] 	at java.base/java.util.stream.AbstractPipeline.copyInto(AbstractPipeline.java:570)
12-06-2026 11:48:38.899 [java] [ERROR] 	at java.base/java.util.stream.ForEachOps$ForEachTask.compute(ForEachOps.java:293)
12-06-2026 11:48:38.899 [java] [ERROR] 	at java.base/java.util.concurrent.CountedCompleter.exec(CountedCompleter.java:759)
12-06-2026 11:48:38.899 [java] [ERROR] 	at java.base/java.util.concurrent.ForkJoinTask.doExec(ForkJoinTask.java:511)
12-06-2026 11:48:38.899 [java] [ERROR] 	at java.base/java.util.concurrent.ForkJoinPool$WorkQueue.topLevelExec(ForkJoinPool.java:1450)
12-06-2026 11:48:38.899 [java] [ERROR] 	at java.base/java.util.concurrent.ForkJoinPool.runWorker(ForkJoinPool.java:2019)
12-06-2026 11:48:38.899 [java] [ERROR] 	at java.base/java.util.concurrent.ForkJoinWorkerThread.run(ForkJoinWorkerThread.java:187)
12-06-2026 11:48:38.899 [java] [ERROR] [ForkJoinPool.commonPool-worker-3] WARN org.reflections.Reflections - could not create Vfs.Dir from url. ignoring the exception and continuing
12-06-2026 11:48:38.899 [java] [ERROR] org.reflections.ReflectionsException: could not create Vfs.Dir from url, no matching UrlType was found [file:/C:/Users/a.basaleh/.jdks/openjdk-26.0.1!/jdk.internal.md]
12-06-2026 11:48:38.899 [java] [ERROR] either use fromURL(final URL url, final List<UrlType> urlTypes) or use the static setDefaultURLTypes(final List<UrlType> urlTypes) or addDefaultURLTypes(UrlType urlType) with your specialized UrlType.
12-06-2026 11:48:38.899 [java] [ERROR] 	at org.reflections.vfs.Vfs.fromURL(Vfs.java:113)
12-06-2026 11:48:38.899 [java] [ERROR] 	at org.reflections.vfs.Vfs.fromURL(Vfs.java:95)
12-06-2026 11:48:38.899 [java] [ERROR] 	at org.reflections.Reflections.lambda$scan$2(Reflections.java:176)
12-06-2026 11:48:38.899 [java] [ERROR] 	at java.base/java.util.stream.ForEachOps$ForEachOp$OfRef.accept(ForEachOps.java:186)
12-06-2026 11:48:38.899 [java] [ERROR] 	at java.base/java.util.HashMap$KeySpliterator.forEachRemaining(HashMap.java:1716)
12-06-2026 11:48:38.904 [java] [ERROR] 	at java.base/java.util.stream.AbstractPipeline.copyInto(AbstractPipeline.java:570)
12-06-2026 11:48:38.908 [java] [ERROR] 	at java.base/java.util.stream.ForEachOps$ForEachTask.compute(ForEachOps.java:293)
12-06-2026 11:48:38.908 [java] [ERROR] 	at java.base/java.util.concurrent.CountedCompleter.exec(CountedCompleter.java:759)
12-06-2026 11:48:38.908 [java] [ERROR] 	at java.base/java.util.concurrent.ForkJoinTask.doExec(ForkJoinTask.java:511)
12-06-2026 11:48:38.908 [java] [ERROR] 	at java.base/java.util.concurrent.ForkJoinPool$WorkQueue.topLevelExec(ForkJoinPool.java:1450)
12-06-2026 11:48:38.908 [java] [ERROR] 	at java.base/java.util.concurrent.ForkJoinPool.runWorker(ForkJoinPool.java:2019)
12-06-2026 11:48:38.908 [java] [ERROR] 	at java.base/java.util.concurrent.ForkJoinWorkerThread.run(ForkJoinWorkerThread.java:187)
12-06-2026 11:48:38.908 [java] [ERROR] [ForkJoinPool.commonPool-worker-8] WARN org.reflections.Reflections - could not create Vfs.Dir from url. ignoring the exception and continuing
12-06-2026 11:48:38.908 [java] [ERROR] org.reflections.ReflectionsException: could not create Vfs.Dir from url, no matching UrlType was found [file:/C:/Users/a.basaleh/.jdks/openjdk-26.0.1!/jdk.attach]
12-06-2026 11:48:38.908 [java] [ERROR] either use fromURL(final URL url, final List<UrlType> urlTypes) or use the static setDefaultURLTypes(final List<UrlType> urlTypes) or addDefaultURLTypes(UrlType urlType) with your specialized UrlType.
12-06-2026 11:48:38.908 [java] [ERROR] 	at org.reflections.vfs.Vfs.fromURL(Vfs.java:113)
12-06-2026 11:48:38.908 [java] [ERROR] 	at org.reflections.vfs.Vfs.fromURL(Vfs.java:95)
12-06-2026 11:48:38.908 [java] [ERROR] 	at org.reflections.Reflections.lambda$scan$2(Reflections.java:176)
12-06-2026 11:48:38.908 [java] [ERROR] 	at java.base/java.util.stream.ForEachOps$ForEachOp$OfRef.accept(ForEachOps.java:186)
12-06-2026 11:48:38.908 [java] [ERROR] 	at java.base/java.util.HashMap$KeySpliterator.forEachRemaining(HashMap.java:1716)
12-06-2026 11:48:38.908 [java] [ERROR] 	at java.base/java.util.stream.AbstractPipeline.copyInto(AbstractPipeline.java:570)
12-06-2026 11:48:38.908 [java] [ERROR] 	at java.base/java.util.stream.ForEachOps$ForEachTask.compute(ForEachOps.java:293)
12-06-2026 11:48:38.909 [java] [ERROR] 	at java.base/java.util.concurrent.CountedCompleter.exec(CountedCompleter.java:759)
12-06-2026 11:48:38.909 [java] [ERROR] 	at java.base/java.util.concurrent.ForkJoinTask.doExec(ForkJoinTask.java:511)
12-06-2026 11:48:38.909 [java] [ERROR] 	at java.base/java.util.concurrent.ForkJoinPool$WorkQueue.topLevelExec(ForkJoinPool.java:1450)
12-06-2026 11:48:38.909 [java] [ERROR] 	at java.base/java.util.concurrent.ForkJoinPool.runWorker(ForkJoinPool.java:2019)
12-06-2026 11:48:38.909 [java] [ERROR] 	at java.base/java.util.concurrent.ForkJoinWorkerThread.run(ForkJoinWorkerThread.java:187)
12-06-2026 11:48:38.909 [java] [ERROR] [ForkJoinPool.commonPool-worker-8] WARN org.reflections.Reflections - could not create Dir using com.thoughtworks.gauge.scan.ClasspathScanner$1@440b067b from url file:/C:/Users/a.basaleh/.jdks/openjdk-26.0.1!/jdk.charsets. skipping.
12-06-2026 11:48:38.909 [java] [ERROR] java.lang.NullPointerException: Cannot invoke "java.io.File.isDirectory()" because "file" is null
12-06-2026 11:48:38.909 [java] [ERROR] 	at com.thoughtworks.gauge.scan.ClasspathScanner$1.createDir(ClasspathScanner.java:48)
12-06-2026 11:48:38.909 [java] [ERROR] 	at org.reflections.vfs.Vfs.fromURL(Vfs.java:103)
12-06-2026 11:48:38.909 [java] [ERROR] 	at org.reflections.vfs.Vfs.fromURL(Vfs.java:95)
12-06-2026 11:48:38.909 [java] [ERROR] 	at org.reflections.Reflections.lambda$scan$2(Reflections.java:176)
12-06-2026 11:48:38.909 [java] [ERROR] 	at java.base/java.util.stream.ForEachOps$ForEachOp$OfRef.accept(ForEachOps.java:186)
12-06-2026 11:48:38.909 [java] [ERROR] 	at java.base/java.util.HashMap$KeySpliterator.forEachRemaining(HashMap.java:1716)
12-06-2026 11:48:38.909 [java] [ERROR] 	at java.base/java.util.stream.AbstractPipeline.copyInto(AbstractPipeline.java:570)
12-06-2026 11:48:38.909 [java] [ERROR] 	at java.base/java.util.stream.ForEachOps$ForEachTask.compute(ForEachOps.java:293)
12-06-2026 11:48:38.909 [java] [ERROR] 	at java.base/java.util.concurrent.CountedCompleter.exec(CountedCompleter.java:759)
12-06-2026 11:48:38.909 [java] [ERROR] 	at java.base/java.util.concurrent.ForkJoinTask.doExec(ForkJoinTask.java:511)
12-06-2026 11:48:38.909 [java] [ERROR] 	at java.base/java.util.concurrent.ForkJoinPool$WorkQueue.topLevelExec(ForkJoinPool.java:1450)
12-06-2026 11:48:38.913 [java] [ERROR] 	at java.base/java.util.concurrent.ForkJoinPool.runWorker(ForkJoinPool.java:2019)
12-06-2026 11:48:38.913 [java] [ERROR] 	at java.base/java.util.concurrent.ForkJoinWorkerThread.run(ForkJoinWorkerThread.java:187)
12-06-2026 11:48:38.913 [java] [ERROR] [ForkJoinPool.commonPool-worker-8] WARN org.reflections.Reflections - could not create Vfs.Dir from url. ignoring the exception and continuing
12-06-2026 11:48:38.913 [java] [ERROR] org.reflections.ReflectionsException: could not create Vfs.Dir from url, no matching UrlType was found [file:/C:/Users/a.basaleh/.jdks/openjdk-26.0.1!/jdk.charsets]
12-06-2026 11:48:38.913 [java] [ERROR] either use fromURL(final URL url, final List<UrlType> urlTypes) or use the static setDefaultURLTypes(final List<UrlType> urlTypes) or addDefaultURLTypes(UrlType urlType) with your specialized UrlType.
12-06-2026 11:48:38.913 [java] [ERROR] 	at org.reflections.vfs.Vfs.fromURL(Vfs.java:113)
12-06-2026 11:48:38.913 [java] [ERROR] 	at org.reflections.vfs.Vfs.fromURL(Vfs.java:95)
12-06-2026 11:48:38.913 [java] [ERROR] 	at org.reflections.Reflections.lambda$scan$2(Reflections.java:176)
12-06-2026 11:48:38.913 [java] [ERROR] 	at java.base/java.util.stream.ForEachOps$ForEachOp$OfRef.accept(ForEachOps.java:186)
12-06-2026 11:48:38.913 [java] [ERROR] 	at java.base/java.util.HashMap$KeySpliterator.forEachRemaining(HashMap.java:1716)
12-06-2026 11:48:38.913 [java] [ERROR] 	at java.base/java.util.stream.AbstractPipeline.copyInto(AbstractPipeline.java:570)
12-06-2026 11:48:38.913 [java] [ERROR] 	at java.base/java.util.stream.ForEachOps$ForEachTask.compute(ForEachOps.java:293)
12-06-2026 11:48:38.913 [java] [ERROR] 	at java.base/java.util.concurrent.CountedCompleter.exec(CountedCompleter.java:759)
12-06-2026 11:48:38.913 [java] [ERROR] 	at java.base/java.util.concurrent.ForkJoinTask.doExec(ForkJoinTask.java:511)
12-06-2026 11:48:38.913 [java] [ERROR] 	at java.base/java.util.concurrent.ForkJoinPool$WorkQueue.topLevelExec(ForkJoinPool.java:1450)
12-06-2026 11:48:38.913 [java] [ERROR] 	at java.base/java.util.concurrent.ForkJoinPool.runWorker(ForkJoinPool.java:2019)
12-06-2026 11:48:38.913 [java] [ERROR] 	at java.base/java.util.concurrent.ForkJoinWorkerThread.run(ForkJoinWorkerThread.java:187)
12-06-2026 11:48:38.913 [java] [ERROR] [ForkJoinPool.commonPool-worker-2] WARN org.reflections.Reflections - could not create Dir using com.thoughtworks.gauge.scan.ClasspathScanner$1@440b067b from url file:/C:/Users/a.basaleh/.jdks/openjdk-26.0.1!/jdk.internal.jvmstat. skipping.
12-06-2026 11:48:38.913 [java] [ERROR] java.lang.NullPointerException: Cannot invoke "java.io.File.isDirectory()" because "file" is null
12-06-2026 11:48:38.913 [java] [ERROR] 	at com.thoughtworks.gauge.scan.ClasspathScanner$1.createDir(ClasspathScanner.java:48)
12-06-2026 11:48:38.913 [java] [ERROR] 	at org.reflections.vfs.Vfs.fromURL(Vfs.java:103)
12-06-2026 11:48:38.913 [java] [ERROR] 	at org.reflections.vfs.Vfs.fromURL(Vfs.java:95)
12-06-2026 11:48:38.913 [java] [ERROR] 	at org.reflections.Reflections.lambda$scan$2(Reflections.java:176)
12-06-2026 11:48:38.913 [java] [ERROR] 	at java.base/java.util.stream.ForEachOps$ForEachOp$OfRef.accept(ForEachOps.java:186)
12-06-2026 11:48:38.913 [java] [ERROR] 	at java.base/java.util.HashMap$KeySpliterator.forEachRemaining(HashMap.java:1716)
12-06-2026 11:48:38.913 [java] [ERROR] 	at java.base/java.util.stream.AbstractPipeline.copyInto(AbstractPipeline.java:570)
12-06-2026 11:48:38.913 [java] [ERROR] 	at java.base/java.util.stream.ForEachOps$ForEachTask.compute(ForEachOps.java:293)
12-06-2026 11:48:38.913 [java] [ERROR] 	at java.base/java.util.concurrent.CountedCompleter.exec(CountedCompleter.java:759)
12-06-2026 11:48:38.913 [java] [ERROR] 	at java.base/java.util.concurrent.ForkJoinTask.doExec(ForkJoinTask.java:511)
12-06-2026 11:48:38.913 [java] [ERROR] 	at java.base/java.util.concurrent.ForkJoinPool$WorkQueue.topLevelExec(ForkJoinPool.java:1450)
12-06-2026 11:48:38.913 [java] [ERROR] 	at java.base/java.util.concurrent.ForkJoinPool.runWorker(ForkJoinPool.java:2019)
12-06-2026 11:48:38.913 [java] [ERROR] 	at java.base/java.util.concurrent.ForkJoinWorkerThread.run(ForkJoinWorkerThread.java:187)
12-06-2026 11:48:38.913 [java] [ERROR] [ForkJoinPool.commonPool-worker-5] WARN org.reflections.Reflections - could not create Vfs.Dir from url. ignoring the exception and continuing
12-06-2026 11:48:38.913 [java] [ERROR] org.reflections.ReflectionsException: could not create Vfs.Dir from url, no matching UrlType was found [file:/C:/Users/a.basaleh/.jdks/openjdk-26.0.1!/jdk.crypto.cryptoki]
12-06-2026 11:48:38.913 [java] [ERROR] either use fromURL(final URL url, final List<UrlType> urlTypes) or use the static setDefaultURLTypes(final List<UrlType> urlTypes) or addDefaultURLTypes(UrlType urlType) with your specialized UrlType.
12-06-2026 11:48:38.913 [java] [ERROR] 	at org.reflections.vfs.Vfs.fromURL(Vfs.java:113)
12-06-2026 11:48:38.913 [java] [ERROR] 	at org.reflections.vfs.Vfs.fromURL(Vfs.java:95)
12-06-2026 11:48:38.913 [java] [ERROR] 	at org.reflections.Reflections.lambda$scan$2(Reflections.java:176)
12-06-2026 11:48:38.913 [java] [ERROR] 	at java.base/java.util.stream.ForEachOps$ForEachOp$OfRef.accept(ForEachOps.java:186)
12-06-2026 11:48:38.913 [java] [ERROR] 	at java.base/java.util.HashMap$KeySpliterator.forEachRemaining(HashMap.java:1716)
12-06-2026 11:48:38.913 [java] [ERROR] 	at java.base/java.util.stream.AbstractPipeline.copyInto(AbstractPipeline.java:570)
12-06-2026 11:48:38.913 [java] [ERROR] 	at java.base/java.util.stream.ForEachOps$ForEachTask.compute(ForEachOps.java:293)
12-06-2026 11:48:38.913 [java] [ERROR] 	at java.base/java.util.concurrent.CountedCompleter.exec(CountedCompleter.java:759)
12-06-2026 11:48:38.913 [java] [ERROR] 	at java.base/java.util.concurrent.ForkJoinTask.doExec(ForkJoinTask.java:511)
12-06-2026 11:48:38.913 [java] [ERROR] 	at java.base/java.util.concurrent.ForkJoinPool$WorkQueue.topLevelExec(ForkJoinPool.java:1450)
12-06-2026 11:48:38.913 [java] [ERROR] 	at java.base/java.util.concurrent.ForkJoinPool.runWorker(ForkJoinPool.java:2019)
12-06-2026 11:48:38.913 [java] [ERROR] 	at java.base/java.util.concurrent.ForkJoinWorkerThread.run(ForkJoinWorkerThread.java:187)
12-06-2026 11:48:38.913 [java] [ERROR] [ForkJoinPool.commonPool-worker-11] WARN org.reflections.Reflections - could not create Vfs.Dir from url. ignoring the exception and continuing
12-06-2026 11:48:38.913 [java] [ERROR] org.reflections.ReflectionsException: could not create Vfs.Dir from url, no matching UrlType was found [file:/C:/Users/a.basaleh/.jdks/openjdk-26.0.1!/java.net.http]
12-06-2026 11:48:38.913 [java] [ERROR] either use fromURL(final URL url, final List<UrlType> urlTypes) or use the static setDefaultURLTypes(final List<UrlType> urlTypes) or addDefaultURLTypes(UrlType urlType) with your specialized UrlType.
12-06-2026 11:48:38.914 [java] [ERROR] 	at org.reflections.vfs.Vfs.fromURL(Vfs.java:113)
12-06-2026 11:48:38.914 [java] [ERROR] 	at org.reflections.vfs.Vfs.fromURL(Vfs.java:95)
12-06-2026 11:48:38.914 [java] [ERROR] 	at org.reflections.Reflections.lambda$scan$2(Reflections.java:176)
12-06-2026 11:48:38.914 [java] [ERROR] 	at java.base/java.util.stream.ForEachOps$ForEachOp$OfRef.accept(ForEachOps.java:186)
12-06-2026 11:48:38.914 [java] [ERROR] 	at java.base/java.util.HashMap$KeySpliterator.forEachRemaining(HashMap.java:1716)
12-06-2026 11:48:38.914 [java] [ERROR] 	at java.base/java.util.stream.AbstractPipeline.copyInto(AbstractPipeline.java:570)
12-06-2026 11:48:38.914 [java] [ERROR] 	at java.base/java.util.stream.ForEachOps$ForEachTask.compute(ForEachOps.java:293)
12-06-2026 11:48:38.914 [java] [ERROR] 	at java.base/java.util.concurrent.CountedCompleter.exec(CountedCompleter.java:759)
12-06-2026 11:48:38.914 [java] [ERROR] 	at java.base/java.util.concurrent.ForkJoinTask.doExec(ForkJoinTask.java:511)
12-06-2026 11:48:38.914 [java] [ERROR] 	at java.base/java.util.concurrent.ForkJoinPool$WorkQueue.topLevelExec(ForkJoinPool.java:1450)
12-06-2026 11:48:38.914 [java] [ERROR] 	at java.base/java.util.concurrent.ForkJoinPool.runWorker(ForkJoinPool.java:2019)
12-06-2026 11:48:38.914 [java] [ERROR] 	at java.base/java.util.concurrent.ForkJoinWorkerThread.run(ForkJoinWorkerThread.java:187)
12-06-2026 11:48:38.914 [java] [ERROR] [pool-2-thread-1] WARN org.reflections.Reflections - could not create Dir using com.thoughtworks.gauge.scan.ClasspathScanner$1@440b067b from url file:/C:/Users/a.basaleh/.jdks/openjdk-26.0.1!/java.sql. skipping.
12-06-2026 11:48:38.914 [java] [ERROR] java.lang.NullPointerException: Cannot invoke "java.io.File.isDirectory()" because "file" is null
12-06-2026 11:48:38.914 [java] [ERROR] 	at com.thoughtworks.gauge.scan.ClasspathScanner$1.createDir(ClasspathScanner.java:48)
12-06-2026 11:48:38.914 [java] [ERROR] 	at org.reflections.vfs.Vfs.fromURL(Vfs.java:103)
12-06-2026 11:48:38.914 [java] [ERROR] 	at org.reflections.vfs.Vfs.fromURL(Vfs.java:95)
12-06-2026 11:48:38.914 [java] [ERROR] 	at org.reflections.Reflections.lambda$scan$2(Reflections.java:176)
12-06-2026 11:48:38.914 [java] [ERROR] 	at java.base/java.util.stream.ForEachOps$ForEachOp$OfRef.accept(ForEachOps.java:186)
12-06-2026 11:48:38.914 [java] [ERROR] 	at java.base/java.util.HashMap$KeySpliterator.forEachRemaining(HashMap.java:1716)
12-06-2026 11:48:38.914 [java] [ERROR] 	at java.base/java.util.stream.AbstractPipeline.copyInto(AbstractPipeline.java:570)
12-06-2026 11:48:38.914 [java] [ERROR] 	at java.base/java.util.stream.ForEachOps$ForEachTask.compute(ForEachOps.java:293)
12-06-2026 11:48:38.914 [java] [ERROR] 	at java.base/java.util.concurrent.CountedCompleter.exec(CountedCompleter.java:759)
12-06-2026 11:48:38.914 [java] [ERROR] 	at java.base/java.util.concurrent.ForkJoinTask.doExec(ForkJoinTask.java:511)
12-06-2026 11:48:38.914 [java] [ERROR] 	at java.base/java.util.concurrent.ForkJoinPool$WorkQueue.helpComplete(ForkJoinPool.java:1537)
12-06-2026 11:48:38.914 [java] [ERROR] 	at java.base/java.util.concurrent.ForkJoinPool.helpComplete(ForkJoinPool.java:2332)
12-06-2026 11:48:38.914 [java] [ERROR] 	at java.base/java.util.concurrent.ForkJoinTask.awaitDone(ForkJoinTask.java:497)
12-06-2026 11:48:38.914 [java] [ERROR] 	at java.base/java.util.concurrent.ForkJoinTask.join(ForkJoinTask.java:669)
12-06-2026 11:48:38.914 [java] [ERROR] 	at java.base/java.util.concurrent.ForkJoinTask.invoke(ForkJoinTask.java:684)
12-06-2026 11:48:38.914 [java] [ERROR] 	at java.base/java.util.stream.ForEachOps$ForEachOp.evaluateParallel(ForEachOps.java:162)
12-06-2026 11:48:38.914 [java] [ERROR] 	at java.base/java.util.stream.ForEachOps$ForEachOp$OfRef.evaluateParallel(ForEachOps.java:176)
12-06-2026 11:48:38.914 [java] [ERROR] 	at java.base/java.util.stream.AbstractPipeline.evaluate(AbstractPipeline.java:264)
12-06-2026 11:48:38.915 [java] [ERROR] 	at java.base/java.util.stream.ReferencePipeline.forEach(ReferencePipeline.java:632)
12-06-2026 11:48:38.915 [java] [ERROR] 	at java.base/java.util.stream.ReferencePipeline$Head.forEach(ReferencePipeline.java:806)
12-06-2026 11:48:38.915 [java] [ERROR] 	at org.reflections.Reflections.scan(Reflections.java:173)
12-06-2026 11:48:38.915 [java] [ERROR] 	at org.reflections.Reflections.<init>(Reflections.java:126)
12-06-2026 11:48:38.915 [java] [ERROR] 	at com.thoughtworks.gauge.execution.parameters.parsers.base.ParameterParsingChain.createReflections(ParameterParsingChain.java:47)
12-06-2026 11:48:38.915 [java] [ERROR] 	at com.thoughtworks.gauge.execution.parameters.parsers.base.ParameterParsingChain.<init>(ParameterParsingChain.java:33)
12-06-2026 11:48:38.915 [java] [ERROR] 	at com.thoughtworks.gauge.connection.MessageProcessorFactory.initializeExecutionMessageProcessors(MessageProcessorFactory.java:91)
12-06-2026 11:48:38.915 [java] [ERROR] 	at com.thoughtworks.gauge.connection.MessageProcessorFactory.getProcessor(MessageProcessorFactory.java:66)
12-06-2026 11:48:38.915 [java] [ERROR] 	at com.thoughtworks.gauge.RunnerServiceHandler.lambda$validateStep$17(RunnerServiceHandler.java:332)
12-06-2026 11:48:38.915 [java] [ERROR] 	at java.base/java.util.concurrent.ThreadPoolExecutor.runWorker(ThreadPoolExecutor.java:1090)
12-06-2026 11:48:38.915 [java] [ERROR] 	at java.base/java.util.concurrent.ThreadPoolExecutor$Worker.run(ThreadPoolExecutor.java:614)
12-06-2026 11:48:38.915 [java] [ERROR] 	at java.base/java.lang.Thread.run(Thread.java:1516)
12-06-2026 11:48:38.915 [java] [ERROR] [ForkJoinPool.commonPool-worker-3] WARN org.reflections.Reflections - could not create Dir using com.thoughtworks.gauge.scan.ClasspathScanner$1@440b067b from url file:/C:/Users/a.basaleh/.jdks/openjdk-26.0.1!/jdk.compiler. skipping.
12-06-2026 11:48:38.915 [java] [ERROR] java.lang.NullPointerException: Cannot invoke "java.io.File.isDirectory()" because "file" is null
12-06-2026 11:48:38.915 [java] [ERROR] 	at com.thoughtworks.gauge.scan.ClasspathScanner$1.createDir(ClasspathScanner.java:48)
12-06-2026 11:48:38.915 [java] [ERROR] 	at org.reflections.vfs.Vfs.fromURL(Vfs.java:103)
12-06-2026 11:48:38.915 [java] [ERROR] 	at org.reflections.vfs.Vfs.fromURL(Vfs.java:95)
12-06-2026 11:48:38.915 [java] [ERROR] 	at org.reflections.Reflections.lambda$scan$2(Reflections.java:176)
12-06-2026 11:48:38.915 [java] [ERROR] 	at java.base/java.util.stream.ForEachOps$ForEachOp$OfRef.accept(ForEachOps.java:186)
12-06-2026 11:48:38.915 [java] [ERROR] 	at java.base/java.util.HashMap$KeySpliterator.forEachRemaining(HashMap.java:1716)
12-06-2026 11:48:38.915 [java] [ERROR] 	at java.base/java.util.stream.AbstractPipeline.copyInto(AbstractPipeline.java:570)
12-06-2026 11:48:38.915 [java] [ERROR] 	at java.base/java.util.stream.ForEachOps$ForEachTask.compute(ForEachOps.java:293)
12-06-2026 11:48:38.915 [java] [ERROR] 	at java.base/java.util.concurrent.CountedCompleter.exec(CountedCompleter.java:759)
12-06-2026 11:48:38.915 [java] [ERROR] 	at java.base/java.util.concurrent.ForkJoinTask.doExec(ForkJoinTask.java:511)
12-06-2026 11:48:38.915 [java] [ERROR] 	at java.base/java.util.concurrent.ForkJoinPool$WorkQueue.topLevelExec(ForkJoinPool.java:1450)
12-06-2026 11:48:38.915 [java] [ERROR] 	at java.base/java.util.concurrent.ForkJoinPool.runWorker(ForkJoinPool.java:2019)
12-06-2026 11:48:38.915 [java] [ERROR] 	at java.base/java.util.concurrent.ForkJoinWorkerThread.run(ForkJoinWorkerThread.java:187)
12-06-2026 11:48:38.915 [java] [ERROR] [ForkJoinPool.commonPool-worker-3] WARN org.reflections.Reflections - could not create Vfs.Dir from url. ignoring the exception and continuing
12-06-2026 11:48:38.916 [java] [ERROR] org.reflections.ReflectionsException: could not create Vfs.Dir from url, no matching UrlType was found [file:/C:/Users/a.basaleh/.jdks/openjdk-26.0.1!/jdk.compiler]
12-06-2026 11:48:38.916 [java] [ERROR] either use fromURL(final URL url, final List<UrlType> urlTypes) or use the static setDefaultURLTypes(final List<UrlType> urlTypes) or addDefaultURLTypes(UrlType urlType) with your specialized UrlType.
12-06-2026 11:48:38.916 [java] [ERROR] 	at org.reflections.vfs.Vfs.fromURL(Vfs.java:113)
12-06-2026 11:48:38.916 [java] [ERROR] 	at org.reflections.vfs.Vfs.fromURL(Vfs.java:95)
12-06-2026 11:48:38.916 [java] [ERROR] 	at org.reflections.Reflections.lambda$scan$2(Reflections.java:176)
12-06-2026 11:48:38.916 [java] [ERROR] 	at java.base/java.util.stream.ForEachOps$ForEachOp$OfRef.accept(ForEachOps.java:186)
12-06-2026 11:48:38.916 [java] [ERROR] 	at java.base/java.util.HashMap$KeySpliterator.forEachRemaining(HashMap.java:1716)
12-06-2026 11:48:38.916 [java] [ERROR] 	at java.base/java.util.stream.AbstractPipeline.copyInto(AbstractPipeline.java:570)
12-06-2026 11:48:38.916 [java] [ERROR] 	at java.base/java.util.stream.ForEachOps$ForEachTask.compute(ForEachOps.java:293)
12-06-2026 11:48:38.916 [java] [ERROR] 	at java.base/java.util.concurrent.CountedCompleter.exec(CountedCompleter.java:759)
12-06-2026 11:48:38.916 [java] [ERROR] 	at java.base/java.util.concurrent.ForkJoinTask.doExec(ForkJoinTask.java:511)
12-06-2026 11:48:38.916 [java] [ERROR] 	at java.base/java.util.concurrent.ForkJoinPool$WorkQueue.topLevelExec(ForkJoinPool.java:1450)
12-06-2026 11:48:38.916 [java] [ERROR] 	at java.base/java.util.concurrent.ForkJoinPool.runWorker(ForkJoinPool.java:2019)
12-06-2026 11:48:38.916 [java] [ERROR] 	at java.base/java.util.concurrent.ForkJoinWorkerThread.run(ForkJoinWorkerThread.java:187)
12-06-2026 11:48:38.916 [java] [ERROR] [ForkJoinPool.commonPool-worker-3] WARN org.reflections.Reflections - could not create Dir using com.thoughtworks.gauge.scan.ClasspathScanner$1@440b067b from url file:/C:/Users/a.basaleh/.jdks/openjdk-26.0.1!/jdk.net. skipping.
12-06-2026 11:48:38.916 [java] [ERROR] java.lang.NullPointerException: Cannot invoke "java.io.File.isDirectory()" because "file" is null
12-06-2026 11:48:38.916 [java] [ERROR] 	at com.thoughtworks.gauge.scan.ClasspathScanner$1.createDir(ClasspathScanner.java:48)
12-06-2026 11:48:38.916 [java] [ERROR] 	at org.reflections.vfs.Vfs.fromURL(Vfs.java:103)
12-06-2026 11:48:38.916 [java] [ERROR] 	at org.reflections.vfs.Vfs.fromURL(Vfs.java:95)
12-06-2026 11:48:38.916 [java] [ERROR] 	at org.reflections.Reflections.lambda$scan$2(Reflections.java:176)
12-06-2026 11:48:38.916 [java] [ERROR] 	at java.base/java.util.stream.ForEachOps$ForEachOp$OfRef.accept(ForEachOps.java:186)
12-06-2026 11:48:38.916 [java] [ERROR] 	at java.base/java.util.HashMap$KeySpliterator.forEachRemaining(HashMap.java:1716)
12-06-2026 11:48:38.916 [java] [ERROR] 	at java.base/java.util.stream.AbstractPipeline.copyInto(AbstractPipeline.java:570)
12-06-2026 11:48:38.916 [java] [ERROR] 	at java.base/java.util.stream.ForEachOps$ForEachTask.compute(ForEachOps.java:293)
12-06-2026 11:48:38.916 [java] [ERROR] 	at java.base/java.util.concurrent.CountedCompleter.exec(CountedCompleter.java:759)
12-06-2026 11:48:38.916 [java] [ERROR] 	at java.base/java.util.concurrent.ForkJoinTask.doExec(ForkJoinTask.java:511)
12-06-2026 11:48:38.916 [java] [ERROR] 	at java.base/java.util.concurrent.ForkJoinPool$WorkQueue.topLevelExec(ForkJoinPool.java:1450)
12-06-2026 11:48:38.916 [java] [ERROR] 	at java.base/java.util.concurrent.ForkJoinPool.runWorker(ForkJoinPool.java:2019)
12-06-2026 11:48:38.916 [java] [ERROR] 	at java.base/java.util.concurrent.ForkJoinWorkerThread.run(ForkJoinWorkerThread.java:187)
12-06-2026 11:48:38.916 [java] [ERROR] [ForkJoinPool.commonPool-worker-2] WARN org.reflections.Reflections - could not create Vfs.Dir from url. ignoring the exception and continuing
12-06-2026 11:48:38.916 [java] [ERROR] org.reflections.ReflectionsException: could not create Vfs.Dir from url, no matching UrlType was found [file:/C:/Users/a.basaleh/.jdks/openjdk-26.0.1!/jdk.internal.jvmstat]
12-06-2026 11:48:38.916 [java] [ERROR] either use fromURL(final URL url, final List<UrlType> urlTypes) or use the static setDefaultURLTypes(final List<UrlType> urlTypes) or addDefaultURLTypes(UrlType urlType) with your specialized UrlType.
12-06-2026 11:48:38.916 [java] [ERROR] 	at org.reflections.vfs.Vfs.fromURL(Vfs.java:113)
12-06-2026 11:48:38.916 [java] [ERROR] 	at org.reflections.vfs.Vfs.fromURL(Vfs.java:95)
12-06-2026 11:48:38.917 [java] [ERROR] 	at org.reflections.Reflections.lambda$scan$2(Reflections.java:176)
12-06-2026 11:48:38.917 [java] [ERROR] 	at java.base/java.util.stream.ForEachOps$ForEachOp$OfRef.accept(ForEachOps.java:186)
12-06-2026 11:48:38.917 [java] [ERROR] 	at java.base/java.util.HashMap$KeySpliterator.forEachRemaining(HashMap.java:1716)
12-06-2026 11:48:38.917 [java] [ERROR] 	at java.base/java.util.stream.AbstractPipeline.copyInto(AbstractPipeline.java:570)
12-06-2026 11:48:38.917 [java] [ERROR] 	at java.base/java.util.stream.ForEachOps$ForEachTask.compute(ForEachOps.java:293)
12-06-2026 11:48:38.917 [java] [ERROR] 	at java.base/java.util.concurrent.CountedCompleter.exec(CountedCompleter.java:759)
12-06-2026 11:48:38.917 [java] [ERROR] 	at java.base/java.util.concurrent.ForkJoinTask.doExec(ForkJoinTask.java:511)
12-06-2026 11:48:38.917 [java] [ERROR] 	at java.base/java.util.concurrent.ForkJoinPool$WorkQueue.topLevelExec(ForkJoinPool.java:1450)
12-06-2026 11:48:38.917 [java] [ERROR] 	at java.base/java.util.concurrent.ForkJoinPool.runWorker(ForkJoinPool.java:2019)
12-06-2026 11:48:38.917 [java] [ERROR] 	at java.base/java.util.concurrent.ForkJoinWorkerThread.run(ForkJoinWorkerThread.java:187)
12-06-2026 11:48:38.917 [java] [ERROR] [ForkJoinPool.commonPool-worker-7] WARN org.reflections.Reflections - could not create Dir using com.thoughtworks.gauge.scan.ClasspathScanner$1@440b067b from url file:/C:/Users/a.basaleh/.jdks/openjdk-26.0.1!/jdk.jshell. skipping.
12-06-2026 11:48:38.917 [java] [ERROR] java.lang.NullPointerException: Cannot invoke "java.io.File.isDirectory()" because "file" is null
12-06-2026 11:48:38.917 [java] [ERROR] 	at com.thoughtworks.gauge.scan.ClasspathScanner$1.createDir(ClasspathScanner.java:48)
12-06-2026 11:48:38.917 [java] [ERROR] 	at org.reflections.vfs.Vfs.fromURL(Vfs.java:103)
12-06-2026 11:48:38.917 [java] [ERROR] 	at org.reflections.vfs.Vfs.fromURL(Vfs.java:95)
12-06-2026 11:48:38.917 [java] [ERROR] 	at org.reflections.Reflections.lambda$scan$2(Reflections.java:176)
12-06-2026 11:48:38.917 [java] [ERROR] 	at java.base/java.util.stream.ForEachOps$ForEachOp$OfRef.accept(ForEachOps.java:186)
12-06-2026 11:48:38.917 [java] [ERROR] 	at java.base/java.util.HashMap$KeySpliterator.forEachRemaining(HashMap.java:1716)
12-06-2026 11:48:38.917 [java] [ERROR] 	at java.base/java.util.stream.AbstractPipeline.copyInto(AbstractPipeline.java:570)
12-06-2026 11:48:38.917 [java] [ERROR] 	at java.base/java.util.stream.ForEachOps$ForEachTask.compute(ForEachOps.java:293)
12-06-2026 11:48:38.917 [java] [ERROR] 	at java.base/java.util.concurrent.CountedCompleter.exec(CountedCompleter.java:759)
12-06-2026 11:48:38.917 [java] [ERROR] 	at java.base/java.util.concurrent.ForkJoinTask.doExec(ForkJoinTask.java:511)
12-06-2026 11:48:38.917 [java] [ERROR] 	at java.base/java.util.concurrent.ForkJoinPool$WorkQueue.topLevelExec(ForkJoinPool.java:1450)
12-06-2026 11:48:38.917 [java] [ERROR] 	at java.base/java.util.concurrent.ForkJoinPool.runWorker(ForkJoinPool.java:2019)
12-06-2026 11:48:38.917 [java] [ERROR] 	at java.base/java.util.concurrent.ForkJoinWorkerThread.run(ForkJoinWorkerThread.java:187)
12-06-2026 11:48:38.917 [java] [ERROR] [ForkJoinPool.commonPool-worker-11] WARN org.reflections.Reflections - could not create Dir using com.thoughtworks.gauge.scan.ClasspathScanner$1@440b067b from url file:/C:/Users/a.basaleh/.jdks/openjdk-26.0.1!/java.instrument. skipping.
12-06-2026 11:48:38.917 [java] [ERROR] java.lang.NullPointerException: Cannot invoke "java.io.File.isDirectory()" because "file" is null
12-06-2026 11:48:38.917 [java] [ERROR] 	at com.thoughtworks.gauge.scan.ClasspathScanner$1.createDir(ClasspathScanner.java:48)
12-06-2026 11:48:38.917 [java] [ERROR] 	at org.reflections.vfs.Vfs.fromURL(Vfs.java:103)
12-06-2026 11:48:38.917 [java] [ERROR] 	at org.reflections.vfs.Vfs.fromURL(Vfs.java:95)
12-06-2026 11:48:38.917 [java] [ERROR] 	at org.reflections.Reflections.lambda$scan$2(Reflections.java:176)
12-06-2026 11:48:38.917 [java] [ERROR] 	at java.base/java.util.stream.ForEachOps$ForEachOp$OfRef.accept(ForEachOps.java:186)
12-06-2026 11:48:38.917 [java] [ERROR] 	at java.base/java.util.HashMap$KeySpliterator.forEachRemaining(HashMap.java:1716)
12-06-2026 11:48:38.917 [java] [ERROR] 	at java.base/java.util.stream.AbstractPipeline.copyInto(AbstractPipeline.java:570)
12-06-2026 11:48:38.917 [java] [ERROR] 	at java.base/java.util.stream.ForEachOps$ForEachTask.compute(ForEachOps.java:293)
12-06-2026 11:48:38.917 [java] [ERROR] 	at java.base/java.util.concurrent.CountedCompleter.exec(CountedCompleter.java:759)
12-06-2026 11:48:38.917 [java] [ERROR] 	at java.base/java.util.concurrent.ForkJoinTask.doExec(ForkJoinTask.java:511)
12-06-2026 11:48:38.917 [java] [ERROR] 	at java.base/java.util.concurrent.ForkJoinPool$WorkQueue.topLevelExec(ForkJoinPool.java:1450)
12-06-2026 11:48:38.917 [java] [ERROR] 	at java.base/java.util.concurrent.ForkJoinPool.runWorker(ForkJoinPool.java:2019)
12-06-2026 11:48:38.917 [java] [ERROR] 	at java.base/java.util.concurrent.ForkJoinWorkerThread.run(ForkJoinWorkerThread.java:187)
12-06-2026 11:48:38.917 [java] [ERROR] [pool-2-thread-1] WARN org.reflections.Reflections - could not create Vfs.Dir from url. ignoring the exception and continuing
12-06-2026 11:48:38.917 [java] [ERROR] org.reflections.ReflectionsException: could not create Vfs.Dir from url, no matching UrlType was found [file:/C:/Users/a.basaleh/.jdks/openjdk-26.0.1!/java.sql]
12-06-2026 11:48:38.917 [java] [ERROR] either use fromURL(final URL url, final List<UrlType> urlTypes) or use the static setDefaultURLTypes(final List<UrlType> urlTypes) or addDefaultURLTypes(UrlType urlType) with your specialized UrlType.
12-06-2026 11:48:38.917 [java] [ERROR] 	at org.reflections.vfs.Vfs.fromURL(Vfs.java:113)
12-06-2026 11:48:38.917 [java] [ERROR] 	at org.reflections.vfs.Vfs.fromURL(Vfs.java:95)
12-06-2026 11:48:38.919 [java] [ERROR] 	at org.reflections.Reflections.lambda$scan$2(Reflections.java:176)
12-06-2026 11:48:38.919 [java] [ERROR] 	at java.base/java.util.stream.ForEachOps$ForEachOp$OfRef.accept(ForEachOps.java:186)
12-06-2026 11:48:38.919 [java] [ERROR] 	at java.base/java.util.HashMap$KeySpliterator.forEachRemaining(HashMap.java:1716)
12-06-2026 11:48:38.919 [java] [ERROR] 	at java.base/java.util.stream.AbstractPipeline.copyInto(AbstractPipeline.java:570)
12-06-2026 11:48:38.919 [java] [ERROR] 	at java.base/java.util.stream.ForEachOps$ForEachTask.compute(ForEachOps.java:293)
12-06-2026 11:48:38.919 [java] [ERROR] 	at java.base/java.util.concurrent.CountedCompleter.exec(CountedCompleter.java:759)
12-06-2026 11:48:38.919 [java] [ERROR] 	at java.base/java.util.concurrent.ForkJoinTask.doExec(ForkJoinTask.java:511)
12-06-2026 11:48:38.919 [java] [ERROR] 	at java.base/java.util.concurrent.ForkJoinPool$WorkQueue.helpComplete(ForkJoinPool.java:1537)
12-06-2026 11:48:38.919 [java] [ERROR] 	at java.base/java.util.concurrent.ForkJoinPool.helpComplete(ForkJoinPool.java:2332)
12-06-2026 11:48:38.919 [java] [ERROR] 	at java.base/java.util.concurrent.ForkJoinTask.awaitDone(ForkJoinTask.java:497)
12-06-2026 11:48:38.919 [java] [ERROR] 	at java.base/java.util.concurrent.ForkJoinTask.join(ForkJoinTask.java:669)
12-06-2026 11:48:38.919 [java] [ERROR] 	at java.base/java.util.concurrent.ForkJoinTask.invoke(ForkJoinTask.java:684)
12-06-2026 11:48:38.919 [java] [ERROR] 	at java.base/java.util.stream.ForEachOps$ForEachOp.evaluateParallel(ForEachOps.java:162)
12-06-2026 11:48:38.919 [java] [ERROR] 	at java.base/java.util.stream.ForEachOps$ForEachOp$OfRef.evaluateParallel(ForEachOps.java:176)
12-06-2026 11:48:38.919 [java] [ERROR] 	at java.base/java.util.stream.AbstractPipeline.evaluate(AbstractPipeline.java:264)
12-06-2026 11:48:38.919 [java] [ERROR] 	at java.base/java.util.stream.ReferencePipeline.forEach(ReferencePipeline.java:632)
12-06-2026 11:48:38.919 [java] [ERROR] 	at java.base/java.util.stream.ReferencePipeline$Head.forEach(ReferencePipeline.java:806)
12-06-2026 11:48:38.919 [java] [ERROR] 	at org.reflections.Reflections.scan(Reflections.java:173)
12-06-2026 11:48:38.919 [java] [ERROR] 	at org.reflections.Reflections.<init>(Reflections.java:126)
12-06-2026 11:48:38.919 [java] [ERROR] 	at com.thoughtworks.gauge.execution.parameters.parsers.base.ParameterParsingChain.createReflections(ParameterParsingChain.java:47)
12-06-2026 11:48:38.919 [java] [ERROR] 	at com.thoughtworks.gauge.execution.parameters.parsers.base.ParameterParsingChain.<init>(ParameterParsingChain.java:33)
12-06-2026 11:48:38.919 [java] [ERROR] 	at com.thoughtworks.gauge.connection.MessageProcessorFactory.initializeExecutionMessageProcessors(MessageProcessorFactory.java:91)
12-06-2026 11:48:38.919 [java] [ERROR] 	at com.thoughtworks.gauge.connection.MessageProcessorFactory.getProcessor(MessageProcessorFactory.java:66)
12-06-2026 11:48:38.919 [java] [ERROR] 	at com.thoughtworks.gauge.RunnerServiceHandler.lambda$validateStep$17(RunnerServiceHandler.java:332)
12-06-2026 11:48:38.919 [java] [ERROR] 	at java.base/java.util.concurrent.ThreadPoolExecutor.runWorker(ThreadPoolExecutor.java:1090)
12-06-2026 11:48:38.919 [java] [ERROR] 	at java.base/java.util.concurrent.ThreadPoolExecutor$Worker.run(ThreadPoolExecutor.java:614)
12-06-2026 11:48:38.919 [java] [ERROR] 	at java.base/java.lang.Thread.run(Thread.java:1516)
12-06-2026 11:48:38.919 [java] [ERROR] [ForkJoinPool.commonPool-worker-10] WARN org.reflections.Reflections - could not create Dir using com.thoughtworks.gauge.scan.ClasspathScanner$1@440b067b from url file:/C:/Users/a.basaleh/.jdks/openjdk-26.0.1!/jdk.security.jgss. skipping.
12-06-2026 11:48:38.919 [java] [ERROR] java.lang.NullPointerException: Cannot invoke "java.io.File.isDirectory()" because "file" is null
12-06-2026 11:48:38.919 [java] [ERROR] 	at com.thoughtworks.gauge.scan.ClasspathScanner$1.createDir(ClasspathScanner.java:48)
12-06-2026 11:48:38.919 [java] [ERROR] 	at org.reflections.vfs.Vfs.fromURL(Vfs.java:103)
12-06-2026 11:48:38.919 [java] [ERROR] 	at org.reflections.vfs.Vfs.fromURL(Vfs.java:95)
12-06-2026 11:48:38.919 [java] [ERROR] 	at org.reflections.Reflections.lambda$scan$2(Reflections.java:176)
12-06-2026 11:48:38.919 [java] [ERROR] 	at java.base/java.util.stream.ForEachOps$ForEachOp$OfRef.accept(ForEachOps.java:186)
12-06-2026 11:48:38.919 [java] [ERROR] 	at java.base/java.util.HashMap$KeySpliterator.forEachRemaining(HashMap.java:1716)
12-06-2026 11:48:38.919 [java] [ERROR] 	at java.base/java.util.stream.AbstractPipeline.copyInto(AbstractPipeline.java:570)
12-06-2026 11:48:38.919 [java] [ERROR] 	at java.base/java.util.stream.ForEachOps$ForEachTask.compute(ForEachOps.java:293)
12-06-2026 11:48:38.919 [java] [ERROR] 	at java.base/java.util.concurrent.CountedCompleter.exec(CountedCompleter.java:759)
12-06-2026 11:48:38.919 [java] [ERROR] 	at java.base/java.util.concurrent.ForkJoinTask.doExec(ForkJoinTask.java:511)
12-06-2026 11:48:38.919 [java] [ERROR] 	at java.base/java.util.concurrent.ForkJoinPool$WorkQueue.topLevelExec(ForkJoinPool.java:1450)
12-06-2026 11:48:38.919 [java] [ERROR] 	at java.base/java.util.concurrent.ForkJoinPool.runWorker(ForkJoinPool.java:2019)
12-06-2026 11:48:38.920 [java] [ERROR] 	at java.base/java.util.concurrent.ForkJoinWorkerThread.run(ForkJoinWorkerThread.java:187)
12-06-2026 11:48:38.920 [java] [ERROR] [ForkJoinPool.commonPool-worker-6] WARN org.reflections.Reflections - could not create Dir using com.thoughtworks.gauge.scan.ClasspathScanner$1@440b067b from url file:/C:/Users/a.basaleh/.jdks/openjdk-26.0.1!/jdk.jcmd. skipping.
12-06-2026 11:48:38.920 [java] [ERROR] java.lang.NullPointerException: Cannot invoke "java.io.File.isDirectory()" because "file" is null
12-06-2026 11:48:38.920 [java] [ERROR] 	at com.thoughtworks.gauge.scan.ClasspathScanner$1.createDir(ClasspathScanner.java:48)
12-06-2026 11:48:38.920 [java] [ERROR] 	at org.reflections.vfs.Vfs.fromURL(Vfs.java:103)
12-06-2026 11:48:38.920 [java] [ERROR] 	at org.reflections.vfs.Vfs.fromURL(Vfs.java:95)
12-06-2026 11:48:38.920 [java] [ERROR] 	at org.reflections.Reflections.lambda$scan$2(Reflections.java:176)
12-06-2026 11:48:38.920 [java] [ERROR] 	at java.base/java.util.stream.ForEachOps$ForEachOp$OfRef.accept(ForEachOps.java:186)
12-06-2026 11:48:38.920 [java] [ERROR] 	at java.base/java.util.HashMap$KeySpliterator.forEachRemaining(HashMap.java:1716)
12-06-2026 11:48:38.920 [java] [ERROR] 	at java.base/java.util.stream.AbstractPipeline.copyInto(AbstractPipeline.java:570)
12-06-2026 11:48:38.920 [java] [ERROR] 	at java.base/java.util.stream.ForEachOps$ForEachTask.compute(ForEachOps.java:293)
12-06-2026 11:48:38.921 [java] [ERROR] 	at java.base/java.util.concurrent.CountedCompleter.exec(CountedCompleter.java:759)
12-06-2026 11:48:38.921 [java] [ERROR] 	at java.base/java.util.concurrent.ForkJoinTask.doExec(ForkJoinTask.java:511)
12-06-2026 11:48:38.921 [java] [ERROR] 	at java.base/java.util.concurrent.ForkJoinPool$WorkQueue.topLevelExec(ForkJoinPool.java:1450)
12-06-2026 11:48:38.921 [java] [ERROR] 	at java.base/java.util.concurrent.ForkJoinPool.runWorker(ForkJoinPool.java:2019)
12-06-2026 11:48:38.921 [java] [ERROR] 	at java.base/java.util.concurrent.ForkJoinWorkerThread.run(ForkJoinWorkerThread.java:187)
12-06-2026 11:48:38.921 [java] [ERROR] [ForkJoinPool.commonPool-worker-3] WARN org.reflections.Reflections - could not create Vfs.Dir from url. ignoring the exception and continuing
12-06-2026 11:48:38.921 [java] [ERROR] org.reflections.ReflectionsException: could not create Vfs.Dir from url, no matching UrlType was found [file:/C:/Users/a.basaleh/.jdks/openjdk-26.0.1!/jdk.net]
12-06-2026 11:48:38.921 [java] [ERROR] either use fromURL(final URL url, final List<UrlType> urlTypes) or use the static setDefaultURLTypes(final List<UrlType> urlTypes) or addDefaultURLTypes(UrlType urlType) with your specialized UrlType.
12-06-2026 11:48:38.921 [java] [ERROR] 	at org.reflections.vfs.Vfs.fromURL(Vfs.java:113)
12-06-2026 11:48:38.921 [java] [ERROR] 	at org.reflections.vfs.Vfs.fromURL(Vfs.java:95)
12-06-2026 11:48:38.921 [java] [ERROR] 	at org.reflections.Reflections.lambda$scan$2(Reflections.java:176)
12-06-2026 11:48:38.921 [java] [ERROR] 	at java.base/java.util.stream.ForEachOps$ForEachOp$OfRef.accept(ForEachOps.java:186)
12-06-2026 11:48:38.921 [java] [ERROR] 	at java.base/java.util.HashMap$KeySpliterator.forEachRemaining(HashMap.java:1716)
12-06-2026 11:48:38.921 [java] [ERROR] 	at java.base/java.util.stream.AbstractPipeline.copyInto(AbstractPipeline.java:570)
12-06-2026 11:48:38.921 [java] [ERROR] 	at java.base/java.util.stream.ForEachOps$ForEachTask.compute(ForEachOps.java:293)
12-06-2026 11:48:38.921 [java] [ERROR] 	at java.base/java.util.concurrent.CountedCompleter.exec(CountedCompleter.java:759)
12-06-2026 11:48:38.921 [java] [ERROR] 	at java.base/java.util.concurrent.ForkJoinTask.doExec(ForkJoinTask.java:511)
12-06-2026 11:48:38.921 [java] [ERROR] 	at java.base/java.util.concurrent.ForkJoinPool$WorkQueue.topLevelExec(ForkJoinPool.java:1450)
12-06-2026 11:48:38.921 [java] [ERROR] 	at java.base/java.util.concurrent.ForkJoinPool.runWorker(ForkJoinPool.java:2019)
12-06-2026 11:48:38.921 [java] [ERROR] 	at java.base/java.util.concurrent.ForkJoinWorkerThread.run(ForkJoinWorkerThread.java:187)
12-06-2026 11:48:38.921 [java] [ERROR] [ForkJoinPool.commonPool-worker-2] WARN org.reflections.Reflections - could not create Dir using com.thoughtworks.gauge.scan.ClasspathScanner$1@440b067b from url file:/C:/Users/a.basaleh/.jdks/openjdk-26.0.1!/jdk.accessibility. skipping.
12-06-2026 11:48:38.921 [java] [ERROR] java.lang.NullPointerException: Cannot invoke "java.io.File.isDirectory()" because "file" is null
12-06-2026 11:48:38.921 [java] [ERROR] 	at com.thoughtworks.gauge.scan.ClasspathScanner$1.createDir(ClasspathScanner.java:48)
12-06-2026 11:48:38.921 [java] [ERROR] 	at org.reflections.vfs.Vfs.fromURL(Vfs.java:103)
12-06-2026 11:48:38.921 [java] [ERROR] 	at org.reflections.vfs.Vfs.fromURL(Vfs.java:95)
12-06-2026 11:48:38.921 [java] [ERROR] 	at org.reflections.Reflections.lambda$scan$2(Reflections.java:176)
12-06-2026 11:48:38.921 [java] [ERROR] 	at java.base/java.util.stream.ForEachOps$ForEachOp$OfRef.accept(ForEachOps.java:186)
12-06-2026 11:48:38.921 [java] [ERROR] 	at java.base/java.util.HashMap$KeySpliterator.forEachRemaining(HashMap.java:1716)
12-06-2026 11:48:38.921 [java] [ERROR] 	at java.base/java.util.stream.AbstractPipeline.copyInto(AbstractPipeline.java:570)
12-06-2026 11:48:38.921 [java] [ERROR] 	at java.base/java.util.stream.ForEachOps$ForEachTask.compute(ForEachOps.java:293)
12-06-2026 11:48:38.921 [java] [ERROR] 	at java.base/java.util.concurrent.CountedCompleter.exec(CountedCompleter.java:759)
12-06-2026 11:48:38.921 [java] [ERROR] 	at java.base/java.util.concurrent.ForkJoinTask.doExec(ForkJoinTask.java:511)
12-06-2026 11:48:38.921 [java] [ERROR] 	at java.base/java.util.concurrent.ForkJoinPool$WorkQueue.topLevelExec(ForkJoinPool.java:1450)
12-06-2026 11:48:38.921 [java] [ERROR] 	at java.base/java.util.concurrent.ForkJoinPool.runWorker(ForkJoinPool.java:2019)
12-06-2026 11:48:38.921 [java] [ERROR] 	at java.base/java.util.concurrent.ForkJoinWorkerThread.run(ForkJoinWorkerThread.java:187)
12-06-2026 11:48:38.922 [java] [ERROR] [ForkJoinPool.commonPool-worker-7] WARN org.reflections.Reflections - could not create Vfs.Dir from url. ignoring the exception and continuing
12-06-2026 11:48:38.922 [java] [ERROR] org.reflections.ReflectionsException: could not create Vfs.Dir from url, no matching UrlType was found [file:/C:/Users/a.basaleh/.jdks/openjdk-26.0.1!/jdk.jshell]
12-06-2026 11:48:38.922 [java] [ERROR] either use fromURL(final URL url, final List<UrlType> urlTypes) or use the static setDefaultURLTypes(final List<UrlType> urlTypes) or addDefaultURLTypes(UrlType urlType) with your specialized UrlType.
12-06-2026 11:48:38.922 [java] [ERROR] 	at org.reflections.vfs.Vfs.fromURL(Vfs.java:113)
12-06-2026 11:48:38.922 [java] [ERROR] 	at org.reflections.vfs.Vfs.fromURL(Vfs.java:95)
12-06-2026 11:48:38.922 [java] [ERROR] 	at org.reflections.Reflections.lambda$scan$2(Reflections.java:176)
12-06-2026 11:48:38.922 [java] [ERROR] 	at java.base/java.util.stream.ForEachOps$ForEachOp$OfRef.accept(ForEachOps.java:186)
12-06-2026 11:48:38.922 [java] [ERROR] 	at java.base/java.util.HashMap$KeySpliterator.forEachRemaining(HashMap.java:1716)
12-06-2026 11:48:38.922 [java] [ERROR] 	at java.base/java.util.stream.AbstractPipeline.copyInto(AbstractPipeline.java:570)
12-06-2026 11:48:38.922 [java] [ERROR] 	at java.base/java.util.stream.ForEachOps$ForEachTask.compute(ForEachOps.java:293)
12-06-2026 11:48:38.922 [java] [ERROR] 	at java.base/java.util.concurrent.CountedCompleter.exec(CountedCompleter.java:759)
12-06-2026 11:48:38.922 [java] [ERROR] 	at java.base/java.util.concurrent.ForkJoinTask.doExec(ForkJoinTask.java:511)
12-06-2026 11:48:38.922 [java] [ERROR] 	at java.base/java.util.concurrent.ForkJoinPool$WorkQueue.topLevelExec(ForkJoinPool.java:1450)
12-06-2026 11:48:38.922 [java] [ERROR] 	at java.base/java.util.concurrent.ForkJoinPool.runWorker(ForkJoinPool.java:2019)
12-06-2026 11:48:38.922 [java] [ERROR] 	at java.base/java.util.concurrent.ForkJoinWorkerThread.run(ForkJoinWorkerThread.java:187)
12-06-2026 11:48:38.922 [java] [ERROR] [ForkJoinPool.commonPool-worker-11] WARN org.reflections.Reflections - could not create Vfs.Dir from url. ignoring the exception and continuing
12-06-2026 11:48:38.923 [java] [ERROR] org.reflections.ReflectionsException: could not create Vfs.Dir from url, no matching UrlType was found [file:/C:/Users/a.basaleh/.jdks/openjdk-26.0.1!/java.instrument]
12-06-2026 11:48:38.923 [java] [ERROR] either use fromURL(final URL url, final List<UrlType> urlTypes) or use the static setDefaultURLTypes(final List<UrlType> urlTypes) or addDefaultURLTypes(UrlType urlType) with your specialized UrlType.
12-06-2026 11:48:38.923 [java] [ERROR] 	at org.reflections.vfs.Vfs.fromURL(Vfs.java:113)
12-06-2026 11:48:38.923 [java] [ERROR] 	at org.reflections.vfs.Vfs.fromURL(Vfs.java:95)
12-06-2026 11:48:38.924 [java] [ERROR] 	at org.reflections.Reflections.lambda$scan$2(Reflections.java:176)
12-06-2026 11:48:38.924 [java] [ERROR] 	at java.base/java.util.stream.ForEachOps$ForEachOp$OfRef.accept(ForEachOps.java:186)
12-06-2026 11:48:38.924 [java] [ERROR] 	at java.base/java.util.HashMap$KeySpliterator.forEachRemaining(HashMap.java:1716)
12-06-2026 11:48:38.924 [java] [ERROR] 	at java.base/java.util.stream.AbstractPipeline.copyInto(AbstractPipeline.java:570)
12-06-2026 11:48:38.924 [java] [ERROR] 	at java.base/java.util.stream.ForEachOps$ForEachTask.compute(ForEachOps.java:293)
12-06-2026 11:48:38.924 [java] [ERROR] 	at java.base/java.util.concurrent.CountedCompleter.exec(CountedCompleter.java:759)
12-06-2026 11:48:38.924 [java] [ERROR] 	at java.base/java.util.concurrent.ForkJoinTask.doExec(ForkJoinTask.java:511)
12-06-2026 11:48:38.924 [java] [ERROR] 	at java.base/java.util.concurrent.ForkJoinPool$WorkQueue.topLevelExec(ForkJoinPool.java:1450)
12-06-2026 11:48:38.924 [java] [ERROR] 	at java.base/java.util.concurrent.ForkJoinPool.runWorker(ForkJoinPool.java:2019)
12-06-2026 11:48:38.924 [java] [ERROR] 	at java.base/java.util.concurrent.ForkJoinWorkerThread.run(ForkJoinWorkerThread.java:187)
12-06-2026 11:48:38.924 [java] [ERROR] [pool-2-thread-1] WARN org.reflections.Reflections - could not create Dir using com.thoughtworks.gauge.scan.ClasspathScanner$1@440b067b from url file:/C:/Users/a.basaleh/.jdks/openjdk-26.0.1!/jdk.jartool. skipping.
12-06-2026 11:48:38.924 [java] [ERROR] java.lang.NullPointerException: Cannot invoke "java.io.File.isDirectory()" because "file" is null
12-06-2026 11:48:38.924 [java] [ERROR] 	at com.thoughtworks.gauge.scan.ClasspathScanner$1.createDir(ClasspathScanner.java:48)
12-06-2026 11:48:38.924 [java] [ERROR] 	at org.reflections.vfs.Vfs.fromURL(Vfs.java:103)
12-06-2026 11:48:38.924 [java] [ERROR] 	at org.reflections.vfs.Vfs.fromURL(Vfs.java:95)
12-06-2026 11:48:38.924 [java] [ERROR] 	at org.reflections.Reflections.lambda$scan$2(Reflections.java:176)
12-06-2026 11:48:38.924 [java] [ERROR] 	at java.base/java.util.stream.ForEachOps$ForEachOp$OfRef.accept(ForEachOps.java:186)
12-06-2026 11:48:38.924 [java] [ERROR] 	at java.base/java.util.HashMap$KeySpliterator.forEachRemaining(HashMap.java:1716)
12-06-2026 11:48:38.924 [java] [ERROR] 	at java.base/java.util.stream.AbstractPipeline.copyInto(AbstractPipeline.java:570)
12-06-2026 11:48:38.924 [java] [ERROR] 	at java.base/java.util.stream.ForEachOps$ForEachTask.compute(ForEachOps.java:293)
12-06-2026 11:48:38.924 [java] [ERROR] 	at java.base/java.util.concurrent.CountedCompleter.exec(CountedCompleter.java:759)
12-06-2026 11:48:38.924 [java] [ERROR] 	at java.base/java.util.concurrent.ForkJoinTask.doExec(ForkJoinTask.java:511)
12-06-2026 11:48:38.924 [java] [ERROR] 	at java.base/java.util.concurrent.ForkJoinPool$WorkQueue.helpComplete(ForkJoinPool.java:1537)
12-06-2026 11:48:38.924 [java] [ERROR] 	at java.base/java.util.concurrent.ForkJoinPool.helpComplete(ForkJoinPool.java:2332)
12-06-2026 11:48:38.924 [java] [ERROR] 	at java.base/java.util.concurrent.ForkJoinTask.awaitDone(ForkJoinTask.java:497)
12-06-2026 11:48:38.924 [java] [ERROR] 	at java.base/java.util.concurrent.ForkJoinTask.join(ForkJoinTask.java:669)
12-06-2026 11:48:38.924 [java] [ERROR] 	at java.base/java.util.concurrent.ForkJoinTask.invoke(ForkJoinTask.java:684)
12-06-2026 11:48:38.924 [java] [ERROR] 	at java.base/java.util.stream.ForEachOps$ForEachOp.evaluateParallel(ForEachOps.java:162)
12-06-2026 11:48:38.924 [java] [ERROR] 	at java.base/java.util.stream.ForEachOps$ForEachOp$OfRef.evaluateParallel(ForEachOps.java:176)
12-06-2026 11:48:38.924 [java] [ERROR] 	at java.base/java.util.stream.AbstractPipeline.evaluate(AbstractPipeline.java:264)
12-06-2026 11:48:38.924 [java] [ERROR] 	at java.base/java.util.stream.ReferencePipeline.forEach(ReferencePipeline.java:632)
12-06-2026 11:48:38.925 [java] [ERROR] 	at java.base/java.util.stream.ReferencePipeline$Head.forEach(ReferencePipeline.java:806)
12-06-2026 11:48:38.925 [java] [ERROR] 	at org.reflections.Reflections.scan(Reflections.java:173)
12-06-2026 11:48:38.925 [java] [ERROR] 	at org.reflections.Reflections.<init>(Reflections.java:126)
12-06-2026 11:48:38.925 [java] [ERROR] 	at com.thoughtworks.gauge.execution.parameters.parsers.base.ParameterParsingChain.createReflections(ParameterParsingChain.java:47)
12-06-2026 11:48:38.925 [java] [ERROR] 	at com.thoughtworks.gauge.execution.parameters.parsers.base.ParameterParsingChain.<init>(ParameterParsingChain.java:33)
12-06-2026 11:48:38.925 [java] [ERROR] 	at com.thoughtworks.gauge.connection.MessageProcessorFactory.initializeExecutionMessageProcessors(MessageProcessorFactory.java:91)
12-06-2026 11:48:38.925 [java] [ERROR] 	at com.thoughtworks.gauge.connection.MessageProcessorFactory.getProcessor(MessageProcessorFactory.java:66)
12-06-2026 11:48:38.925 [java] [ERROR] 	at com.thoughtworks.gauge.RunnerServiceHandler.lambda$validateStep$17(RunnerServiceHandler.java:332)
12-06-2026 11:48:38.925 [java] [ERROR] 	at java.base/java.util.concurrent.ThreadPoolExecutor.runWorker(ThreadPoolExecutor.java:1090)
12-06-2026 11:48:38.925 [java] [ERROR] 	at java.base/java.util.concurrent.ThreadPoolExecutor$Worker.run(ThreadPoolExecutor.java:614)
12-06-2026 11:48:38.925 [java] [ERROR] 	at java.base/java.lang.Thread.run(Thread.java:1516)
12-06-2026 11:48:38.925 [java] [ERROR] [ForkJoinPool.commonPool-worker-3] WARN org.reflections.Reflections - could not create Dir using com.thoughtworks.gauge.scan.ClasspathScanner$1@440b067b from url file:/C:/Users/a.basaleh/.jdks/openjdk-26.0.1!/java.desktop. skipping.
12-06-2026 11:48:38.925 [java] [ERROR] java.lang.NullPointerException: Cannot invoke "java.io.File.isDirectory()" because "file" is null
12-06-2026 11:48:38.925 [java] [ERROR] 	at com.thoughtworks.gauge.scan.ClasspathScanner$1.createDir(ClasspathScanner.java:48)
12-06-2026 11:48:38.925 [java] [ERROR] 	at org.reflections.vfs.Vfs.fromURL(Vfs.java:103)
12-06-2026 11:48:38.925 [java] [ERROR] 	at org.reflections.vfs.Vfs.fromURL(Vfs.java:95)
12-06-2026 11:48:38.925 [java] [ERROR] 	at org.reflections.Reflections.lambda$scan$2(Reflections.java:176)
12-06-2026 11:48:38.925 [java] [ERROR] 	at java.base/java.util.stream.ForEachOps$ForEachOp$OfRef.accept(ForEachOps.java:186)
12-06-2026 11:48:38.925 [java] [ERROR] 	at java.base/java.util.HashMap$KeySpliterator.forEachRemaining(HashMap.java:1716)
12-06-2026 11:48:38.925 [java] [ERROR] 	at java.base/java.util.stream.AbstractPipeline.copyInto(AbstractPipeline.java:570)
12-06-2026 11:48:38.926 [java] [ERROR] 	at java.base/java.util.stream.ForEachOps$ForEachTask.compute(ForEachOps.java:293)
12-06-2026 11:48:38.926 [java] [ERROR] 	at java.base/java.util.concurrent.CountedCompleter.exec(CountedCompleter.java:759)
12-06-2026 11:48:38.926 [java] [ERROR] 	at java.base/java.util.concurrent.ForkJoinTask.doExec(ForkJoinTask.java:511)
12-06-2026 11:48:38.926 [java] [ERROR] 	at java.base/java.util.concurrent.ForkJoinPool$WorkQueue.topLevelExec(ForkJoinPool.java:1450)
12-06-2026 11:48:38.926 [java] [ERROR] 	at java.base/java.util.concurrent.ForkJoinPool.runWorker(ForkJoinPool.java:2019)
12-06-2026 11:48:38.926 [java] [ERROR] 	at java.base/java.util.concurrent.ForkJoinWorkerThread.run(ForkJoinWorkerThread.java:187)
12-06-2026 11:48:38.926 [java] [ERROR] [ForkJoinPool.commonPool-worker-10] WARN org.reflections.Reflections - could not create Vfs.Dir from url. ignoring the exception and continuing
12-06-2026 11:48:38.926 [java] [ERROR] org.reflections.ReflectionsException: could not create Vfs.Dir from url, no matching UrlType was found [file:/C:/Users/a.basaleh/.jdks/openjdk-26.0.1!/jdk.security.jgss]
12-06-2026 11:48:38.926 [java] [ERROR] either use fromURL(final URL url, final List<UrlType> urlTypes) or use the static setDefaultURLTypes(final List<UrlType> urlTypes) or addDefaultURLTypes(UrlType urlType) with your specialized UrlType.
12-06-2026 11:48:38.926 [java] [ERROR] 	at org.reflections.vfs.Vfs.fromURL(Vfs.java:113)
12-06-2026 11:48:38.926 [java] [ERROR] 	at org.reflections.vfs.Vfs.fromURL(Vfs.java:95)
12-06-2026 11:48:38.926 [java] [ERROR] 	at org.reflections.Reflections.lambda$scan$2(Reflections.java:176)
12-06-2026 11:48:38.926 [java] [ERROR] 	at java.base/java.util.stream.ForEachOps$ForEachOp$OfRef.accept(ForEachOps.java:186)
12-06-2026 11:48:38.926 [java] [ERROR] 	at java.base/java.util.HashMap$KeySpliterator.forEachRemaining(HashMap.java:1716)
12-06-2026 11:48:38.926 [java] [ERROR] 	at java.base/java.util.stream.AbstractPipeline.copyInto(AbstractPipeline.java:570)
12-06-2026 11:48:38.926 [java] [ERROR] 	at java.base/java.util.stream.ForEachOps$ForEachTask.compute(ForEachOps.java:293)
12-06-2026 11:48:38.926 [java] [ERROR] 	at java.base/java.util.concurrent.CountedCompleter.exec(CountedCompleter.java:759)
12-06-2026 11:48:38.926 [java] [ERROR] 	at java.base/java.util.concurrent.ForkJoinTask.doExec(ForkJoinTask.java:511)
12-06-2026 11:48:38.926 [java] [ERROR] 	at java.base/java.util.concurrent.ForkJoinPool$WorkQueue.topLevelExec(ForkJoinPool.java:1450)
12-06-2026 11:48:38.926 [java] [ERROR] 	at java.base/java.util.concurrent.ForkJoinPool.runWorker(ForkJoinPool.java:2019)
12-06-2026 11:48:38.926 [java] [ERROR] 	at java.base/java.util.concurrent.ForkJoinWorkerThread.run(ForkJoinWorkerThread.java:187)
12-06-2026 11:48:38.926 [java] [ERROR] [ForkJoinPool.commonPool-worker-6] WARN org.reflections.Reflections - could not create Vfs.Dir from url. ignoring the exception and continuing
12-06-2026 11:48:38.926 [java] [ERROR] org.reflections.ReflectionsException: could not create Vfs.Dir from url, no matching UrlType was found [file:/C:/Users/a.basaleh/.jdks/openjdk-26.0.1!/jdk.jcmd]
12-06-2026 11:48:38.926 [java] [ERROR] either use fromURL(final URL url, final List<UrlType> urlTypes) or use the static setDefaultURLTypes(final List<UrlType> urlTypes) or addDefaultURLTypes(UrlType urlType) with your specialized UrlType.
12-06-2026 11:48:38.926 [java] [ERROR] 	at org.reflections.vfs.Vfs.fromURL(Vfs.java:113)
12-06-2026 11:48:38.926 [java] [ERROR] 	at org.reflections.vfs.Vfs.fromURL(Vfs.java:95)
12-06-2026 11:48:38.926 [java] [ERROR] 	at org.reflections.Reflections.lambda$scan$2(Reflections.java:176)
12-06-2026 11:48:38.926 [java] [ERROR] 	at java.base/java.util.stream.ForEachOps$ForEachOp$OfRef.accept(ForEachOps.java:186)
12-06-2026 11:48:38.926 [java] [ERROR] 	at java.base/java.util.HashMap$KeySpliterator.forEachRemaining(HashMap.java:1716)
12-06-2026 11:48:38.926 [java] [ERROR] 	at java.base/java.util.stream.AbstractPipeline.copyInto(AbstractPipeline.java:570)
12-06-2026 11:48:38.926 [java] [ERROR] 	at java.base/java.util.stream.ForEachOps$ForEachTask.compute(ForEachOps.java:293)
12-06-2026 11:48:38.926 [java] [ERROR] 	at java.base/java.util.concurrent.CountedCompleter.exec(CountedCompleter.java:759)
12-06-2026 11:48:38.926 [java] [ERROR] 	at java.base/java.util.concurrent.ForkJoinTask.doExec(ForkJoinTask.java:511)
12-06-2026 11:48:38.926 [java] [ERROR] 	at java.base/java.util.concurrent.ForkJoinPool$WorkQueue.topLevelExec(ForkJoinPool.java:1450)
12-06-2026 11:48:38.926 [java] [ERROR] 	at java.base/java.util.concurrent.ForkJoinPool.runWorker(ForkJoinPool.java:2019)
12-06-2026 11:48:38.926 [java] [ERROR] 	at java.base/java.util.concurrent.ForkJoinWorkerThread.run(ForkJoinWorkerThread.java:187)
12-06-2026 11:48:38.926 [java] [ERROR] [ForkJoinPool.commonPool-worker-2] WARN org.reflections.Reflections - could not create Vfs.Dir from url. ignoring the exception and continuing
12-06-2026 11:48:38.926 [java] [ERROR] org.reflections.ReflectionsException: could not create Vfs.Dir from url, no matching UrlType was found [file:/C:/Users/a.basaleh/.jdks/openjdk-26.0.1!/jdk.accessibility]
12-06-2026 11:48:38.926 [java] [ERROR] either use fromURL(final URL url, final List<UrlType> urlTypes) or use the static setDefaultURLTypes(final List<UrlType> urlTypes) or addDefaultURLTypes(UrlType urlType) with your specialized UrlType.
12-06-2026 11:48:38.926 [java] [ERROR] 	at org.reflections.vfs.Vfs.fromURL(Vfs.java:113)
12-06-2026 11:48:38.926 [java] [ERROR] 	at org.reflections.vfs.Vfs.fromURL(Vfs.java:95)
12-06-2026 11:48:38.926 [java] [ERROR] 	at org.reflections.Reflections.lambda$scan$2(Reflections.java:176)
12-06-2026 11:48:38.926 [java] [ERROR] 	at java.base/java.util.stream.ForEachOps$ForEachOp$OfRef.accept(ForEachOps.java:186)
12-06-2026 11:48:38.926 [java] [ERROR] 	at java.base/java.util.HashMap$KeySpliterator.forEachRemaining(HashMap.java:1716)
12-06-2026 11:48:38.926 [java] [ERROR] 	at java.base/java.util.stream.AbstractPipeline.copyInto(AbstractPipeline.java:570)
12-06-2026 11:48:38.926 [java] [ERROR] 	at java.base/java.util.stream.ForEachOps$ForEachTask.compute(ForEachOps.java:293)
12-06-2026 11:48:38.926 [java] [ERROR] 	at java.base/java.util.concurrent.CountedCompleter.exec(CountedCompleter.java:759)
12-06-2026 11:48:38.926 [java] [ERROR] 	at java.base/java.util.concurrent.ForkJoinTask.doExec(ForkJoinTask.java:511)
12-06-2026 11:48:38.926 [java] [ERROR] 	at java.base/java.util.concurrent.ForkJoinPool$WorkQueue.topLevelExec(ForkJoinPool.java:1450)
12-06-2026 11:48:38.926 [java] [ERROR] 	at java.base/java.util.concurrent.ForkJoinPool.runWorker(ForkJoinPool.java:2019)
12-06-2026 11:48:38.926 [java] [ERROR] 	at java.base/java.util.concurrent.ForkJoinWorkerThread.run(ForkJoinWorkerThread.java:187)
12-06-2026 11:48:38.926 [java] [ERROR] [ForkJoinPool.commonPool-worker-11] WARN org.reflections.Reflections - could not create Dir using com.thoughtworks.gauge.scan.ClasspathScanner$1@440b067b from url file:/C:/Users/a.basaleh/.jdks/openjdk-26.0.1!/java.transaction.xa. skipping.
12-06-2026 11:48:38.926 [java] [ERROR] java.lang.NullPointerException: Cannot invoke "java.io.File.isDirectory()" because "file" is null
12-06-2026 11:48:38.926 [java] [ERROR] 	at com.thoughtworks.gauge.scan.ClasspathScanner$1.createDir(ClasspathScanner.java:48)
12-06-2026 11:48:38.926 [java] [ERROR] 	at org.reflections.vfs.Vfs.fromURL(Vfs.java:103)
12-06-2026 11:48:38.926 [java] [ERROR] 	at org.reflections.vfs.Vfs.fromURL(Vfs.java:95)
12-06-2026 11:48:38.926 [java] [ERROR] 	at org.reflections.Reflections.lambda$scan$2(Reflections.java:176)
12-06-2026 11:48:38.927 [java] [ERROR] 	at java.base/java.util.stream.ForEachOps$ForEachOp$OfRef.accept(ForEachOps.java:186)
12-06-2026 11:48:38.927 [java] [ERROR] 	at java.base/java.util.HashMap$KeySpliterator.forEachRemaining(HashMap.java:1716)
12-06-2026 11:48:38.927 [java] [ERROR] 	at java.base/java.util.stream.AbstractPipeline.copyInto(AbstractPipeline.java:570)
12-06-2026 11:48:38.927 [java] [ERROR] 	at java.base/java.util.stream.ForEachOps$ForEachTask.compute(ForEachOps.java:293)
12-06-2026 11:48:38.927 [java] [ERROR] 	at java.base/java.util.concurrent.CountedCompleter.exec(CountedCompleter.java:759)
12-06-2026 11:48:38.927 [java] [ERROR] 	at java.base/java.util.concurrent.ForkJoinTask.doExec(ForkJoinTask.java:511)
12-06-2026 11:48:38.927 [java] [ERROR] 	at java.base/java.util.concurrent.ForkJoinPool$WorkQueue.topLevelExec(ForkJoinPool.java:1450)
12-06-2026 11:48:38.927 [java] [ERROR] 	at java.base/java.util.concurrent.ForkJoinPool.runWorker(ForkJoinPool.java:2019)
12-06-2026 11:48:38.927 [java] [ERROR] 	at java.base/java.util.concurrent.ForkJoinWorkerThread.run(ForkJoinWorkerThread.java:187)
12-06-2026 11:48:38.927 [java] [ERROR] [ForkJoinPool.commonPool-worker-7] WARN org.reflections.Reflections - could not create Dir using com.thoughtworks.gauge.scan.ClasspathScanner$1@440b067b from url file:/C:/Users/a.basaleh/.jdks/openjdk-26.0.1!/java.prefs. skipping.
12-06-2026 11:48:38.927 [java] [ERROR] java.lang.NullPointerException: Cannot invoke "java.io.File.isDirectory()" because "file" is null
12-06-2026 11:48:38.927 [java] [ERROR] 	at com.thoughtworks.gauge.scan.ClasspathScanner$1.createDir(ClasspathScanner.java:48)
12-06-2026 11:48:38.927 [java] [ERROR] 	at org.reflections.vfs.Vfs.fromURL(Vfs.java:103)
12-06-2026 11:48:38.927 [java] [ERROR] 	at org.reflections.vfs.Vfs.fromURL(Vfs.java:95)
12-06-2026 11:48:38.927 [java] [ERROR] 	at org.reflections.Reflections.lambda$scan$2(Reflections.java:176)
12-06-2026 11:48:38.927 [java] [ERROR] 	at java.base/java.util.stream.ForEachOps$ForEachOp$OfRef.accept(ForEachOps.java:186)
12-06-2026 11:48:38.927 [java] [ERROR] 	at java.base/java.util.HashMap$KeySpliterator.forEachRemaining(HashMap.java:1716)
12-06-2026 11:48:38.927 [java] [ERROR] 	at java.base/java.util.stream.AbstractPipeline.copyInto(AbstractPipeline.java:570)
12-06-2026 11:48:38.927 [java] [ERROR] 	at java.base/java.util.stream.ForEachOps$ForEachTask.compute(ForEachOps.java:293)
12-06-2026 11:48:38.927 [java] [ERROR] 	at java.base/java.util.concurrent.CountedCompleter.exec(CountedCompleter.java:759)
12-06-2026 11:48:38.927 [java] [ERROR] 	at java.base/java.util.concurrent.ForkJoinTask.doExec(ForkJoinTask.java:511)
12-06-2026 11:48:38.927 [java] [ERROR] 	at java.base/java.util.concurrent.ForkJoinPool$WorkQueue.topLevelExec(ForkJoinPool.java:1450)
12-06-2026 11:48:38.928 [java] [ERROR] 	at java.base/java.util.concurrent.ForkJoinPool.runWorker(ForkJoinPool.java:2019)
12-06-2026 11:48:38.928 [java] [ERROR] 	at java.base/java.util.concurrent.ForkJoinWorkerThread.run(ForkJoinWorkerThread.java:187)
12-06-2026 11:48:38.928 [java] [ERROR] [pool-2-thread-1] WARN org.reflections.Reflections - could not create Vfs.Dir from url. ignoring the exception and continuing
12-06-2026 11:48:38.928 [java] [ERROR] org.reflections.ReflectionsException: Could not open url connection
12-06-2026 11:48:38.928 [java] [ERROR] 	at org.reflections.vfs.JarInputDir$1.<init>(JarInputDir.java:31)
12-06-2026 11:48:38.928 [java] [ERROR] 	at org.reflections.vfs.JarInputDir.lambda$getFiles$0(JarInputDir.java:28)
12-06-2026 11:48:38.928 [java] [ERROR] 	at org.reflections.Reflections.lambda$scan$2(Reflections.java:177)
12-06-2026 11:48:38.928 [java] [ERROR] 	at java.base/java.util.stream.ForEachOps$ForEachOp$OfRef.accept(ForEachOps.java:186)
12-06-2026 11:48:38.928 [java] [ERROR] 	at java.base/java.util.HashMap$KeySpliterator.forEachRemaining(HashMap.java:1716)
12-06-2026 11:48:38.928 [java] [ERROR] 	at java.base/java.util.stream.AbstractPipeline.copyInto(AbstractPipeline.java:570)
12-06-2026 11:48:38.928 [java] [ERROR] 	at java.base/java.util.stream.ForEachOps$ForEachTask.compute(ForEachOps.java:293)
12-06-2026 11:48:38.928 [java] [ERROR] 	at java.base/java.util.concurrent.CountedCompleter.exec(CountedCompleter.java:759)
12-06-2026 11:48:38.928 [java] [ERROR] 	at java.base/java.util.concurrent.ForkJoinTask.doExec(ForkJoinTask.java:511)
12-06-2026 11:48:38.928 [java] [ERROR] 	at java.base/java.util.concurrent.ForkJoinPool$WorkQueue.helpComplete(ForkJoinPool.java:1537)
12-06-2026 11:48:38.928 [java] [ERROR] 	at java.base/java.util.concurrent.ForkJoinPool.helpComplete(ForkJoinPool.java:2332)
12-06-2026 11:48:38.928 [java] [ERROR] 	at java.base/java.util.concurrent.ForkJoinTask.awaitDone(ForkJoinTask.java:497)
12-06-2026 11:48:38.928 [java] [ERROR] 	at java.base/java.util.concurrent.ForkJoinTask.join(ForkJoinTask.java:669)
12-06-2026 11:48:38.928 [java] [ERROR] 	at java.base/java.util.concurrent.ForkJoinTask.invoke(ForkJoinTask.java:684)
12-06-2026 11:48:38.928 [java] [ERROR] 	at java.base/java.util.stream.ForEachOps$ForEachOp.evaluateParallel(ForEachOps.java:162)
12-06-2026 11:48:38.928 [java] [ERROR] 	at java.base/java.util.stream.ForEachOps$ForEachOp$OfRef.evaluateParallel(ForEachOps.java:176)
12-06-2026 11:48:38.928 [java] [ERROR] 	at java.base/java.util.stream.AbstractPipeline.evaluate(AbstractPipeline.java:264)
12-06-2026 11:48:38.928 [java] [ERROR] 	at java.base/java.util.stream.ReferencePipeline.forEach(ReferencePipeline.java:632)
12-06-2026 11:48:38.928 [java] [ERROR] 	at java.base/java.util.stream.ReferencePipeline$Head.forEach(ReferencePipeline.java:806)
12-06-2026 11:48:38.928 [java] [ERROR] 	at org.reflections.Reflections.scan(Reflections.java:173)
12-06-2026 11:48:38.928 [java] [ERROR] 	at org.reflections.Reflections.<init>(Reflections.java:126)
12-06-2026 11:48:38.928 [java] [ERROR] 	at com.thoughtworks.gauge.execution.parameters.parsers.base.ParameterParsingChain.createReflections(ParameterParsingChain.java:47)
12-06-2026 11:48:38.928 [java] [ERROR] 	at com.thoughtworks.gauge.execution.parameters.parsers.base.ParameterParsingChain.<init>(ParameterParsingChain.java:33)
12-06-2026 11:48:38.928 [java] [ERROR] 	at com.thoughtworks.gauge.connection.MessageProcessorFactory.initializeExecutionMessageProcessors(MessageProcessorFactory.java:91)
12-06-2026 11:48:38.928 [java] [ERROR] 	at com.thoughtworks.gauge.connection.MessageProcessorFactory.getProcessor(MessageProcessorFactory.java:66)
12-06-2026 11:48:38.928 [java] [ERROR] 	at com.thoughtworks.gauge.RunnerServiceHandler.lambda$validateStep$17(RunnerServiceHandler.java:332)
12-06-2026 11:48:38.928 [java] [ERROR] 	at java.base/java.util.concurrent.ThreadPoolExecutor.runWorker(ThreadPoolExecutor.java:1090)
12-06-2026 11:48:38.928 [java] [ERROR] 	at java.base/java.util.concurrent.ThreadPoolExecutor$Worker.run(ThreadPoolExecutor.java:614)
12-06-2026 11:48:38.928 [java] [ERROR] 	at java.base/java.lang.Thread.run(Thread.java:1516)
12-06-2026 11:48:38.928 [java] [ERROR] Caused by: java.io.FileNotFoundException: C:\Users\a.basaleh\.jdks\openjdk-26.0.1!\jdk.jartool (Sistem belirtilen yolu bulam�yor)
12-06-2026 11:48:38.928 [java] [ERROR] 	at java.base/java.io.FileInputStream.open0(Native Method)
12-06-2026 11:48:38.928 [java] [ERROR] 	at java.base/java.io.FileInputStream.open(FileInputStream.java:185)
12-06-2026 11:48:38.928 [java] [ERROR] 	at java.base/java.io.FileInputStream.<init>(FileInputStream.java:139)
12-06-2026 11:48:38.928 [java] [ERROR] 	at java.base/java.io.FileInputStream.<init>(FileInputStream.java:109)
12-06-2026 11:48:38.928 [java] [ERROR] 	at java.base/sun.net.www.protocol.file.FileURLConnection.connect(FileURLConnection.java:126)
12-06-2026 11:48:38.928 [java] [ERROR] 	at java.base/sun.net.www.protocol.file.FileURLConnection.getInputStream(FileURLConnection.java:231)
12-06-2026 11:48:38.929 [java] [ERROR] 	at org.reflections.vfs.JarInputDir$1.<init>(JarInputDir.java:30)
12-06-2026 11:48:38.929 [java] [ERROR] 	... 28 more
12-06-2026 11:48:38.930 [java] [ERROR] [ForkJoinPool.commonPool-worker-3] WARN org.reflections.Reflections - could not create Vfs.Dir from url. ignoring the exception and continuing
12-06-2026 11:48:38.930 [java] [ERROR] org.reflections.ReflectionsException: could not create Vfs.Dir from url, no matching UrlType was found [file:/C:/Users/a.basaleh/.jdks/openjdk-26.0.1!/java.desktop]
12-06-2026 11:48:38.930 [java] [ERROR] either use fromURL(final URL url, final List<UrlType> urlTypes) or use the static setDefaultURLTypes(final List<UrlType> urlTypes) or addDefaultURLTypes(UrlType urlType) with your specialized UrlType.
12-06-2026 11:48:38.930 [java] [ERROR] 	at org.reflections.vfs.Vfs.fromURL(Vfs.java:113)
12-06-2026 11:48:38.930 [java] [ERROR] 	at org.reflections.vfs.Vfs.fromURL(Vfs.java:95)
12-06-2026 11:48:38.930 [java] [ERROR] 	at org.reflections.Reflections.lambda$scan$2(Reflections.java:176)
12-06-2026 11:48:38.930 [java] [ERROR] 	at java.base/java.util.stream.ForEachOps$ForEachOp$OfRef.accept(ForEachOps.java:186)
12-06-2026 11:48:38.930 [java] [ERROR] 	at java.base/java.util.HashMap$KeySpliterator.forEachRemaining(HashMap.java:1716)
12-06-2026 11:48:38.930 [java] [ERROR] 	at java.base/java.util.stream.AbstractPipeline.copyInto(AbstractPipeline.java:570)
12-06-2026 11:48:38.930 [java] [ERROR] 	at java.base/java.util.stream.ForEachOps$ForEachTask.compute(ForEachOps.java:293)
12-06-2026 11:48:38.930 [java] [ERROR] 	at java.base/java.util.concurrent.CountedCompleter.exec(CountedCompleter.java:759)
12-06-2026 11:48:38.930 [java] [ERROR] 	at java.base/java.util.concurrent.ForkJoinTask.doExec(ForkJoinTask.java:511)
12-06-2026 11:48:38.930 [java] [ERROR] 	at java.base/java.util.concurrent.ForkJoinPool$WorkQueue.topLevelExec(ForkJoinPool.java:1450)
12-06-2026 11:48:38.930 [java] [ERROR] 	at java.base/java.util.concurrent.ForkJoinPool.runWorker(ForkJoinPool.java:2019)
12-06-2026 11:48:38.930 [java] [ERROR] 	at java.base/java.util.concurrent.ForkJoinWorkerThread.run(ForkJoinWorkerThread.java:187)
12-06-2026 11:48:38.930 [java] [ERROR] [ForkJoinPool.commonPool-worker-6] WARN org.reflections.Reflections - could not create Dir using com.thoughtworks.gauge.scan.ClasspathScanner$1@440b067b from url file:/C:/Users/a.basaleh/.jdks/openjdk-26.0.1!/jdk.graal.compiler.management. skipping.
12-06-2026 11:48:38.930 [java] [ERROR] java.lang.NullPointerException: Cannot invoke "java.io.File.isDirectory()" because "file" is null
12-06-2026 11:48:38.930 [java] [ERROR] 	at com.thoughtworks.gauge.scan.ClasspathScanner$1.createDir(ClasspathScanner.java:48)
12-06-2026 11:48:38.930 [java] [ERROR] 	at org.reflections.vfs.Vfs.fromURL(Vfs.java:103)
12-06-2026 11:48:38.930 [java] [ERROR] 	at org.reflections.vfs.Vfs.fromURL(Vfs.java:95)
12-06-2026 11:48:38.930 [java] [ERROR] 	at org.reflections.Reflections.lambda$scan$2(Reflections.java:176)
12-06-2026 11:48:38.930 [java] [ERROR] 	at java.base/java.util.stream.ForEachOps$ForEachOp$OfRef.accept(ForEachOps.java:186)
12-06-2026 11:48:38.930 [java] [ERROR] 	at java.base/java.util.HashMap$KeySpliterator.forEachRemaining(HashMap.java:1716)
12-06-2026 11:48:38.930 [java] [ERROR] 	at java.base/java.util.stream.AbstractPipeline.copyInto(AbstractPipeline.java:570)
12-06-2026 11:48:38.930 [java] [ERROR] 	at java.base/java.util.stream.ForEachOps$ForEachTask.compute(ForEachOps.java:293)
12-06-2026 11:48:38.930 [java] [ERROR] 	at java.base/java.util.concurrent.CountedCompleter.exec(CountedCompleter.java:759)
12-06-2026 11:48:38.930 [java] [ERROR] 	at java.base/java.util.concurrent.ForkJoinTask.doExec(ForkJoinTask.java:511)
12-06-2026 11:48:38.930 [java] [ERROR] 	at java.base/java.util.concurrent.ForkJoinPool$WorkQueue.topLevelExec(ForkJoinPool.java:1450)
12-06-2026 11:48:38.930 [java] [ERROR] 	at java.base/java.util.concurrent.ForkJoinPool.runWorker(ForkJoinPool.java:2019)
12-06-2026 11:48:38.930 [java] [ERROR] 	at java.base/java.util.concurrent.ForkJoinWorkerThread.run(ForkJoinWorkerThread.java:187)
12-06-2026 11:48:38.930 [java] [ERROR] [ForkJoinPool.commonPool-worker-9] WARN org.reflections.Reflections - could not create Dir using com.thoughtworks.gauge.scan.ClasspathScanner$1@440b067b from url file:/C:/Users/a.basaleh/.jdks/openjdk-26.0.1!/jdk.nio.mapmode. skipping.
12-06-2026 11:48:38.930 [java] [ERROR] java.lang.NullPointerException: Cannot invoke "java.io.File.isDirectory()" because "file" is null
12-06-2026 11:48:38.931 [java] [ERROR] 	at com.thoughtworks.gauge.scan.ClasspathScanner$1.createDir(ClasspathScanner.java:48)
12-06-2026 11:48:38.931 [java] [ERROR] 	at org.reflections.vfs.Vfs.fromURL(Vfs.java:103)
12-06-2026 11:48:38.931 [java] [ERROR] 	at org.reflections.vfs.Vfs.fromURL(Vfs.java:95)
12-06-2026 11:48:38.931 [java] [ERROR] 	at org.reflections.Reflections.lambda$scan$2(Reflections.java:176)
12-06-2026 11:48:38.931 [java] [ERROR] 	at java.base/java.util.stream.ForEachOps$ForEachOp$OfRef.accept(ForEachOps.java:186)
12-06-2026 11:48:38.931 [java] [ERROR] 	at java.base/java.util.HashMap$KeySpliterator.forEachRemaining(HashMap.java:1716)
12-06-2026 11:48:38.931 [java] [ERROR] 	at java.base/java.util.stream.AbstractPipeline.copyInto(AbstractPipeline.java:570)
12-06-2026 11:48:38.931 [java] [ERROR] 	at java.base/java.util.stream.ForEachOps$ForEachTask.compute(ForEachOps.java:293)
12-06-2026 11:48:38.931 [java] [ERROR] 	at java.base/java.util.concurrent.CountedCompleter.exec(CountedCompleter.java:759)
12-06-2026 11:48:38.931 [java] [ERROR] 	at java.base/java.util.concurrent.ForkJoinTask.doExec(ForkJoinTask.java:511)
12-06-2026 11:48:38.931 [java] [ERROR] 	at java.base/java.util.concurrent.ForkJoinPool$WorkQueue.topLevelExec(ForkJoinPool.java:1450)
12-06-2026 11:48:38.931 [java] [ERROR] 	at java.base/java.util.concurrent.ForkJoinPool.runWorker(ForkJoinPool.java:2019)
12-06-2026 11:48:38.931 [java] [ERROR] 	at java.base/java.util.concurrent.ForkJoinWorkerThread.run(ForkJoinWorkerThread.java:187)
12-06-2026 11:48:38.931 [java] [ERROR] [ForkJoinPool.commonPool-worker-4] WARN org.reflections.Reflections - could not create Dir using com.thoughtworks.gauge.scan.ClasspathScanner$1@440b067b from url file:/C:/Users/a.basaleh/.jdks/openjdk-26.0.1!/java.scripting. skipping.
12-06-2026 11:48:38.931 [java] [ERROR] java.lang.NullPointerException: Cannot invoke "java.io.File.isDirectory()" because "file" is null
12-06-2026 11:48:38.931 [java] [ERROR] 	at com.thoughtworks.gauge.scan.ClasspathScanner$1.createDir(ClasspathScanner.java:48)
12-06-2026 11:48:38.931 [java] [ERROR] 	at org.reflections.vfs.Vfs.fromURL(Vfs.java:103)
12-06-2026 11:48:38.931 [java] [ERROR] 	at org.reflections.vfs.Vfs.fromURL(Vfs.java:95)
12-06-2026 11:48:38.931 [java] [ERROR] 	at org.reflections.Reflections.lambda$scan$2(Reflections.java:176)
12-06-2026 11:48:38.931 [java] [ERROR] 	at java.base/java.util.stream.ForEachOps$ForEachOp$OfRef.accept(ForEachOps.java:186)
12-06-2026 11:48:38.931 [java] [ERROR] 	at java.base/java.util.HashMap$KeySpliterator.forEachRemaining(HashMap.java:1716)
12-06-2026 11:48:38.931 [java] [ERROR] 	at java.base/java.util.stream.AbstractPipeline.copyInto(AbstractPipeline.java:570)
12-06-2026 11:48:38.931 [java] [ERROR] 	at java.base/java.util.stream.ForEachOps$ForEachTask.compute(ForEachOps.java:293)
12-06-2026 11:48:38.931 [java] [ERROR] 	at java.base/java.util.concurrent.CountedCompleter.exec(CountedCompleter.java:759)
12-06-2026 11:48:38.931 [java] [ERROR] 	at java.base/java.util.concurrent.ForkJoinTask.doExec(ForkJoinTask.java:511)
12-06-2026 11:48:38.931 [java] [ERROR] 	at java.base/java.util.concurrent.ForkJoinPool$WorkQueue.topLevelExec(ForkJoinPool.java:1450)
12-06-2026 11:48:38.931 [java] [ERROR] 	at java.base/java.util.concurrent.ForkJoinPool.runWorker(ForkJoinPool.java:2019)
12-06-2026 11:48:38.931 [java] [ERROR] 	at java.base/java.util.concurrent.ForkJoinWorkerThread.run(ForkJoinWorkerThread.java:187)
12-06-2026 11:48:38.931 [java] [ERROR] [ForkJoinPool.commonPool-worker-5] WARN org.reflections.Reflections - could not create Dir using com.thoughtworks.gauge.scan.ClasspathScanner$1@440b067b from url file:/C:/Users/a.basaleh/.jdks/openjdk-26.0.1!/jdk.editpad. skipping.
12-06-2026 11:48:38.931 [java] [ERROR] java.lang.NullPointerException: Cannot invoke "java.io.File.isDirectory()" because "file" is null
12-06-2026 11:48:38.931 [java] [ERROR] 	at com.thoughtworks.gauge.scan.ClasspathScanner$1.createDir(ClasspathScanner.java:48)
12-06-2026 11:48:38.931 [java] [ERROR] 	at org.reflections.vfs.Vfs.fromURL(Vfs.java:103)
12-06-2026 11:48:38.931 [java] [ERROR] 	at org.reflections.vfs.Vfs.fromURL(Vfs.java:95)
12-06-2026 11:48:38.931 [java] [ERROR] 	at org.reflections.Reflections.lambda$scan$2(Reflections.java:176)
12-06-2026 11:48:38.931 [java] [ERROR] 	at java.base/java.util.stream.ForEachOps$ForEachOp$OfRef.accept(ForEachOps.java:186)
12-06-2026 11:48:38.931 [java] [ERROR] 	at java.base/java.util.HashMap$KeySpliterator.forEachRemaining(HashMap.java:1716)
12-06-2026 11:48:38.932 [java] [ERROR] 	at java.base/java.util.stream.AbstractPipeline.copyInto(AbstractPipeline.java:570)
12-06-2026 11:48:38.932 [java] [ERROR] 	at java.base/java.util.stream.ForEachOps$ForEachTask.compute(ForEachOps.java:293)
12-06-2026 11:48:38.932 [java] [ERROR] 	at java.base/java.util.concurrent.CountedCompleter.exec(CountedCompleter.java:759)
12-06-2026 11:48:38.932 [java] [ERROR] 	at java.base/java.util.concurrent.ForkJoinTask.doExec(ForkJoinTask.java:511)
12-06-2026 11:48:38.932 [java] [ERROR] 	at java.base/java.util.concurrent.ForkJoinPool$WorkQueue.topLevelExec(ForkJoinPool.java:1450)
12-06-2026 11:48:38.932 [java] [ERROR] 	at java.base/java.util.concurrent.ForkJoinPool.runWorker(ForkJoinPool.java:2019)
12-06-2026 11:48:38.932 [java] [ERROR] 	at java.base/java.util.concurrent.ForkJoinWorkerThread.run(ForkJoinWorkerThread.java:187)
12-06-2026 11:48:38.932 [java] [ERROR] [ForkJoinPool.commonPool-worker-11] WARN org.reflections.Reflections - could not create Vfs.Dir from url. ignoring the exception and continuing
12-06-2026 11:48:38.932 [java] [ERROR] org.reflections.ReflectionsException: could not create Vfs.Dir from url, no matching UrlType was found [file:/C:/Users/a.basaleh/.jdks/openjdk-26.0.1!/java.transaction.xa]
12-06-2026 11:48:38.932 [java] [ERROR] either use fromURL(final URL url, final List<UrlType> urlTypes) or use the static setDefaultURLTypes(final List<UrlType> urlTypes) or addDefaultURLTypes(UrlType urlType) with your specialized UrlType.
12-06-2026 11:48:38.932 [java] [ERROR] 	at org.reflections.vfs.Vfs.fromURL(Vfs.java:113)
12-06-2026 11:48:38.932 [java] [ERROR] 	at org.reflections.vfs.Vfs.fromURL(Vfs.java:95)
12-06-2026 11:48:38.932 [java] [ERROR] 	at org.reflections.Reflections.lambda$scan$2(Reflections.java:176)
12-06-2026 11:48:38.932 [java] [ERROR] 	at java.base/java.util.stream.ForEachOps$ForEachOp$OfRef.accept(ForEachOps.java:186)
12-06-2026 11:48:38.932 [java] [ERROR] 	at java.base/java.util.HashMap$KeySpliterator.forEachRemaining(HashMap.java:1716)
12-06-2026 11:48:38.932 [java] [ERROR] 	at java.base/java.util.stream.AbstractPipeline.copyInto(AbstractPipeline.java:570)
12-06-2026 11:48:38.932 [java] [ERROR] 	at java.base/java.util.stream.ForEachOps$ForEachTask.compute(ForEachOps.java:293)
12-06-2026 11:48:38.932 [java] [ERROR] 	at java.base/java.util.concurrent.CountedCompleter.exec(CountedCompleter.java:759)
12-06-2026 11:48:38.932 [java] [ERROR] 	at java.base/java.util.concurrent.ForkJoinTask.doExec(ForkJoinTask.java:511)
12-06-2026 11:48:38.932 [java] [ERROR] 	at java.base/java.util.concurrent.ForkJoinPool$WorkQueue.topLevelExec(ForkJoinPool.java:1450)
12-06-2026 11:48:38.932 [java] [ERROR] 	at java.base/java.util.concurrent.ForkJoinPool.runWorker(ForkJoinPool.java:2019)
12-06-2026 11:48:38.932 [java] [ERROR] 	at java.base/java.util.concurrent.ForkJoinWorkerThread.run(ForkJoinWorkerThread.java:187)
12-06-2026 11:48:38.932 [java] [ERROR] [ForkJoinPool.commonPool-worker-7] WARN org.reflections.Reflections - could not create Vfs.Dir from url. ignoring the exception and continuing
12-06-2026 11:48:38.932 [java] [ERROR] org.reflections.ReflectionsException: could not create Vfs.Dir from url, no matching UrlType was found [file:/C:/Users/a.basaleh/.jdks/openjdk-26.0.1!/java.prefs]
12-06-2026 11:48:38.932 [java] [ERROR] either use fromURL(final URL url, final List<UrlType> urlTypes) or use the static setDefaultURLTypes(final List<UrlType> urlTypes) or addDefaultURLTypes(UrlType urlType) with your specialized UrlType.
12-06-2026 11:48:38.932 [java] [ERROR] 	at org.reflections.vfs.Vfs.fromURL(Vfs.java:113)
12-06-2026 11:48:38.932 [java] [ERROR] 	at org.reflections.vfs.Vfs.fromURL(Vfs.java:95)
12-06-2026 11:48:38.932 [java] [ERROR] 	at org.reflections.Reflections.lambda$scan$2(Reflections.java:176)
12-06-2026 11:48:38.932 [java] [ERROR] 	at java.base/java.util.stream.ForEachOps$ForEachOp$OfRef.accept(ForEachOps.java:186)
12-06-2026 11:48:38.932 [java] [ERROR] 	at java.base/java.util.HashMap$KeySpliterator.forEachRemaining(HashMap.java:1716)
12-06-2026 11:48:38.932 [java] [ERROR] 	at java.base/java.util.stream.AbstractPipeline.copyInto(AbstractPipeline.java:570)
12-06-2026 11:48:38.932 [java] [ERROR] 	at java.base/java.util.stream.ForEachOps$ForEachTask.compute(ForEachOps.java:293)
12-06-2026 11:48:38.932 [java] [ERROR] 	at java.base/java.util.concurrent.CountedCompleter.exec(CountedCompleter.java:759)
12-06-2026 11:48:38.932 [java] [ERROR] 	at java.base/java.util.concurrent.ForkJoinTask.doExec(ForkJoinTask.java:511)
12-06-2026 11:48:38.932 [java] [ERROR] 	at java.base/java.util.concurrent.ForkJoinPool$WorkQueue.topLevelExec(ForkJoinPool.java:1450)
12-06-2026 11:48:38.932 [java] [ERROR] 	at java.base/java.util.concurrent.ForkJoinPool.runWorker(ForkJoinPool.java:2019)
12-06-2026 11:48:38.932 [java] [ERROR] 	at java.base/java.util.concurrent.ForkJoinWorkerThread.run(ForkJoinWorkerThread.java:187)
12-06-2026 11:48:38.932 [java] [ERROR] [ForkJoinPool.commonPool-worker-2] WARN org.reflections.Reflections - could not create Dir using com.thoughtworks.gauge.scan.ClasspathScanner$1@440b067b from url file:/C:/Users/a.basaleh/.jdks/openjdk-26.0.1!/jdk.jdeps. skipping.
12-06-2026 11:48:38.932 [java] [ERROR] java.lang.NullPointerException: Cannot invoke "java.io.File.isDirectory()" because "file" is null
12-06-2026 11:48:38.932 [java] [ERROR] 	at com.thoughtworks.gauge.scan.ClasspathScanner$1.createDir(ClasspathScanner.java:48)
12-06-2026 11:48:38.932 [java] [ERROR] 	at org.reflections.vfs.Vfs.fromURL(Vfs.java:103)
12-06-2026 11:48:38.932 [java] [ERROR] 	at org.reflections.vfs.Vfs.fromURL(Vfs.java:95)
12-06-2026 11:48:38.932 [java] [ERROR] 	at org.reflections.Reflections.lambda$scan$2(Reflections.java:176)
12-06-2026 11:48:38.932 [java] [ERROR] 	at java.base/java.util.stream.ForEachOps$ForEachOp$OfRef.accept(ForEachOps.java:186)
12-06-2026 11:48:38.932 [java] [ERROR] 	at java.base/java.util.HashMap$KeySpliterator.forEachRemaining(HashMap.java:1716)
12-06-2026 11:48:38.932 [java] [ERROR] 	at java.base/java.util.stream.AbstractPipeline.copyInto(AbstractPipeline.java:570)
12-06-2026 11:48:38.932 [java] [ERROR] 	at java.base/java.util.stream.ForEachOps$ForEachTask.compute(ForEachOps.java:293)
12-06-2026 11:48:38.932 [java] [ERROR] 	at java.base/java.util.concurrent.CountedCompleter.exec(CountedCompleter.java:759)
12-06-2026 11:48:38.932 [java] [ERROR] 	at java.base/java.util.concurrent.ForkJoinTask.doExec(ForkJoinTask.java:511)
12-06-2026 11:48:38.932 [java] [ERROR] 	at java.base/java.util.concurrent.ForkJoinPool$WorkQueue.topLevelExec(ForkJoinPool.java:1450)
12-06-2026 11:48:38.932 [java] [ERROR] 	at java.base/java.util.concurrent.ForkJoinPool.runWorker(ForkJoinPool.java:2019)
12-06-2026 11:48:38.932 [java] [ERROR] 	at java.base/java.util.concurrent.ForkJoinWorkerThread.run(ForkJoinWorkerThread.java:187)
12-06-2026 11:48:38.932 [java] [ERROR] [pool-2-thread-1] WARN org.reflections.Reflections - could not create Dir using com.thoughtworks.gauge.scan.ClasspathScanner$1@440b067b from url file:/C:/Users/a.basaleh/.jdks/openjdk-26.0.1!/jdk.unsupported.desktop. skipping.
12-06-2026 11:48:38.932 [java] [ERROR] java.lang.NullPointerException: Cannot invoke "java.io.File.isDirectory()" because "file" is null
12-06-2026 11:48:38.932 [java] [ERROR] 	at com.thoughtworks.gauge.scan.ClasspathScanner$1.createDir(ClasspathScanner.java:48)
12-06-2026 11:48:38.932 [java] [ERROR] 	at org.reflections.vfs.Vfs.fromURL(Vfs.java:103)
12-06-2026 11:48:38.932 [java] [ERROR] 	at org.reflections.vfs.Vfs.fromURL(Vfs.java:95)
12-06-2026 11:48:38.932 [java] [ERROR] 	at org.reflections.Reflections.lambda$scan$2(Reflections.java:176)
12-06-2026 11:48:38.932 [java] [ERROR] 	at java.base/java.util.stream.ForEachOps$ForEachOp$OfRef.accept(ForEachOps.java:186)
12-06-2026 11:48:38.932 [java] [ERROR] 	at java.base/java.util.HashMap$KeySpliterator.forEachRemaining(HashMap.java:1716)
12-06-2026 11:48:38.933 [java] [ERROR] 	at java.base/java.util.stream.AbstractPipeline.copyInto(AbstractPipeline.java:570)
12-06-2026 11:48:38.933 [java] [ERROR] 	at java.base/java.util.stream.ForEachOps$ForEachTask.compute(ForEachOps.java:293)
12-06-2026 11:48:38.933 [java] [ERROR] 	at java.base/java.util.concurrent.CountedCompleter.exec(CountedCompleter.java:759)
12-06-2026 11:48:38.933 [java] [ERROR] 	at java.base/java.util.concurrent.ForkJoinTask.doExec(ForkJoinTask.java:511)
12-06-2026 11:48:38.933 [java] [ERROR] 	at java.base/java.util.concurrent.ForkJoinPool$WorkQueue.helpComplete(ForkJoinPool.java:1537)
12-06-2026 11:48:38.933 [java] [ERROR] 	at java.base/java.util.concurrent.ForkJoinPool.helpComplete(ForkJoinPool.java:2332)
12-06-2026 11:48:38.933 [java] [ERROR] 	at java.base/java.util.concurrent.ForkJoinTask.awaitDone(ForkJoinTask.java:497)
12-06-2026 11:48:38.933 [java] [ERROR] 	at java.base/java.util.concurrent.ForkJoinTask.join(ForkJoinTask.java:669)
12-06-2026 11:48:38.933 [java] [ERROR] 	at java.base/java.util.concurrent.ForkJoinTask.invoke(ForkJoinTask.java:684)
12-06-2026 11:48:38.933 [java] [ERROR] 	at java.base/java.util.stream.ForEachOps$ForEachOp.evaluateParallel(ForEachOps.java:162)
12-06-2026 11:48:38.933 [java] [ERROR] 	at java.base/java.util.stream.ForEachOps$ForEachOp$OfRef.evaluateParallel(ForEachOps.java:176)
12-06-2026 11:48:38.933 [java] [ERROR] 	at java.base/java.util.stream.AbstractPipeline.evaluate(AbstractPipeline.java:264)
12-06-2026 11:48:38.933 [java] [ERROR] 	at java.base/java.util.stream.ReferencePipeline.forEach(ReferencePipeline.java:632)
12-06-2026 11:48:38.933 [java] [ERROR] 	at java.base/java.util.stream.ReferencePipeline$Head.forEach(ReferencePipeline.java:806)
12-06-2026 11:48:38.933 [java] [ERROR] 	at org.reflections.Reflections.scan(Reflections.java:173)
12-06-2026 11:48:38.933 [java] [ERROR] 	at org.reflections.Reflections.<init>(Reflections.java:126)
12-06-2026 11:48:38.933 [java] [ERROR] 	at com.thoughtworks.gauge.execution.parameters.parsers.base.ParameterParsingChain.createReflections(ParameterParsingChain.java:47)
12-06-2026 11:48:38.933 [java] [ERROR] 	at com.thoughtworks.gauge.execution.parameters.parsers.base.ParameterParsingChain.<init>(ParameterParsingChain.java:33)
12-06-2026 11:48:38.933 [java] [ERROR] 	at com.thoughtworks.gauge.connection.MessageProcessorFactory.initializeExecutionMessageProcessors(MessageProcessorFactory.java:91)
12-06-2026 11:48:38.933 [java] [ERROR] 	at com.thoughtworks.gauge.connection.MessageProcessorFactory.getProcessor(MessageProcessorFactory.java:66)
12-06-2026 11:48:38.933 [java] [ERROR] 	at com.thoughtworks.gauge.RunnerServiceHandler.lambda$validateStep$17(RunnerServiceHandler.java:332)
12-06-2026 11:48:38.933 [java] [ERROR] 	at java.base/java.util.concurrent.ThreadPoolExecutor.runWorker(ThreadPoolExecutor.java:1090)
12-06-2026 11:48:38.933 [java] [ERROR] 	at java.base/java.util.concurrent.ThreadPoolExecutor$Worker.run(ThreadPoolExecutor.java:614)
12-06-2026 11:48:38.933 [java] [ERROR] 	at java.base/java.lang.Thread.run(Thread.java:1516)
12-06-2026 11:48:38.933 [java] [ERROR] [ForkJoinPool.commonPool-worker-6] WARN org.reflections.Reflections - could not create Vfs.Dir from url. ignoring the exception and continuing
12-06-2026 11:48:38.933 [java] [ERROR] org.reflections.ReflectionsException: could not create Vfs.Dir from url, no matching UrlType was found [file:/C:/Users/a.basaleh/.jdks/openjdk-26.0.1!/jdk.graal.compiler.management]
12-06-2026 11:48:38.933 [java] [ERROR] either use fromURL(final URL url, final List<UrlType> urlTypes) or use the static setDefaultURLTypes(final List<UrlType> urlTypes) or addDefaultURLTypes(UrlType urlType) with your specialized UrlType.
12-06-2026 11:48:38.933 [java] [ERROR] 	at org.reflections.vfs.Vfs.fromURL(Vfs.java:113)
12-06-2026 11:48:38.933 [java] [ERROR] 	at org.reflections.vfs.Vfs.fromURL(Vfs.java:95)
12-06-2026 11:48:38.933 [java] [ERROR] 	at org.reflections.Reflections.lambda$scan$2(Reflections.java:176)
12-06-2026 11:48:38.933 [java] [ERROR] 	at java.base/java.util.stream.ForEachOps$ForEachOp$OfRef.accept(ForEachOps.java:186)
12-06-2026 11:48:38.933 [java] [ERROR] 	at java.base/java.util.HashMap$KeySpliterator.forEachRemaining(HashMap.java:1716)
12-06-2026 11:48:38.933 [java] [ERROR] 	at java.base/java.util.stream.AbstractPipeline.copyInto(AbstractPipeline.java:570)
12-06-2026 11:48:38.933 [java] [ERROR] 	at java.base/java.util.stream.ForEachOps$ForEachTask.compute(ForEachOps.java:293)
12-06-2026 11:48:38.933 [java] [ERROR] 	at java.base/java.util.concurrent.CountedCompleter.exec(CountedCompleter.java:759)
12-06-2026 11:48:38.933 [java] [ERROR] 	at java.base/java.util.concurrent.ForkJoinTask.doExec(ForkJoinTask.java:511)
12-06-2026 11:48:38.933 [java] [ERROR] 	at java.base/java.util.concurrent.ForkJoinPool$WorkQueue.topLevelExec(ForkJoinPool.java:1450)
12-06-2026 11:48:38.933 [java] [ERROR] 	at java.base/java.util.concurrent.ForkJoinPool.runWorker(ForkJoinPool.java:2019)
12-06-2026 11:48:38.933 [java] [ERROR] 	at java.base/java.util.concurrent.ForkJoinWorkerThread.run(ForkJoinWorkerThread.java:187)
12-06-2026 11:48:38.933 [java] [ERROR] [pool-2-thread-1] WARN org.reflections.Reflections - could not create Vfs.Dir from url. ignoring the exception and continuing
12-06-2026 11:48:38.933 [java] [ERROR] org.reflections.ReflectionsException: could not create Vfs.Dir from url, no matching UrlType was found [file:/C:/Users/a.basaleh/.jdks/openjdk-26.0.1!/jdk.unsupported.desktop]
12-06-2026 11:48:38.933 [java] [ERROR] either use fromURL(final URL url, final List<UrlType> urlTypes) or use the static setDefaultURLTypes(final List<UrlType> urlTypes) or addDefaultURLTypes(UrlType urlType) with your specialized UrlType.
12-06-2026 11:48:38.934 [java] [ERROR] 	at org.reflections.vfs.Vfs.fromURL(Vfs.java:113)
12-06-2026 11:48:38.934 [java] [ERROR] 	at org.reflections.vfs.Vfs.fromURL(Vfs.java:95)
12-06-2026 11:48:38.934 [java] [ERROR] 	at org.reflections.Reflections.lambda$scan$2(Reflections.java:176)
12-06-2026 11:48:38.934 [java] [ERROR] 	at java.base/java.util.stream.ForEachOps$ForEachOp$OfRef.accept(ForEachOps.java:186)
12-06-2026 11:48:38.934 [java] [ERROR] 	at java.base/java.util.HashMap$KeySpliterator.forEachRemaining(HashMap.java:1716)
12-06-2026 11:48:38.934 [java] [ERROR] 	at java.base/java.util.stream.AbstractPipeline.copyInto(AbstractPipeline.java:570)
12-06-2026 11:48:38.934 [java] [ERROR] 	at java.base/java.util.stream.ForEachOps$ForEachTask.compute(ForEachOps.java:293)
12-06-2026 11:48:38.934 [java] [ERROR] 	at java.base/java.util.concurrent.CountedCompleter.exec(CountedCompleter.java:759)
12-06-2026 11:48:38.934 [java] [ERROR] 	at java.base/java.util.concurrent.ForkJoinTask.doExec(ForkJoinTask.java:511)
12-06-2026 11:48:38.934 [java] [ERROR] 	at java.base/java.util.concurrent.ForkJoinPool$WorkQueue.helpComplete(ForkJoinPool.java:1537)
12-06-2026 11:48:38.934 [java] [ERROR] 	at java.base/java.util.concurrent.ForkJoinPool.helpComplete(ForkJoinPool.java:2332)
12-06-2026 11:48:38.934 [java] [ERROR] 	at java.base/java.util.concurrent.ForkJoinTask.awaitDone(ForkJoinTask.java:497)
12-06-2026 11:48:38.934 [java] [ERROR] 	at java.base/java.util.concurrent.ForkJoinTask.join(ForkJoinTask.java:669)
12-06-2026 11:48:38.934 [java] [ERROR] 	at java.base/java.util.concurrent.ForkJoinTask.invoke(ForkJoinTask.java:684)
12-06-2026 11:48:38.934 [java] [ERROR] 	at java.base/java.util.stream.ForEachOps$ForEachOp.evaluateParallel(ForEachOps.java:162)
12-06-2026 11:48:38.934 [java] [ERROR] 	at java.base/java.util.stream.ForEachOps$ForEachOp$OfRef.evaluateParallel(ForEachOps.java:176)
12-06-2026 11:48:38.934 [java] [ERROR] 	at java.base/java.util.stream.AbstractPipeline.evaluate(AbstractPipeline.java:264)
12-06-2026 11:48:38.934 [java] [ERROR] 	at java.base/java.util.stream.ReferencePipeline.forEach(ReferencePipeline.java:632)
12-06-2026 11:48:38.934 [java] [ERROR] 	at java.base/java.util.stream.ReferencePipeline$Head.forEach(ReferencePipeline.java:806)
12-06-2026 11:48:38.934 [java] [ERROR] 	at org.reflections.Reflections.scan(Reflections.java:173)
12-06-2026 11:48:38.934 [java] [ERROR] 	at org.reflections.Reflections.<init>(Reflections.java:126)
12-06-2026 11:48:38.934 [java] [ERROR] 	at com.thoughtworks.gauge.execution.parameters.parsers.base.ParameterParsingChain.createReflections(ParameterParsingChain.java:47)
12-06-2026 11:48:38.934 [java] [ERROR] 	at com.thoughtworks.gauge.execution.parameters.parsers.base.ParameterParsingChain.<init>(ParameterParsingChain.java:33)
12-06-2026 11:48:38.934 [java] [ERROR] 	at com.thoughtworks.gauge.connection.MessageProcessorFactory.initializeExecutionMessageProcessors(MessageProcessorFactory.java:91)
12-06-2026 11:48:38.934 [java] [ERROR] 	at com.thoughtworks.gauge.connection.MessageProcessorFactory.getProcessor(MessageProcessorFactory.java:66)
12-06-2026 11:48:38.934 [java] [ERROR] 	at com.thoughtworks.gauge.RunnerServiceHandler.lambda$validateStep$17(RunnerServiceHandler.java:332)
12-06-2026 11:48:38.934 [java] [ERROR] 	at java.base/java.util.concurrent.ThreadPoolExecutor.runWorker(ThreadPoolExecutor.java:1090)
12-06-2026 11:48:38.934 [java] [ERROR] 	at java.base/java.util.concurrent.ThreadPoolExecutor$Worker.run(ThreadPoolExecutor.java:614)
12-06-2026 11:48:38.934 [java] [ERROR] 	at java.base/java.lang.Thread.run(Thread.java:1516)
12-06-2026 11:48:38.934 [java] [ERROR] [ForkJoinPool.commonPool-worker-4] WARN org.reflections.Reflections - could not create Vfs.Dir from url. ignoring the exception and continuing
12-06-2026 11:48:38.934 [java] [ERROR] org.reflections.ReflectionsException: could not create Vfs.Dir from url, no matching UrlType was found [file:/C:/Users/a.basaleh/.jdks/openjdk-26.0.1!/java.scripting]
12-06-2026 11:48:38.934 [java] [ERROR] either use fromURL(final URL url, final List<UrlType> urlTypes) or use the static setDefaultURLTypes(final List<UrlType> urlTypes) or addDefaultURLTypes(UrlType urlType) with your specialized UrlType.
12-06-2026 11:48:38.934 [java] [ERROR] 	at org.reflections.vfs.Vfs.fromURL(Vfs.java:113)
12-06-2026 11:48:38.934 [java] [ERROR] 	at org.reflections.vfs.Vfs.fromURL(Vfs.java:95)
12-06-2026 11:48:38.934 [java] [ERROR] 	at org.reflections.Reflections.lambda$scan$2(Reflections.java:176)
12-06-2026 11:48:38.934 [java] [ERROR] 	at java.base/java.util.stream.ForEachOps$ForEachOp$OfRef.accept(ForEachOps.java:186)
12-06-2026 11:48:38.934 [java] [ERROR] 	at java.base/java.util.HashMap$KeySpliterator.forEachRemaining(HashMap.java:1716)
12-06-2026 11:48:38.934 [java] [ERROR] 	at java.base/java.util.stream.AbstractPipeline.copyInto(AbstractPipeline.java:570)
12-06-2026 11:48:38.934 [java] [ERROR] 	at java.base/java.util.stream.ForEachOps$ForEachTask.compute(ForEachOps.java:293)
12-06-2026 11:48:38.934 [java] [ERROR] 	at java.base/java.util.concurrent.CountedCompleter.exec(CountedCompleter.java:759)
12-06-2026 11:48:38.934 [java] [ERROR] 	at java.base/java.util.concurrent.ForkJoinTask.doExec(ForkJoinTask.java:511)
12-06-2026 11:48:38.934 [java] [ERROR] 	at java.base/java.util.concurrent.ForkJoinPool$WorkQueue.topLevelExec(ForkJoinPool.java:1450)
12-06-2026 11:48:38.934 [java] [ERROR] 	at java.base/java.util.concurrent.ForkJoinPool.runWorker(ForkJoinPool.java:2019)
12-06-2026 11:48:38.934 [java] [ERROR] 	at java.base/java.util.concurrent.ForkJoinWorkerThread.run(ForkJoinWorkerThread.java:187)
12-06-2026 11:48:38.934 [java] [ERROR] [ForkJoinPool.commonPool-worker-9] WARN org.reflections.Reflections - could not create Vfs.Dir from url. ignoring the exception and continuing
12-06-2026 11:48:38.934 [java] [ERROR] org.reflections.ReflectionsException: could not create Vfs.Dir from url, no matching UrlType was found [file:/C:/Users/a.basaleh/.jdks/openjdk-26.0.1!/jdk.nio.mapmode]
12-06-2026 11:48:38.934 [java] [ERROR] either use fromURL(final URL url, final List<UrlType> urlTypes) or use the static setDefaultURLTypes(final List<UrlType> urlTypes) or addDefaultURLTypes(UrlType urlType) with your specialized UrlType.
12-06-2026 11:48:38.934 [java] [ERROR] 	at org.reflections.vfs.Vfs.fromURL(Vfs.java:113)
12-06-2026 11:48:38.934 [java] [ERROR] 	at org.reflections.vfs.Vfs.fromURL(Vfs.java:95)
12-06-2026 11:48:38.934 [java] [ERROR] 	at org.reflections.Reflections.lambda$scan$2(Reflections.java:176)
12-06-2026 11:48:38.934 [java] [ERROR] 	at java.base/java.util.stream.ForEachOps$ForEachOp$OfRef.accept(ForEachOps.java:186)
12-06-2026 11:48:38.934 [java] [ERROR] 	at java.base/java.util.HashMap$KeySpliterator.forEachRemaining(HashMap.java:1716)
12-06-2026 11:48:38.934 [java] [ERROR] 	at java.base/java.util.stream.AbstractPipeline.copyInto(AbstractPipeline.java:570)
12-06-2026 11:48:38.934 [java] [ERROR] 	at java.base/java.util.stream.ForEachOps$ForEachTask.compute(ForEachOps.java:293)
12-06-2026 11:48:38.934 [java] [ERROR] 	at java.base/java.util.concurrent.CountedCompleter.exec(CountedCompleter.java:759)
12-06-2026 11:48:38.934 [java] [ERROR] 	at java.base/java.util.concurrent.ForkJoinTask.doExec(ForkJoinTask.java:511)
12-06-2026 11:48:38.934 [java] [ERROR] 	at java.base/java.util.concurrent.ForkJoinPool$WorkQueue.topLevelExec(ForkJoinPool.java:1450)
12-06-2026 11:48:38.934 [java] [ERROR] 	at java.base/java.util.concurrent.ForkJoinPool.runWorker(ForkJoinPool.java:2019)
12-06-2026 11:48:38.934 [java] [ERROR] 	at java.base/java.util.concurrent.ForkJoinWorkerThread.run(ForkJoinWorkerThread.java:187)
12-06-2026 11:48:38.934 [java] [ERROR] [ForkJoinPool.commonPool-worker-4] WARN org.reflections.Reflections - could not create Dir using com.thoughtworks.gauge.scan.ClasspathScanner$1@440b067b from url file:/C:/Users/a.basaleh/.jdks/openjdk-26.0.1!/jdk.hotspot.agent. skipping.
12-06-2026 11:48:38.934 [java] [ERROR] java.lang.NullPointerException: Cannot invoke "java.io.File.isDirectory()" because "file" is null
12-06-2026 11:48:38.934 [java] [ERROR] 	at com.thoughtworks.gauge.scan.ClasspathScanner$1.createDir(ClasspathScanner.java:48)
12-06-2026 11:48:38.935 [java] [ERROR] 	at org.reflections.vfs.Vfs.fromURL(Vfs.java:103)
12-06-2026 11:48:38.935 [java] [ERROR] 	at org.reflections.vfs.Vfs.fromURL(Vfs.java:95)
12-06-2026 11:48:38.935 [java] [ERROR] 	at org.reflections.Reflections.lambda$scan$2(Reflections.java:176)
12-06-2026 11:48:38.935 [java] [ERROR] 	at java.base/java.util.stream.ForEachOps$ForEachOp$OfRef.accept(ForEachOps.java:186)
12-06-2026 11:48:38.935 [java] [ERROR] 	at java.base/java.util.HashMap$KeySpliterator.forEachRemaining(HashMap.java:1716)
12-06-2026 11:48:38.935 [java] [ERROR] 	at java.base/java.util.stream.AbstractPipeline.copyInto(AbstractPipeline.java:570)
12-06-2026 11:48:38.935 [java] [ERROR] 	at java.base/java.util.stream.ForEachOps$ForEachTask.compute(ForEachOps.java:293)
12-06-2026 11:48:38.935 [java] [ERROR] 	at java.base/java.util.concurrent.CountedCompleter.exec(CountedCompleter.java:759)
12-06-2026 11:48:38.935 [java] [ERROR] 	at java.base/java.util.concurrent.ForkJoinTask.doExec(ForkJoinTask.java:511)
12-06-2026 11:48:38.935 [java] [ERROR] 	at java.base/java.util.concurrent.ForkJoinPool$WorkQueue.topLevelExec(ForkJoinPool.java:1450)
12-06-2026 11:48:38.935 [java] [ERROR] 	at java.base/java.util.concurrent.ForkJoinPool.runWorker(ForkJoinPool.java:2019)
12-06-2026 11:48:38.935 [java] [ERROR] 	at java.base/java.util.concurrent.ForkJoinWorkerThread.run(ForkJoinWorkerThread.java:187)
12-06-2026 11:48:38.935 [java] [ERROR] [ForkJoinPool.commonPool-worker-5] WARN org.reflections.Reflections - could not create Vfs.Dir from url. ignoring the exception and continuing
12-06-2026 11:48:38.935 [java] [ERROR] org.reflections.ReflectionsException: could not create Vfs.Dir from url, no matching UrlType was found [file:/C:/Users/a.basaleh/.jdks/openjdk-26.0.1!/jdk.editpad]
12-06-2026 11:48:38.935 [java] [ERROR] either use fromURL(final URL url, final List<UrlType> urlTypes) or use the static setDefaultURLTypes(final List<UrlType> urlTypes) or addDefaultURLTypes(UrlType urlType) with your specialized UrlType.
12-06-2026 11:48:38.935 [java] [ERROR] 	at org.reflections.vfs.Vfs.fromURL(Vfs.java:113)
12-06-2026 11:48:38.935 [java] [ERROR] 	at org.reflections.vfs.Vfs.fromURL(Vfs.java:95)
12-06-2026 11:48:38.935 [java] [ERROR] 	at org.reflections.Reflections.lambda$scan$2(Reflections.java:176)
12-06-2026 11:48:38.935 [java] [ERROR] 	at java.base/java.util.stream.ForEachOps$ForEachOp$OfRef.accept(ForEachOps.java:186)
12-06-2026 11:48:38.935 [java] [ERROR] 	at java.base/java.util.HashMap$KeySpliterator.forEachRemaining(HashMap.java:1716)
12-06-2026 11:48:38.935 [java] [ERROR] 	at java.base/java.util.stream.AbstractPipeline.copyInto(AbstractPipeline.java:570)
12-06-2026 11:48:38.935 [java] [ERROR] 	at java.base/java.util.stream.ForEachOps$ForEachTask.compute(ForEachOps.java:293)
12-06-2026 11:48:38.935 [java] [ERROR] 	at java.base/java.util.concurrent.CountedCompleter.exec(CountedCompleter.java:759)
12-06-2026 11:48:38.935 [java] [ERROR] 	at java.base/java.util.concurrent.ForkJoinTask.doExec(ForkJoinTask.java:511)
12-06-2026 11:48:38.935 [java] [ERROR] 	at java.base/java.util.concurrent.ForkJoinPool$WorkQueue.topLevelExec(ForkJoinPool.java:1450)
12-06-2026 11:48:38.935 [java] [ERROR] 	at java.base/java.util.concurrent.ForkJoinPool.runWorker(ForkJoinPool.java:2019)
12-06-2026 11:48:38.935 [java] [ERROR] 	at java.base/java.util.concurrent.ForkJoinWorkerThread.run(ForkJoinWorkerThread.java:187)
12-06-2026 11:48:38.935 [java] [ERROR] [ForkJoinPool.commonPool-worker-11] WARN org.reflections.Reflections - could not create Dir using com.thoughtworks.gauge.scan.ClasspathScanner$1@440b067b from url file:/C:/Users/a.basaleh/.jdks/openjdk-26.0.1!/java.rmi. skipping.
12-06-2026 11:48:38.935 [java] [ERROR] java.lang.NullPointerException: Cannot invoke "java.io.File.isDirectory()" because "file" is null
12-06-2026 11:48:38.935 [java] [ERROR] 	at com.thoughtworks.gauge.scan.ClasspathScanner$1.createDir(ClasspathScanner.java:48)
12-06-2026 11:48:38.935 [java] [ERROR] 	at org.reflections.vfs.Vfs.fromURL(Vfs.java:103)
12-06-2026 11:48:38.935 [java] [ERROR] 	at org.reflections.vfs.Vfs.fromURL(Vfs.java:95)
12-06-2026 11:48:38.935 [java] [ERROR] 	at org.reflections.Reflections.lambda$scan$2(Reflections.java:176)
12-06-2026 11:48:38.935 [java] [ERROR] 	at java.base/java.util.stream.ForEachOps$ForEachOp$OfRef.accept(ForEachOps.java:186)
12-06-2026 11:48:38.935 [java] [ERROR] 	at java.base/java.util.HashMap$KeySpliterator.forEachRemaining(HashMap.java:1716)
12-06-2026 11:48:38.935 [java] [ERROR] 	at java.base/java.util.stream.AbstractPipeline.copyInto(AbstractPipeline.java:570)
12-06-2026 11:48:38.935 [java] [ERROR] 	at java.base/java.util.stream.ForEachOps$ForEachTask.compute(ForEachOps.java:293)
12-06-2026 11:48:38.935 [java] [ERROR] 	at java.base/java.util.concurrent.CountedCompleter.exec(CountedCompleter.java:759)
12-06-2026 11:48:38.935 [java] [ERROR] 	at java.base/java.util.concurrent.ForkJoinTask.doExec(ForkJoinTask.java:511)
12-06-2026 11:48:38.935 [java] [ERROR] 	at java.base/java.util.concurrent.ForkJoinPool$WorkQueue.topLevelExec(ForkJoinPool.java:1450)
12-06-2026 11:48:38.935 [java] [ERROR] 	at java.base/java.util.concurrent.ForkJoinPool.runWorker(ForkJoinPool.java:2019)
12-06-2026 11:48:38.935 [java] [ERROR] 	at java.base/java.util.concurrent.ForkJoinWorkerThread.run(ForkJoinWorkerThread.java:187)
12-06-2026 11:48:38.935 [java] [ERROR] [ForkJoinPool.commonPool-worker-2] WARN org.reflections.Reflections - could not create Vfs.Dir from url. ignoring the exception and continuing
12-06-2026 11:48:38.935 [java] [ERROR] org.reflections.ReflectionsException: could not create Vfs.Dir from url, no matching UrlType was found [file:/C:/Users/a.basaleh/.jdks/openjdk-26.0.1!/jdk.jdeps]
12-06-2026 11:48:38.935 [java] [ERROR] either use fromURL(final URL url, final List<UrlType> urlTypes) or use the static setDefaultURLTypes(final List<UrlType> urlTypes) or addDefaultURLTypes(UrlType urlType) with your specialized UrlType.
12-06-2026 11:48:38.935 [java] [ERROR] 	at org.reflections.vfs.Vfs.fromURL(Vfs.java:113)
12-06-2026 11:48:38.935 [java] [ERROR] 	at org.reflections.vfs.Vfs.fromURL(Vfs.java:95)
12-06-2026 11:48:38.935 [java] [ERROR] 	at org.reflections.Reflections.lambda$scan$2(Reflections.java:176)
12-06-2026 11:48:38.935 [java] [ERROR] 	at java.base/java.util.stream.ForEachOps$ForEachOp$OfRef.accept(ForEachOps.java:186)
12-06-2026 11:48:38.935 [java] [ERROR] 	at java.base/java.util.HashMap$KeySpliterator.forEachRemaining(HashMap.java:1716)
12-06-2026 11:48:38.935 [java] [ERROR] 	at java.base/java.util.stream.AbstractPipeline.copyInto(AbstractPipeline.java:570)
12-06-2026 11:48:38.935 [java] [ERROR] 	at java.base/java.util.stream.ForEachOps$ForEachTask.compute(ForEachOps.java:293)
12-06-2026 11:48:38.935 [java] [ERROR] 	at java.base/java.util.concurrent.CountedCompleter.exec(CountedCompleter.java:759)
12-06-2026 11:48:38.935 [java] [ERROR] 	at java.base/java.util.concurrent.ForkJoinTask.doExec(ForkJoinTask.java:511)
12-06-2026 11:48:38.935 [java] [ERROR] 	at java.base/java.util.concurrent.ForkJoinPool$WorkQueue.topLevelExec(ForkJoinPool.java:1450)
12-06-2026 11:48:38.935 [java] [ERROR] 	at java.base/java.util.concurrent.ForkJoinPool.runWorker(ForkJoinPool.java:2019)
12-06-2026 11:48:38.935 [java] [ERROR] 	at java.base/java.util.concurrent.ForkJoinWorkerThread.run(ForkJoinWorkerThread.java:187)
12-06-2026 11:48:38.935 [java] [ERROR] [ForkJoinPool.commonPool-worker-6] WARN org.reflections.Reflections - could not create Dir using com.thoughtworks.gauge.scan.ClasspathScanner$1@440b067b from url file:/C:/Users/a.basaleh/.jdks/openjdk-26.0.1!/jdk.jdwp.agent. skipping.
12-06-2026 11:48:38.935 [java] [ERROR] java.lang.NullPointerException: Cannot invoke "java.io.File.isDirectory()" because "file" is null
12-06-2026 11:48:38.935 [java] [ERROR] 	at com.thoughtworks.gauge.scan.ClasspathScanner$1.createDir(ClasspathScanner.java:48)
12-06-2026 11:48:38.936 [java] [ERROR] 	at org.reflections.vfs.Vfs.fromURL(Vfs.java:103)
12-06-2026 11:48:38.936 [java] [ERROR] 	at org.reflections.vfs.Vfs.fromURL(Vfs.java:95)
12-06-2026 11:48:38.936 [java] [ERROR] 	at org.reflections.Reflections.lambda$scan$2(Reflections.java:176)
12-06-2026 11:48:38.936 [java] [ERROR] 	at java.base/java.util.stream.ForEachOps$ForEachOp$OfRef.accept(ForEachOps.java:186)
12-06-2026 11:48:38.936 [java] [ERROR] 	at java.base/java.util.HashMap$KeySpliterator.forEachRemaining(HashMap.java:1716)
12-06-2026 11:48:38.936 [java] [ERROR] 	at java.base/java.util.stream.AbstractPipeline.copyInto(AbstractPipeline.java:570)
12-06-2026 11:48:38.936 [java] [ERROR] 	at java.base/java.util.stream.ForEachOps$ForEachTask.compute(ForEachOps.java:293)
12-06-2026 11:48:38.936 [java] [ERROR] 	at java.base/java.util.concurrent.CountedCompleter.exec(CountedCompleter.java:759)
12-06-2026 11:48:38.936 [java] [ERROR] 	at java.base/java.util.concurrent.ForkJoinTask.doExec(ForkJoinTask.java:511)
12-06-2026 11:48:38.936 [java] [ERROR] 	at java.base/java.util.concurrent.ForkJoinPool$WorkQueue.topLevelExec(ForkJoinPool.java:1450)
12-06-2026 11:48:38.936 [java] [ERROR] 	at java.base/java.util.concurrent.ForkJoinPool.runWorker(ForkJoinPool.java:2019)
12-06-2026 11:48:38.936 [java] [ERROR] 	at java.base/java.util.concurrent.ForkJoinWorkerThread.run(ForkJoinWorkerThread.java:187)
12-06-2026 11:48:38.936 [java] [ERROR] [pool-2-thread-1] WARN org.reflections.Reflections - could not create Dir using com.thoughtworks.gauge.scan.ClasspathScanner$1@440b067b from url file:/C:/Users/a.basaleh/.jdks/openjdk-26.0.1!/java.security.jgss. skipping.
12-06-2026 11:48:38.936 [java] [ERROR] java.lang.NullPointerException: Cannot invoke "java.io.File.isDirectory()" because "file" is null
12-06-2026 11:48:38.936 [java] [ERROR] 	at com.thoughtworks.gauge.scan.ClasspathScanner$1.createDir(ClasspathScanner.java:48)
12-06-2026 11:48:38.936 [java] [ERROR] 	at org.reflections.vfs.Vfs.fromURL(Vfs.java:103)
12-06-2026 11:48:38.936 [java] [ERROR] 	at org.reflections.vfs.Vfs.fromURL(Vfs.java:95)
12-06-2026 11:48:38.936 [java] [ERROR] 	at org.reflections.Reflections.lambda$scan$2(Reflections.java:176)
12-06-2026 11:48:38.936 [java] [ERROR] 	at java.base/java.util.stream.ForEachOps$ForEachOp$OfRef.accept(ForEachOps.java:186)
12-06-2026 11:48:38.936 [java] [ERROR] 	at java.base/java.util.HashMap$KeySpliterator.forEachRemaining(HashMap.java:1716)
12-06-2026 11:48:38.936 [java] [ERROR] 	at java.base/java.util.stream.AbstractPipeline.copyInto(AbstractPipeline.java:570)
12-06-2026 11:48:38.936 [java] [ERROR] 	at java.base/java.util.stream.ForEachOps$ForEachTask.compute(ForEachOps.java:293)
12-06-2026 11:48:38.936 [java] [ERROR] 	at java.base/java.util.concurrent.CountedCompleter.exec(CountedCompleter.java:759)
12-06-2026 11:48:38.936 [java] [ERROR] 	at java.base/java.util.concurrent.ForkJoinTask.doExec(ForkJoinTask.java:511)
12-06-2026 11:48:38.936 [java] [ERROR] 	at java.base/java.util.concurrent.ForkJoinPool$WorkQueue.helpComplete(ForkJoinPool.java:1537)
12-06-2026 11:48:38.936 [java] [ERROR] 	at java.base/java.util.concurrent.ForkJoinPool.helpComplete(ForkJoinPool.java:2332)
12-06-2026 11:48:38.936 [java] [ERROR] 	at java.base/java.util.concurrent.ForkJoinTask.awaitDone(ForkJoinTask.java:497)
12-06-2026 11:48:38.936 [java] [ERROR] 	at java.base/java.util.concurrent.ForkJoinTask.join(ForkJoinTask.java:669)
12-06-2026 11:48:38.936 [java] [ERROR] 	at java.base/java.util.concurrent.ForkJoinTask.invoke(ForkJoinTask.java:684)
12-06-2026 11:48:38.936 [java] [ERROR] 	at java.base/java.util.stream.ForEachOps$ForEachOp.evaluateParallel(ForEachOps.java:162)
12-06-2026 11:48:38.936 [java] [ERROR] 	at java.base/java.util.stream.ForEachOps$ForEachOp$OfRef.evaluateParallel(ForEachOps.java:176)
12-06-2026 11:48:38.936 [java] [ERROR] 	at java.base/java.util.stream.AbstractPipeline.evaluate(AbstractPipeline.java:264)
12-06-2026 11:48:38.936 [java] [ERROR] 	at java.base/java.util.stream.ReferencePipeline.forEach(ReferencePipeline.java:632)
12-06-2026 11:48:38.936 [java] [ERROR] 	at java.base/java.util.stream.ReferencePipeline$Head.forEach(ReferencePipeline.java:806)
12-06-2026 11:48:38.936 [java] [ERROR] 	at org.reflections.Reflections.scan(Reflections.java:173)
12-06-2026 11:48:38.936 [java] [ERROR] 	at org.reflections.Reflections.<init>(Reflections.java:126)
12-06-2026 11:48:38.936 [java] [ERROR] 	at com.thoughtworks.gauge.execution.parameters.parsers.base.ParameterParsingChain.createReflections(ParameterParsingChain.java:47)
12-06-2026 11:48:38.936 [java] [ERROR] 	at com.thoughtworks.gauge.execution.parameters.parsers.base.ParameterParsingChain.<init>(ParameterParsingChain.java:33)
12-06-2026 11:48:38.936 [java] [ERROR] 	at com.thoughtworks.gauge.connection.MessageProcessorFactory.initializeExecutionMessageProcessors(MessageProcessorFactory.java:91)
12-06-2026 11:48:38.936 [java] [ERROR] 	at com.thoughtworks.gauge.connection.MessageProcessorFactory.getProcessor(MessageProcessorFactory.java:66)
12-06-2026 11:48:38.936 [java] [ERROR] 	at com.thoughtworks.gauge.RunnerServiceHandler.lambda$validateStep$17(RunnerServiceHandler.java:332)
12-06-2026 11:48:38.936 [java] [ERROR] 	at java.base/java.util.concurrent.ThreadPoolExecutor.runWorker(ThreadPoolExecutor.java:1090)
12-06-2026 11:48:38.936 [java] [ERROR] 	at java.base/java.util.concurrent.ThreadPoolExecutor$Worker.run(ThreadPoolExecutor.java:614)
12-06-2026 11:48:38.936 [java] [ERROR] 	at java.base/java.lang.Thread.run(Thread.java:1516)
12-06-2026 11:48:38.936 [java] [ERROR] [ForkJoinPool.commonPool-worker-7] WARN org.reflections.Reflections - could not create Dir using com.thoughtworks.gauge.scan.ClasspathScanner$1@440b067b from url file:/C:/Users/a.basaleh/.jdks/openjdk-26.0.1!/jdk.internal.le. skipping.
12-06-2026 11:48:38.936 [java] [ERROR] java.lang.NullPointerException: Cannot invoke "java.io.File.isDirectory()" because "file" is null
12-06-2026 11:48:38.936 [java] [ERROR] 	at com.thoughtworks.gauge.scan.ClasspathScanner$1.createDir(ClasspathScanner.java:48)
12-06-2026 11:48:38.936 [java] [ERROR] 	at org.reflections.vfs.Vfs.fromURL(Vfs.java:103)
12-06-2026 11:48:38.936 [java] [ERROR] 	at org.reflections.vfs.Vfs.fromURL(Vfs.java:95)
12-06-2026 11:48:38.936 [java] [ERROR] 	at org.reflections.Reflections.lambda$scan$2(Reflections.java:176)
12-06-2026 11:48:38.936 [java] [ERROR] 	at java.base/java.util.stream.ForEachOps$ForEachOp$OfRef.accept(ForEachOps.java:186)
12-06-2026 11:48:38.936 [java] [ERROR] 	at java.base/java.util.HashMap$KeySpliterator.forEachRemaining(HashMap.java:1716)
12-06-2026 11:48:38.937 [java] [ERROR] 	at java.base/java.util.stream.AbstractPipeline.copyInto(AbstractPipeline.java:570)
12-06-2026 11:48:38.937 [java] [ERROR] 	at java.base/java.util.stream.ForEachOps$ForEachTask.compute(ForEachOps.java:293)
12-06-2026 11:48:38.937 [java] [ERROR] 	at java.base/java.util.concurrent.CountedCompleter.exec(CountedCompleter.java:759)
12-06-2026 11:48:38.937 [java] [ERROR] 	at java.base/java.util.concurrent.ForkJoinTask.doExec(ForkJoinTask.java:511)
12-06-2026 11:48:38.937 [java] [ERROR] 	at java.base/java.util.concurrent.ForkJoinPool$WorkQueue.topLevelExec(ForkJoinPool.java:1450)
12-06-2026 11:48:38.937 [java] [ERROR] 	at java.base/java.util.concurrent.ForkJoinPool.runWorker(ForkJoinPool.java:2019)
12-06-2026 11:48:38.937 [java] [ERROR] 	at java.base/java.util.concurrent.ForkJoinWorkerThread.run(ForkJoinWorkerThread.java:187)
12-06-2026 11:48:38.937 [java] [ERROR] [ForkJoinPool.commonPool-worker-7] WARN org.reflections.Reflections - could not create Vfs.Dir from url. ignoring the exception and continuing
12-06-2026 11:48:38.937 [java] [ERROR] org.reflections.ReflectionsException: could not create Vfs.Dir from url, no matching UrlType was found [file:/C:/Users/a.basaleh/.jdks/openjdk-26.0.1!/jdk.internal.le]
12-06-2026 11:48:38.937 [java] [ERROR] either use fromURL(final URL url, final List<UrlType> urlTypes) or use the static setDefaultURLTypes(final List<UrlType> urlTypes) or addDefaultURLTypes(UrlType urlType) with your specialized UrlType.
12-06-2026 11:48:38.937 [java] [ERROR] 	at org.reflections.vfs.Vfs.fromURL(Vfs.java:113)
12-06-2026 11:48:38.937 [java] [ERROR] 	at org.reflections.vfs.Vfs.fromURL(Vfs.java:95)
12-06-2026 11:48:38.937 [java] [ERROR] 	at org.reflections.Reflections.lambda$scan$2(Reflections.java:176)
12-06-2026 11:48:38.937 [java] [ERROR] 	at java.base/java.util.stream.ForEachOps$ForEachOp$OfRef.accept(ForEachOps.java:186)
12-06-2026 11:48:38.937 [java] [ERROR] 	at java.base/java.util.HashMap$KeySpliterator.forEachRemaining(HashMap.java:1716)
12-06-2026 11:48:38.937 [java] [ERROR] 	at java.base/java.util.stream.AbstractPipeline.copyInto(AbstractPipeline.java:570)
12-06-2026 11:48:38.937 [java] [ERROR] 	at java.base/java.util.stream.ForEachOps$ForEachTask.compute(ForEachOps.java:293)
12-06-2026 11:48:38.937 [java] [ERROR] 	at java.base/java.util.concurrent.CountedCompleter.exec(CountedCompleter.java:759)
12-06-2026 11:48:38.937 [java] [ERROR] 	at java.base/java.util.concurrent.ForkJoinTask.doExec(ForkJoinTask.java:511)
12-06-2026 11:48:38.937 [java] [ERROR] 	at java.base/java.util.concurrent.ForkJoinPool$WorkQueue.topLevelExec(ForkJoinPool.java:1450)
12-06-2026 11:48:38.937 [java] [ERROR] 	at java.base/java.util.concurrent.ForkJoinPool.runWorker(ForkJoinPool.java:2019)
12-06-2026 11:48:38.937 [java] [ERROR] 	at java.base/java.util.concurrent.ForkJoinWorkerThread.run(ForkJoinWorkerThread.java:187)
12-06-2026 11:48:38.937 [java] [ERROR] [ForkJoinPool.commonPool-worker-9] WARN org.reflections.Reflections - could not create Dir using com.thoughtworks.gauge.scan.ClasspathScanner$1@440b067b from url file:/C:/Users/a.basaleh/.jdks/openjdk-26.0.1!/jdk.incubator.vector. skipping.
12-06-2026 11:48:38.937 [java] [ERROR] java.lang.NullPointerException: Cannot invoke "java.io.File.isDirectory()" because "file" is null
12-06-2026 11:48:38.937 [java] [ERROR] 	at com.thoughtworks.gauge.scan.ClasspathScanner$1.createDir(ClasspathScanner.java:48)
12-06-2026 11:48:38.937 [java] [ERROR] 	at org.reflections.vfs.Vfs.fromURL(Vfs.java:103)
12-06-2026 11:48:38.937 [java] [ERROR] 	at org.reflections.vfs.Vfs.fromURL(Vfs.java:95)
12-06-2026 11:48:38.937 [java] [ERROR] 	at org.reflections.Reflections.lambda$scan$2(Reflections.java:176)
12-06-2026 11:48:38.937 [java] [ERROR] 	at java.base/java.util.stream.ForEachOps$ForEachOp$OfRef.accept(ForEachOps.java:186)
12-06-2026 11:48:38.937 [java] [ERROR] 	at java.base/java.util.HashMap$KeySpliterator.forEachRemaining(HashMap.java:1716)
12-06-2026 11:48:38.937 [java] [ERROR] 	at java.base/java.util.stream.AbstractPipeline.copyInto(AbstractPipeline.java:570)
12-06-2026 11:48:38.937 [java] [ERROR] 	at java.base/java.util.stream.ForEachOps$ForEachTask.compute(ForEachOps.java:293)
12-06-2026 11:48:38.937 [java] [ERROR] 	at java.base/java.util.concurrent.CountedCompleter.exec(CountedCompleter.java:759)
12-06-2026 11:48:38.937 [java] [ERROR] 	at java.base/java.util.concurrent.ForkJoinTask.doExec(ForkJoinTask.java:511)
12-06-2026 11:48:38.937 [java] [ERROR] 	at java.base/java.util.concurrent.ForkJoinPool$WorkQueue.topLevelExec(ForkJoinPool.java:1450)
12-06-2026 11:48:38.937 [java] [ERROR] 	at java.base/java.util.concurrent.ForkJoinPool.runWorker(ForkJoinPool.java:2019)
12-06-2026 11:48:38.937 [java] [ERROR] 	at java.base/java.util.concurrent.ForkJoinWorkerThread.run(ForkJoinWorkerThread.java:187)
12-06-2026 11:48:38.937 [java] [ERROR] [ForkJoinPool.commonPool-worker-4] WARN org.reflections.Reflections - could not create Vfs.Dir from url. ignoring the exception and continuing
12-06-2026 11:48:38.938 [java] [ERROR] org.reflections.ReflectionsException: could not create Vfs.Dir from url, no matching UrlType was found [file:/C:/Users/a.basaleh/.jdks/openjdk-26.0.1!/jdk.hotspot.agent]
12-06-2026 11:48:38.938 [java] [ERROR] either use fromURL(final URL url, final List<UrlType> urlTypes) or use the static setDefaultURLTypes(final List<UrlType> urlTypes) or addDefaultURLTypes(UrlType urlType) with your specialized UrlType.
12-06-2026 11:48:38.938 [java] [ERROR] 	at org.reflections.vfs.Vfs.fromURL(Vfs.java:113)
12-06-2026 11:48:38.938 [java] [ERROR] 	at org.reflections.vfs.Vfs.fromURL(Vfs.java:95)
12-06-2026 11:48:38.938 [java] [ERROR] 	at org.reflections.Reflections.lambda$scan$2(Reflections.java:176)
12-06-2026 11:48:38.938 [java] [ERROR] 	at java.base/java.util.stream.ForEachOps$ForEachOp$OfRef.accept(ForEachOps.java:186)
12-06-2026 11:48:38.938 [java] [ERROR] 	at java.base/java.util.HashMap$KeySpliterator.forEachRemaining(HashMap.java:1716)
12-06-2026 11:48:38.938 [java] [ERROR] 	at java.base/java.util.stream.AbstractPipeline.copyInto(AbstractPipeline.java:570)
12-06-2026 11:48:38.938 [java] [ERROR] 	at java.base/java.util.stream.ForEachOps$ForEachTask.compute(ForEachOps.java:293)
12-06-2026 11:48:38.938 [java] [ERROR] 	at java.base/java.util.concurrent.CountedCompleter.exec(CountedCompleter.java:759)
12-06-2026 11:48:38.938 [java] [ERROR] 	at java.base/java.util.concurrent.ForkJoinTask.doExec(ForkJoinTask.java:511)
12-06-2026 11:48:38.938 [java] [ERROR] 	at java.base/java.util.concurrent.ForkJoinPool$WorkQueue.topLevelExec(ForkJoinPool.java:1450)
12-06-2026 11:48:38.938 [java] [ERROR] 	at java.base/java.util.concurrent.ForkJoinPool.runWorker(ForkJoinPool.java:2019)
12-06-2026 11:48:38.938 [java] [ERROR] 	at java.base/java.util.concurrent.ForkJoinWorkerThread.run(ForkJoinWorkerThread.java:187)
12-06-2026 11:48:38.938 [java] [ERROR] [ForkJoinPool.commonPool-worker-4] WARN org.reflections.Reflections - could not create Dir using com.thoughtworks.gauge.scan.ClasspathScanner$1@440b067b from url file:/C:/Users/a.basaleh/.jdks/openjdk-26.0.1!/jdk.localedata. skipping.
12-06-2026 11:48:38.938 [java] [ERROR] java.lang.NullPointerException: Cannot invoke "java.io.File.isDirectory()" because "file" is null
12-06-2026 11:48:38.938 [java] [ERROR] 	at com.thoughtworks.gauge.scan.ClasspathScanner$1.createDir(ClasspathScanner.java:48)
12-06-2026 11:48:38.938 [java] [ERROR] 	at org.reflections.vfs.Vfs.fromURL(Vfs.java:103)
12-06-2026 11:48:38.938 [java] [ERROR] 	at org.reflections.vfs.Vfs.fromURL(Vfs.java:95)
12-06-2026 11:48:38.938 [java] [ERROR] 	at org.reflections.Reflections.lambda$scan$2(Reflections.java:176)
12-06-2026 11:48:38.938 [java] [ERROR] 	at java.base/java.util.stream.ForEachOps$ForEachOp$OfRef.accept(ForEachOps.java:186)
12-06-2026 11:48:38.939 [java] [ERROR] 	at java.base/java.util.HashMap$KeySpliterator.forEachRemaining(HashMap.java:1716)
12-06-2026 11:48:38.939 [java] [ERROR] 	at java.base/java.util.stream.AbstractPipeline.copyInto(AbstractPipeline.java:570)
12-06-2026 11:48:38.939 [java] [ERROR] 	at java.base/java.util.stream.ForEachOps$ForEachTask.compute(ForEachOps.java:293)
12-06-2026 11:48:38.939 [java] [ERROR] 	at java.base/java.util.concurrent.CountedCompleter.exec(CountedCompleter.java:759)
12-06-2026 11:48:38.939 [java] [ERROR] 	at java.base/java.util.concurrent.ForkJoinTask.doExec(ForkJoinTask.java:511)
12-06-2026 11:48:38.939 [java] [ERROR] 	at java.base/java.util.concurrent.ForkJoinPool$WorkQueue.topLevelExec(ForkJoinPool.java:1450)
12-06-2026 11:48:38.939 [java] [ERROR] 	at java.base/java.util.concurrent.ForkJoinPool.runWorker(ForkJoinPool.java:2019)
12-06-2026 11:48:38.939 [java] [ERROR] 	at java.base/java.util.concurrent.ForkJoinWorkerThread.run(ForkJoinWorkerThread.java:187)
12-06-2026 11:48:38.939 [java] [ERROR] [ForkJoinPool.commonPool-worker-11] WARN org.reflections.Reflections - could not create Vfs.Dir from url. ignoring the exception and continuing
12-06-2026 11:48:38.939 [java] [ERROR] org.reflections.ReflectionsException: could not create Vfs.Dir from url, no matching UrlType was found [file:/C:/Users/a.basaleh/.jdks/openjdk-26.0.1!/java.rmi]
12-06-2026 11:48:38.939 [java] [ERROR] either use fromURL(final URL url, final List<UrlType> urlTypes) or use the static setDefaultURLTypes(final List<UrlType> urlTypes) or addDefaultURLTypes(UrlType urlType) with your specialized UrlType.
12-06-2026 11:48:38.939 [java] [ERROR] 	at org.reflections.vfs.Vfs.fromURL(Vfs.java:113)
12-06-2026 11:48:38.939 [java] [ERROR] 	at org.reflections.vfs.Vfs.fromURL(Vfs.java:95)
12-06-2026 11:48:38.942 [java] [ERROR] 	at org.reflections.Reflections.lambda$scan$2(Reflections.java:176)
12-06-2026 11:48:38.942 [java] [ERROR] 	at java.base/java.util.stream.ForEachOps$ForEachOp$OfRef.accept(ForEachOps.java:186)
12-06-2026 11:48:38.942 [java] [ERROR] 	at java.base/java.util.HashMap$KeySpliterator.forEachRemaining(HashMap.java:1716)
12-06-2026 11:48:38.942 [java] [ERROR] 	at java.base/java.util.stream.AbstractPipeline.copyInto(AbstractPipeline.java:570)
12-06-2026 11:48:38.942 [java] [ERROR] 	at java.base/java.util.stream.ForEachOps$ForEachTask.compute(ForEachOps.java:293)
12-06-2026 11:48:38.942 [java] [ERROR] 	at java.base/java.util.concurrent.CountedCompleter.exec(CountedCompleter.java:759)
12-06-2026 11:48:38.942 [java] [ERROR] 	at java.base/java.util.concurrent.ForkJoinTask.doExec(ForkJoinTask.java:511)
12-06-2026 11:48:38.942 [java] [ERROR] 	at java.base/java.util.concurrent.ForkJoinPool$WorkQueue.topLevelExec(ForkJoinPool.java:1450)
12-06-2026 11:48:38.942 [java] [ERROR] 	at java.base/java.util.concurrent.ForkJoinPool.runWorker(ForkJoinPool.java:2019)
12-06-2026 11:48:38.942 [java] [ERROR] 	at java.base/java.util.concurrent.ForkJoinWorkerThread.run(ForkJoinWorkerThread.java:187)
12-06-2026 11:48:38.942 [java] [ERROR] [ForkJoinPool.commonPool-worker-3] WARN org.reflections.Reflections - could not create Dir using com.thoughtworks.gauge.scan.ClasspathScanner$1@440b067b from url file:/C:/Users/a.basaleh/.jdks/openjdk-26.0.1!/jdk.jstatd. skipping.
12-06-2026 11:48:38.942 [java] [ERROR] java.lang.NullPointerException: Cannot invoke "java.io.File.isDirectory()" because "file" is null
12-06-2026 11:48:38.942 [java] [ERROR] 	at com.thoughtworks.gauge.scan.ClasspathScanner$1.createDir(ClasspathScanner.java:48)
12-06-2026 11:48:38.942 [java] [ERROR] 	at org.reflections.vfs.Vfs.fromURL(Vfs.java:103)
12-06-2026 11:48:38.942 [java] [ERROR] 	at org.reflections.vfs.Vfs.fromURL(Vfs.java:95)
12-06-2026 11:48:38.942 [java] [ERROR] 	at org.reflections.Reflections.lambda$scan$2(Reflections.java:176)
12-06-2026 11:48:38.942 [java] [ERROR] 	at java.base/java.util.stream.ForEachOps$ForEachOp$OfRef.accept(ForEachOps.java:186)
12-06-2026 11:48:38.942 [java] [ERROR] 	at java.base/java.util.HashMap$KeySpliterator.forEachRemaining(HashMap.java:1716)
12-06-2026 11:48:38.942 [java] [ERROR] 	at java.base/java.util.stream.AbstractPipeline.copyInto(AbstractPipeline.java:570)
12-06-2026 11:48:38.942 [java] [ERROR] 	at java.base/java.util.stream.ForEachOps$ForEachTask.compute(ForEachOps.java:293)
12-06-2026 11:48:38.942 [java] [ERROR] 	at java.base/java.util.concurrent.CountedCompleter.exec(CountedCompleter.java:759)
12-06-2026 11:48:38.942 [java] [ERROR] 	at java.base/java.util.concurrent.ForkJoinTask.doExec(ForkJoinTask.java:511)
12-06-2026 11:48:38.943 [java] [ERROR] 	at java.base/java.util.concurrent.ForkJoinPool$WorkQueue.topLevelExec(ForkJoinPool.java:1450)
12-06-2026 11:48:38.943 [java] [ERROR] 	at java.base/java.util.concurrent.ForkJoinPool.runWorker(ForkJoinPool.java:2019)
12-06-2026 11:48:38.943 [java] [ERROR] 	at java.base/java.util.concurrent.ForkJoinWorkerThread.run(ForkJoinWorkerThread.java:187)
12-06-2026 11:48:38.943 [java] [ERROR] [ForkJoinPool.commonPool-worker-6] WARN org.reflections.Reflections - could not create Vfs.Dir from url. ignoring the exception and continuing
12-06-2026 11:48:38.943 [java] [ERROR] org.reflections.ReflectionsException: could not create Vfs.Dir from url, no matching UrlType was found [file:/C:/Users/a.basaleh/.jdks/openjdk-26.0.1!/jdk.jdwp.agent]
12-06-2026 11:48:38.943 [java] [ERROR] either use fromURL(final URL url, final List<UrlType> urlTypes) or use the static setDefaultURLTypes(final List<UrlType> urlTypes) or addDefaultURLTypes(UrlType urlType) with your specialized UrlType.
12-06-2026 11:48:38.943 [java] [ERROR] 	at org.reflections.vfs.Vfs.fromURL(Vfs.java:113)
12-06-2026 11:48:38.943 [java] [ERROR] 	at org.reflections.vfs.Vfs.fromURL(Vfs.java:95)
12-06-2026 11:48:38.943 [java] [ERROR] 	at org.reflections.Reflections.lambda$scan$2(Reflections.java:176)
12-06-2026 11:48:38.943 [java] [ERROR] 	at java.base/java.util.stream.ForEachOps$ForEachOp$OfRef.accept(ForEachOps.java:186)
12-06-2026 11:48:38.943 [java] [ERROR] 	at java.base/java.util.HashMap$KeySpliterator.forEachRemaining(HashMap.java:1716)
12-06-2026 11:48:38.943 [java] [ERROR] 	at java.base/java.util.stream.AbstractPipeline.copyInto(AbstractPipeline.java:570)
12-06-2026 11:48:38.943 [java] [ERROR] 	at java.base/java.util.stream.ForEachOps$ForEachTask.compute(ForEachOps.java:293)
12-06-2026 11:48:38.943 [java] [ERROR] 	at java.base/java.util.concurrent.CountedCompleter.exec(CountedCompleter.java:759)
12-06-2026 11:48:38.943 [java] [ERROR] 	at java.base/java.util.concurrent.ForkJoinTask.doExec(ForkJoinTask.java:511)
12-06-2026 11:48:38.943 [java] [ERROR] 	at java.base/java.util.concurrent.ForkJoinPool$WorkQueue.topLevelExec(ForkJoinPool.java:1450)
12-06-2026 11:48:38.943 [java] [ERROR] 	at java.base/java.util.concurrent.ForkJoinPool.runWorker(ForkJoinPool.java:2019)
12-06-2026 11:48:38.943 [java] [ERROR] 	at java.base/java.util.concurrent.ForkJoinWorkerThread.run(ForkJoinWorkerThread.java:187)
12-06-2026 11:48:38.943 [java] [ERROR] [pool-2-thread-1] WARN org.reflections.Reflections - could not create Vfs.Dir from url. ignoring the exception and continuing
12-06-2026 11:48:38.943 [java] [ERROR] org.reflections.ReflectionsException: could not create Vfs.Dir from url, no matching UrlType was found [file:/C:/Users/a.basaleh/.jdks/openjdk-26.0.1!/java.security.jgss]
12-06-2026 11:48:38.943 [java] [ERROR] either use fromURL(final URL url, final List<UrlType> urlTypes) or use the static setDefaultURLTypes(final List<UrlType> urlTypes) or addDefaultURLTypes(UrlType urlType) with your specialized UrlType.
12-06-2026 11:48:38.943 [java] [ERROR] 	at org.reflections.vfs.Vfs.fromURL(Vfs.java:113)
12-06-2026 11:48:38.943 [java] [ERROR] 	at org.reflections.vfs.Vfs.fromURL(Vfs.java:95)
12-06-2026 11:48:38.943 [java] [ERROR] 	at org.reflections.Reflections.lambda$scan$2(Reflections.java:176)
12-06-2026 11:48:38.943 [java] [ERROR] 	at java.base/java.util.stream.ForEachOps$ForEachOp$OfRef.accept(ForEachOps.java:186)
12-06-2026 11:48:38.943 [java] [ERROR] 	at java.base/java.util.HashMap$KeySpliterator.forEachRemaining(HashMap.java:1716)
12-06-2026 11:48:38.943 [java] [ERROR] 	at java.base/java.util.stream.AbstractPipeline.copyInto(AbstractPipeline.java:570)
12-06-2026 11:48:38.943 [java] [ERROR] 	at java.base/java.util.stream.ForEachOps$ForEachTask.compute(ForEachOps.java:293)
12-06-2026 11:48:38.943 [java] [ERROR] 	at java.base/java.util.concurrent.CountedCompleter.exec(CountedCompleter.java:759)
12-06-2026 11:48:38.943 [java] [ERROR] 	at java.base/java.util.concurrent.ForkJoinTask.doExec(ForkJoinTask.java:511)
12-06-2026 11:48:38.943 [java] [ERROR] 	at java.base/java.util.concurrent.ForkJoinPool$WorkQueue.helpComplete(ForkJoinPool.java:1537)
12-06-2026 11:48:38.943 [java] [ERROR] 	at java.base/java.util.concurrent.ForkJoinPool.helpComplete(ForkJoinPool.java:2332)
12-06-2026 11:48:38.943 [java] [ERROR] 	at java.base/java.util.concurrent.ForkJoinTask.awaitDone(ForkJoinTask.java:497)
12-06-2026 11:48:38.943 [java] [ERROR] 	at java.base/java.util.concurrent.ForkJoinTask.join(ForkJoinTask.java:669)
12-06-2026 11:48:38.943 [java] [ERROR] 	at java.base/java.util.concurrent.ForkJoinTask.invoke(ForkJoinTask.java:684)
12-06-2026 11:48:38.943 [java] [ERROR] 	at java.base/java.util.stream.ForEachOps$ForEachOp.evaluateParallel(ForEachOps.java:162)
12-06-2026 11:48:38.943 [java] [ERROR] 	at java.base/java.util.stream.ForEachOps$ForEachOp$OfRef.evaluateParallel(ForEachOps.java:176)
12-06-2026 11:48:38.943 [java] [ERROR] 	at java.base/java.util.stream.AbstractPipeline.evaluate(AbstractPipeline.java:264)
12-06-2026 11:48:38.943 [java] [ERROR] 	at java.base/java.util.stream.ReferencePipeline.forEach(ReferencePipeline.java:632)
12-06-2026 11:48:38.943 [java] [ERROR] 	at java.base/java.util.stream.ReferencePipeline$Head.forEach(ReferencePipeline.java:806)
12-06-2026 11:48:38.943 [java] [ERROR] 	at org.reflections.Reflections.scan(Reflections.java:173)
12-06-2026 11:48:38.943 [java] [ERROR] 	at org.reflections.Reflections.<init>(Reflections.java:126)
12-06-2026 11:48:38.943 [java] [ERROR] 	at com.thoughtworks.gauge.execution.parameters.parsers.base.ParameterParsingChain.createReflections(ParameterParsingChain.java:47)
12-06-2026 11:48:38.943 [java] [ERROR] 	at com.thoughtworks.gauge.execution.parameters.parsers.base.ParameterParsingChain.<init>(ParameterParsingChain.java:33)
12-06-2026 11:48:38.943 [java] [ERROR] 	at com.thoughtworks.gauge.connection.MessageProcessorFactory.initializeExecutionMessageProcessors(MessageProcessorFactory.java:91)
12-06-2026 11:48:38.943 [java] [ERROR] 	at com.thoughtworks.gauge.connection.MessageProcessorFactory.getProcessor(MessageProcessorFactory.java:66)
12-06-2026 11:48:38.944 [java] [ERROR] 	at com.thoughtworks.gauge.RunnerServiceHandler.lambda$validateStep$17(RunnerServiceHandler.java:332)
12-06-2026 11:48:38.945 [java] [ERROR] 	at java.base/java.util.concurrent.ThreadPoolExecutor.runWorker(ThreadPoolExecutor.java:1090)
12-06-2026 11:48:38.945 [java] [ERROR] 	at java.base/java.util.concurrent.ThreadPoolExecutor$Worker.run(ThreadPoolExecutor.java:614)
12-06-2026 11:48:38.945 [java] [ERROR] 	at java.base/java.lang.Thread.run(Thread.java:1516)
12-06-2026 11:48:38.945 [java] [ERROR] [ForkJoinPool.commonPool-worker-9] WARN org.reflections.Reflections - could not create Vfs.Dir from url. ignoring the exception and continuing
12-06-2026 11:48:38.945 [java] [ERROR] org.reflections.ReflectionsException: could not create Vfs.Dir from url, no matching UrlType was found [file:/C:/Users/a.basaleh/.jdks/openjdk-26.0.1!/jdk.incubator.vector]
12-06-2026 11:48:38.945 [java] [ERROR] either use fromURL(final URL url, final List<UrlType> urlTypes) or use the static setDefaultURLTypes(final List<UrlType> urlTypes) or addDefaultURLTypes(UrlType urlType) with your specialized UrlType.
12-06-2026 11:48:38.945 [java] [ERROR] 	at org.reflections.vfs.Vfs.fromURL(Vfs.java:113)
12-06-2026 11:48:38.945 [java] [ERROR] 	at org.reflections.vfs.Vfs.fromURL(Vfs.java:95)
12-06-2026 11:48:38.945 [java] [ERROR] 	at org.reflections.Reflections.lambda$scan$2(Reflections.java:176)
12-06-2026 11:48:38.945 [java] [ERROR] 	at java.base/java.util.stream.ForEachOps$ForEachOp$OfRef.accept(ForEachOps.java:186)
12-06-2026 11:48:38.945 [java] [ERROR] 	at java.base/java.util.HashMap$KeySpliterator.forEachRemaining(HashMap.java:1716)
12-06-2026 11:48:38.945 [java] [ERROR] 	at java.base/java.util.stream.AbstractPipeline.copyInto(AbstractPipeline.java:570)
12-06-2026 11:48:38.945 [java] [ERROR] 	at java.base/java.util.stream.ForEachOps$ForEachTask.compute(ForEachOps.java:293)
12-06-2026 11:48:38.945 [java] [ERROR] 	at java.base/java.util.concurrent.CountedCompleter.exec(CountedCompleter.java:759)
12-06-2026 11:48:38.945 [java] [ERROR] 	at java.base/java.util.concurrent.ForkJoinTask.doExec(ForkJoinTask.java:511)
12-06-2026 11:48:38.945 [java] [ERROR] 	at java.base/java.util.concurrent.ForkJoinPool$WorkQueue.topLevelExec(ForkJoinPool.java:1450)
12-06-2026 11:48:38.945 [java] [ERROR] 	at java.base/java.util.concurrent.ForkJoinPool.runWorker(ForkJoinPool.java:2019)
12-06-2026 11:48:38.945 [java] [ERROR] 	at java.base/java.util.concurrent.ForkJoinWorkerThread.run(ForkJoinWorkerThread.java:187)
12-06-2026 11:48:38.945 [java] [ERROR] [ForkJoinPool.commonPool-worker-7] WARN org.reflections.Reflections - could not create Dir using com.thoughtworks.gauge.scan.ClasspathScanner$1@440b067b from url file:/C:/Users/a.basaleh/.jdks/openjdk-26.0.1!/java.management. skipping.
12-06-2026 11:48:38.945 [java] [ERROR] java.lang.NullPointerException: Cannot invoke "java.io.File.isDirectory()" because "file" is null
12-06-2026 11:48:38.945 [java] [ERROR] 	at com.thoughtworks.gauge.scan.ClasspathScanner$1.createDir(ClasspathScanner.java:48)
12-06-2026 11:48:38.945 [java] [ERROR] 	at org.reflections.vfs.Vfs.fromURL(Vfs.java:103)
12-06-2026 11:48:38.945 [java] [ERROR] 	at org.reflections.vfs.Vfs.fromURL(Vfs.java:95)
12-06-2026 11:48:38.945 [java] [ERROR] 	at org.reflections.Reflections.lambda$scan$2(Reflections.java:176)
12-06-2026 11:48:38.945 [java] [ERROR] 	at java.base/java.util.stream.ForEachOps$ForEachOp$OfRef.accept(ForEachOps.java:186)
12-06-2026 11:48:38.945 [java] [ERROR] 	at java.base/java.util.HashMap$KeySpliterator.forEachRemaining(HashMap.java:1716)
12-06-2026 11:48:38.945 [java] [ERROR] 	at java.base/java.util.stream.AbstractPipeline.copyInto(AbstractPipeline.java:570)
12-06-2026 11:48:38.945 [java] [ERROR] 	at java.base/java.util.stream.ForEachOps$ForEachTask.compute(ForEachOps.java:293)
12-06-2026 11:48:38.945 [java] [ERROR] 	at java.base/java.util.concurrent.CountedCompleter.exec(CountedCompleter.java:759)
12-06-2026 11:48:38.945 [java] [ERROR] 	at java.base/java.util.concurrent.ForkJoinTask.doExec(ForkJoinTask.java:511)
12-06-2026 11:48:38.945 [java] [ERROR] 	at java.base/java.util.concurrent.ForkJoinPool$WorkQueue.topLevelExec(ForkJoinPool.java:1450)
12-06-2026 11:48:38.945 [java] [ERROR] 	at java.base/java.util.concurrent.ForkJoinPool.runWorker(ForkJoinPool.java:2019)
12-06-2026 11:48:38.945 [java] [ERROR] 	at java.base/java.util.concurrent.ForkJoinWorkerThread.run(ForkJoinWorkerThread.java:187)
12-06-2026 11:48:38.945 [java] [ERROR] [ForkJoinPool.commonPool-worker-4] WARN org.reflections.Reflections - could not create Vfs.Dir from url. ignoring the exception and continuing
12-06-2026 11:48:38.945 [java] [ERROR] org.reflections.ReflectionsException: could not create Vfs.Dir from url, no matching UrlType was found [file:/C:/Users/a.basaleh/.jdks/openjdk-26.0.1!/jdk.localedata]
12-06-2026 11:48:38.945 [java] [ERROR] either use fromURL(final URL url, final List<UrlType> urlTypes) or use the static setDefaultURLTypes(final List<UrlType> urlTypes) or addDefaultURLTypes(UrlType urlType) with your specialized UrlType.
12-06-2026 11:48:38.945 [java] [ERROR] 	at org.reflections.vfs.Vfs.fromURL(Vfs.java:113)
12-06-2026 11:48:38.945 [java] [ERROR] 	at org.reflections.vfs.Vfs.fromURL(Vfs.java:95)
12-06-2026 11:48:38.945 [java] [ERROR] 	at org.reflections.Reflections.lambda$scan$2(Reflections.java:176)
12-06-2026 11:48:38.945 [java] [ERROR] 	at java.base/java.util.stream.ForEachOps$ForEachOp$OfRef.accept(ForEachOps.java:186)
12-06-2026 11:48:38.945 [java] [ERROR] 	at java.base/java.util.HashMap$KeySpliterator.forEachRemaining(HashMap.java:1716)
12-06-2026 11:48:38.945 [java] [ERROR] 	at java.base/java.util.stream.AbstractPipeline.copyInto(AbstractPipeline.java:570)
12-06-2026 11:48:38.945 [java] [ERROR] 	at java.base/java.util.stream.ForEachOps$ForEachTask.compute(ForEachOps.java:293)
12-06-2026 11:48:38.945 [java] [ERROR] 	at java.base/java.util.concurrent.CountedCompleter.exec(CountedCompleter.java:759)
12-06-2026 11:48:38.945 [java] [ERROR] 	at java.base/java.util.concurrent.ForkJoinTask.doExec(ForkJoinTask.java:511)
12-06-2026 11:48:38.945 [java] [ERROR] 	at java.base/java.util.concurrent.ForkJoinPool$WorkQueue.topLevelExec(ForkJoinPool.java:1450)
12-06-2026 11:48:38.945 [java] [ERROR] 	at java.base/java.util.concurrent.ForkJoinPool.runWorker(ForkJoinPool.java:2019)
12-06-2026 11:48:38.946 [java] [ERROR] 	at java.base/java.util.concurrent.ForkJoinWorkerThread.run(ForkJoinWorkerThread.java:187)
12-06-2026 11:48:38.946 [java] [ERROR] [ForkJoinPool.commonPool-worker-7] WARN org.reflections.Reflections - could not create Vfs.Dir from url. ignoring the exception and continuing
12-06-2026 11:48:38.946 [java] [ERROR] org.reflections.ReflectionsException: could not create Vfs.Dir from url, no matching UrlType was found [file:/C:/Users/a.basaleh/.jdks/openjdk-26.0.1!/java.management]
12-06-2026 11:48:38.946 [java] [ERROR] either use fromURL(final URL url, final List<UrlType> urlTypes) or use the static setDefaultURLTypes(final List<UrlType> urlTypes) or addDefaultURLTypes(UrlType urlType) with your specialized UrlType.
12-06-2026 11:48:38.946 [java] [ERROR] 	at org.reflections.vfs.Vfs.fromURL(Vfs.java:113)
12-06-2026 11:48:38.946 [java] [ERROR] 	at org.reflections.vfs.Vfs.fromURL(Vfs.java:95)
12-06-2026 11:48:38.946 [java] [ERROR] 	at org.reflections.Reflections.lambda$scan$2(Reflections.java:176)
12-06-2026 11:48:38.946 [java] [ERROR] 	at java.base/java.util.stream.ForEachOps$ForEachOp$OfRef.accept(ForEachOps.java:186)
12-06-2026 11:48:38.946 [java] [ERROR] 	at java.base/java.util.HashMap$KeySpliterator.forEachRemaining(HashMap.java:1716)
12-06-2026 11:48:38.946 [java] [ERROR] 	at java.base/java.util.stream.AbstractPipeline.copyInto(AbstractPipeline.java:570)
12-06-2026 11:48:38.946 [java] [ERROR] 	at java.base/java.util.stream.ForEachOps$ForEachTask.compute(ForEachOps.java:293)
12-06-2026 11:48:38.946 [java] [ERROR] 	at java.base/java.util.concurrent.CountedCompleter.exec(CountedCompleter.java:759)
12-06-2026 11:48:38.946 [java] [ERROR] 	at java.base/java.util.concurrent.ForkJoinTask.doExec(ForkJoinTask.java:511)
12-06-2026 11:48:38.946 [java] [ERROR] 	at java.base/java.util.concurrent.ForkJoinPool$WorkQueue.topLevelExec(ForkJoinPool.java:1450)
12-06-2026 11:48:38.946 [java] [ERROR] 	at java.base/java.util.concurrent.ForkJoinPool.runWorker(ForkJoinPool.java:2019)
12-06-2026 11:48:38.946 [java] [ERROR] 	at java.base/java.util.concurrent.ForkJoinWorkerThread.run(ForkJoinWorkerThread.java:187)
12-06-2026 11:48:38.946 [java] [ERROR] [ForkJoinPool.commonPool-worker-11] WARN org.reflections.Reflections - could not create Dir using com.thoughtworks.gauge.scan.ClasspathScanner$1@440b067b from url file:/C:/Users/a.basaleh/.jdks/openjdk-26.0.1!/jdk.internal.vm.ci. skipping.
12-06-2026 11:48:38.946 [java] [ERROR] java.lang.NullPointerException: Cannot invoke "java.io.File.isDirectory()" because "file" is null
12-06-2026 11:48:38.946 [java] [ERROR] 	at com.thoughtworks.gauge.scan.ClasspathScanner$1.createDir(ClasspathScanner.java:48)
12-06-2026 11:48:38.946 [java] [ERROR] 	at org.reflections.vfs.Vfs.fromURL(Vfs.java:103)
12-06-2026 11:48:38.946 [java] [ERROR] 	at org.reflections.vfs.Vfs.fromURL(Vfs.java:95)
12-06-2026 11:48:38.946 [java] [ERROR] 	at org.reflections.Reflections.lambda$scan$2(Reflections.java:176)
12-06-2026 11:48:38.946 [java] [ERROR] 	at java.base/java.util.stream.ForEachOps$ForEachOp$OfRef.accept(ForEachOps.java:186)
12-06-2026 11:48:38.947 [java] [ERROR] 	at java.base/java.util.HashMap$KeySpliterator.forEachRemaining(HashMap.java:1716)
12-06-2026 11:48:38.947 [java] [ERROR] 	at java.base/java.util.stream.AbstractPipeline.copyInto(AbstractPipeline.java:570)
12-06-2026 11:48:38.947 [java] [ERROR] 	at java.base/java.util.stream.ForEachOps$ForEachTask.compute(ForEachOps.java:293)
12-06-2026 11:48:38.947 [java] [ERROR] 	at java.base/java.util.concurrent.CountedCompleter.exec(CountedCompleter.java:759)
12-06-2026 11:48:38.947 [java] [ERROR] 	at java.base/java.util.concurrent.ForkJoinTask.doExec(ForkJoinTask.java:511)
12-06-2026 11:48:38.947 [java] [ERROR] 	at java.base/java.util.concurrent.ForkJoinPool$WorkQueue.topLevelExec(ForkJoinPool.java:1450)
12-06-2026 11:48:38.947 [java] [ERROR] 	at java.base/java.util.concurrent.ForkJoinPool.runWorker(ForkJoinPool.java:2019)
12-06-2026 11:48:38.947 [java] [ERROR] 	at java.base/java.util.concurrent.ForkJoinWorkerThread.run(ForkJoinWorkerThread.java:187)
12-06-2026 11:48:38.947 [java] [ERROR] [ForkJoinPool.commonPool-worker-3] WARN org.reflections.Reflections - could not create Vfs.Dir from url. ignoring the exception and continuing
12-06-2026 11:48:38.947 [java] [ERROR] org.reflections.ReflectionsException: could not create Vfs.Dir from url, no matching UrlType was found [file:/C:/Users/a.basaleh/.jdks/openjdk-26.0.1!/jdk.jstatd]
12-06-2026 11:48:38.947 [java] [ERROR] either use fromURL(final URL url, final List<UrlType> urlTypes) or use the static setDefaultURLTypes(final List<UrlType> urlTypes) or addDefaultURLTypes(UrlType urlType) with your specialized UrlType.
12-06-2026 11:48:38.947 [java] [ERROR] 	at org.reflections.vfs.Vfs.fromURL(Vfs.java:113)
12-06-2026 11:48:38.947 [java] [ERROR] 	at org.reflections.vfs.Vfs.fromURL(Vfs.java:95)
12-06-2026 11:48:38.947 [java] [ERROR] 	at org.reflections.Reflections.lambda$scan$2(Reflections.java:176)
12-06-2026 11:48:38.947 [java] [ERROR] 	at java.base/java.util.stream.ForEachOps$ForEachOp$OfRef.accept(ForEachOps.java:186)
12-06-2026 11:48:38.947 [java] [ERROR] 	at java.base/java.util.HashMap$KeySpliterator.forEachRemaining(HashMap.java:1716)
12-06-2026 11:48:38.947 [java] [ERROR] 	at java.base/java.util.stream.AbstractPipeline.copyInto(AbstractPipeline.java:570)
12-06-2026 11:48:38.947 [java] [ERROR] 	at java.base/java.util.stream.ForEachOps$ForEachTask.compute(ForEachOps.java:293)
12-06-2026 11:48:38.947 [java] [ERROR] 	at java.base/java.util.concurrent.CountedCompleter.exec(CountedCompleter.java:759)
12-06-2026 11:48:38.947 [java] [ERROR] 	at java.base/java.util.concurrent.ForkJoinTask.doExec(ForkJoinTask.java:511)
12-06-2026 11:48:38.947 [java] [ERROR] 	at java.base/java.util.concurrent.ForkJoinPool$WorkQueue.topLevelExec(ForkJoinPool.java:1450)
12-06-2026 11:48:38.947 [java] [ERROR] 	at java.base/java.util.concurrent.ForkJoinPool.runWorker(ForkJoinPool.java:2019)
12-06-2026 11:48:38.947 [java] [ERROR] 	at java.base/java.util.concurrent.ForkJoinWorkerThread.run(ForkJoinWorkerThread.java:187)
12-06-2026 11:48:38.947 [java] [ERROR] [ForkJoinPool.commonPool-worker-6] WARN org.reflections.Reflections - could not create Dir using com.thoughtworks.gauge.scan.ClasspathScanner$1@440b067b from url file:/C:/Users/a.basaleh/.jdks/openjdk-26.0.1!/jdk.javadoc. skipping.
12-06-2026 11:48:38.949 [java] [ERROR] java.lang.NullPointerException: Cannot invoke "java.io.File.isDirectory()" because "file" is null
12-06-2026 11:48:38.949 [java] [ERROR] 	at com.thoughtworks.gauge.scan.ClasspathScanner$1.createDir(ClasspathScanner.java:48)
12-06-2026 11:48:38.949 [java] [ERROR] 	at org.reflections.vfs.Vfs.fromURL(Vfs.java:103)
12-06-2026 11:48:38.949 [java] [ERROR] 	at org.reflections.vfs.Vfs.fromURL(Vfs.java:95)
12-06-2026 11:48:38.949 [java] [ERROR] 	at org.reflections.Reflections.lambda$scan$2(Reflections.java:176)
12-06-2026 11:48:38.949 [java] [ERROR] 	at java.base/java.util.stream.ForEachOps$ForEachOp$OfRef.accept(ForEachOps.java:186)
12-06-2026 11:48:38.949 [java] [ERROR] 	at java.base/java.util.HashMap$KeySpliterator.forEachRemaining(HashMap.java:1716)
12-06-2026 11:48:38.949 [java] [ERROR] 	at java.base/java.util.stream.AbstractPipeline.copyInto(AbstractPipeline.java:570)
12-06-2026 11:48:38.949 [java] [ERROR] 	at java.base/java.util.stream.ForEachOps$ForEachTask.compute(ForEachOps.java:293)
12-06-2026 11:48:38.949 [java] [ERROR] 	at java.base/java.util.concurrent.CountedCompleter.exec(CountedCompleter.java:759)
12-06-2026 11:48:38.949 [java] [ERROR] 	at java.base/java.util.concurrent.ForkJoinTask.doExec(ForkJoinTask.java:511)
12-06-2026 11:48:38.949 [java] [ERROR] 	at java.base/java.util.concurrent.ForkJoinPool$WorkQueue.topLevelExec(ForkJoinPool.java:1450)
12-06-2026 11:48:38.949 [java] [ERROR] 	at java.base/java.util.concurrent.ForkJoinPool.runWorker(ForkJoinPool.java:2019)
12-06-2026 11:48:38.949 [java] [ERROR] 	at java.base/java.util.concurrent.ForkJoinWorkerThread.run(ForkJoinWorkerThread.java:187)
12-06-2026 11:48:38.949 [java] [ERROR] [ForkJoinPool.commonPool-worker-11] WARN org.reflections.Reflections - could not create Vfs.Dir from url. ignoring the exception and continuing
12-06-2026 11:48:38.949 [java] [ERROR] org.reflections.ReflectionsException: could not create Vfs.Dir from url, no matching UrlType was found [file:/C:/Users/a.basaleh/.jdks/openjdk-26.0.1!/jdk.internal.vm.ci]
12-06-2026 11:48:38.949 [java] [ERROR] either use fromURL(final URL url, final List<UrlType> urlTypes) or use the static setDefaultURLTypes(final List<UrlType> urlTypes) or addDefaultURLTypes(UrlType urlType) with your specialized UrlType.
12-06-2026 11:48:38.949 [java] [ERROR] 	at org.reflections.vfs.Vfs.fromURL(Vfs.java:113)
12-06-2026 11:48:38.949 [java] [ERROR] 	at org.reflections.vfs.Vfs.fromURL(Vfs.java:95)
12-06-2026 11:48:38.949 [java] [ERROR] 	at org.reflections.Reflections.lambda$scan$2(Reflections.java:176)
12-06-2026 11:48:38.949 [java] [ERROR] 	at java.base/java.util.stream.ForEachOps$ForEachOp$OfRef.accept(ForEachOps.java:186)
12-06-2026 11:48:38.949 [java] [ERROR] 	at java.base/java.util.HashMap$KeySpliterator.forEachRemaining(HashMap.java:1716)
12-06-2026 11:48:38.949 [java] [ERROR] 	at java.base/java.util.stream.AbstractPipeline.copyInto(AbstractPipeline.java:570)
12-06-2026 11:48:38.949 [java] [ERROR] 	at java.base/java.util.stream.ForEachOps$ForEachTask.compute(ForEachOps.java:293)
12-06-2026 11:48:38.949 [java] [ERROR] 	at java.base/java.util.concurrent.CountedCompleter.exec(CountedCompleter.java:759)
12-06-2026 11:48:38.949 [java] [ERROR] 	at java.base/java.util.concurrent.ForkJoinTask.doExec(ForkJoinTask.java:511)
12-06-2026 11:48:38.949 [java] [ERROR] 	at java.base/java.util.concurrent.ForkJoinPool$WorkQueue.topLevelExec(ForkJoinPool.java:1450)
12-06-2026 11:48:38.949 [java] [ERROR] 	at java.base/java.util.concurrent.ForkJoinPool.runWorker(ForkJoinPool.java:2019)
12-06-2026 11:48:38.949 [java] [ERROR] 	at java.base/java.util.concurrent.ForkJoinWorkerThread.run(ForkJoinWorkerThread.java:187)
12-06-2026 11:48:38.949 [java] [ERROR] [ForkJoinPool.commonPool-worker-8] WARN org.reflections.Reflections - could not create Dir using com.thoughtworks.gauge.scan.ClasspathScanner$1@440b067b from url file:/C:/Users/a.basaleh/.jdks/openjdk-26.0.1!/java.base. skipping.
12-06-2026 11:48:38.949 [java] [ERROR] java.lang.NullPointerException: Cannot invoke "java.io.File.isDirectory()" because "file" is null
12-06-2026 11:48:38.949 [java] [ERROR] 	at com.thoughtworks.gauge.scan.ClasspathScanner$1.createDir(ClasspathScanner.java:48)
12-06-2026 11:48:38.949 [java] [ERROR] 	at org.reflections.vfs.Vfs.fromURL(Vfs.java:103)
12-06-2026 11:48:38.949 [java] [ERROR] 	at org.reflections.vfs.Vfs.fromURL(Vfs.java:95)
12-06-2026 11:48:38.949 [java] [ERROR] 	at org.reflections.Reflections.lambda$scan$2(Reflections.java:176)
12-06-2026 11:48:38.954 [java] [ERROR] 	at java.base/java.util.stream.ForEachOps$ForEachOp$OfRef.accept(ForEachOps.java:186)
12-06-2026 11:48:38.954 [java] [ERROR] 	at java.base/java.util.HashMap$KeySpliterator.forEachRemaining(HashMap.java:1716)
12-06-2026 11:48:38.954 [java] [ERROR] 	at java.base/java.util.stream.AbstractPipeline.copyInto(AbstractPipeline.java:570)
12-06-2026 11:48:38.954 [java] [ERROR] 	at java.base/java.util.stream.ForEachOps$ForEachTask.compute(ForEachOps.java:293)
12-06-2026 11:48:38.954 [java] [ERROR] 	at java.base/java.util.concurrent.CountedCompleter.exec(CountedCompleter.java:759)
12-06-2026 11:48:38.954 [java] [ERROR] 	at java.base/java.util.concurrent.ForkJoinTask.doExec(ForkJoinTask.java:511)
12-06-2026 11:48:38.954 [java] [ERROR] 	at java.base/java.util.concurrent.ForkJoinPool$WorkQueue.topLevelExec(ForkJoinPool.java:1450)
12-06-2026 11:48:38.954 [java] [ERROR] 	at java.base/java.util.concurrent.ForkJoinPool.runWorker(ForkJoinPool.java:2019)
12-06-2026 11:48:38.954 [java] [ERROR] 	at java.base/java.util.concurrent.ForkJoinWorkerThread.run(ForkJoinWorkerThread.java:187)
12-06-2026 11:48:38.954 [java] [ERROR] [pool-2-thread-1] WARN org.reflections.Reflections - could not create Dir using com.thoughtworks.gauge.scan.ClasspathScanner$1@440b067b from url file:/C:/Users/a.basaleh/.jdks/openjdk-26.0.1!/jdk.management.jfr. skipping.
12-06-2026 11:48:38.954 [java] [ERROR] java.lang.NullPointerException: Cannot invoke "java.io.File.isDirectory()" because "file" is null
12-06-2026 11:48:38.954 [java] [ERROR] 	at com.thoughtworks.gauge.scan.ClasspathScanner$1.createDir(ClasspathScanner.java:48)
12-06-2026 11:48:38.954 [java] [ERROR] 	at org.reflections.vfs.Vfs.fromURL(Vfs.java:103)
12-06-2026 11:48:38.954 [java] [ERROR] 	at org.reflections.vfs.Vfs.fromURL(Vfs.java:95)
12-06-2026 11:48:38.954 [java] [ERROR] 	at org.reflections.Reflections.lambda$scan$2(Reflections.java:176)
12-06-2026 11:48:38.954 [java] [ERROR] 	at java.base/java.util.stream.ForEachOps$ForEachOp$OfRef.accept(ForEachOps.java:186)
12-06-2026 11:48:38.954 [java] [ERROR] 	at java.base/java.util.HashMap$KeySpliterator.forEachRemaining(HashMap.java:1716)
12-06-2026 11:48:38.954 [java] [ERROR] 	at java.base/java.util.stream.AbstractPipeline.copyInto(AbstractPipeline.java:570)
12-06-2026 11:48:38.954 [java] [ERROR] 	at java.base/java.util.stream.ForEachOps$ForEachTask.compute(ForEachOps.java:293)
12-06-2026 11:48:38.954 [java] [ERROR] 	at java.base/java.util.concurrent.CountedCompleter.exec(CountedCompleter.java:759)
12-06-2026 11:48:38.954 [java] [ERROR] 	at java.base/java.util.concurrent.ForkJoinTask.doExec(ForkJoinTask.java:511)
12-06-2026 11:48:38.954 [java] [ERROR] 	at java.base/java.util.concurrent.ForkJoinPool$WorkQueue.helpComplete(ForkJoinPool.java:1537)
12-06-2026 11:48:38.954 [java] [ERROR] 	at java.base/java.util.concurrent.ForkJoinPool.helpComplete(ForkJoinPool.java:2332)
12-06-2026 11:48:38.954 [java] [ERROR] 	at java.base/java.util.concurrent.ForkJoinTask.awaitDone(ForkJoinTask.java:497)
12-06-2026 11:48:38.954 [java] [ERROR] 	at java.base/java.util.concurrent.ForkJoinTask.join(ForkJoinTask.java:669)
12-06-2026 11:48:38.954 [java] [ERROR] 	at java.base/java.util.concurrent.ForkJoinTask.invoke(ForkJoinTask.java:684)
12-06-2026 11:48:38.954 [java] [ERROR] 	at java.base/java.util.stream.ForEachOps$ForEachOp.evaluateParallel(ForEachOps.java:162)
12-06-2026 11:48:38.954 [java] [ERROR] 	at java.base/java.util.stream.ForEachOps$ForEachOp$OfRef.evaluateParallel(ForEachOps.java:176)
12-06-2026 11:48:38.954 [java] [ERROR] 	at java.base/java.util.stream.AbstractPipeline.evaluate(AbstractPipeline.java:264)
12-06-2026 11:48:38.954 [java] [ERROR] 	at java.base/java.util.stream.ReferencePipeline.forEach(ReferencePipeline.java:632)
12-06-2026 11:48:38.954 [java] [ERROR] 	at java.base/java.util.stream.ReferencePipeline$Head.forEach(ReferencePipeline.java:806)
12-06-2026 11:48:38.954 [java] [ERROR] 	at org.reflections.Reflections.scan(Reflections.java:173)
12-06-2026 11:48:38.954 [java] [ERROR] 	at org.reflections.Reflections.<init>(Reflections.java:126)
12-06-2026 11:48:38.954 [java] [ERROR] 	at com.thoughtworks.gauge.execution.parameters.parsers.base.ParameterParsingChain.createReflections(ParameterParsingChain.java:47)
12-06-2026 11:48:38.954 [java] [ERROR] 	at com.thoughtworks.gauge.execution.parameters.parsers.base.ParameterParsingChain.<init>(ParameterParsingChain.java:33)
12-06-2026 11:48:38.954 [java] [ERROR] 	at com.thoughtworks.gauge.connection.MessageProcessorFactory.initializeExecutionMessageProcessors(MessageProcessorFactory.java:91)
12-06-2026 11:48:38.954 [java] [ERROR] 	at com.thoughtworks.gauge.connection.MessageProcessorFactory.getProcessor(MessageProcessorFactory.java:66)
12-06-2026 11:48:38.954 [java] [ERROR] 	at com.thoughtworks.gauge.RunnerServiceHandler.lambda$validateStep$17(RunnerServiceHandler.java:332)
12-06-2026 11:48:38.954 [java] [ERROR] 	at java.base/java.util.concurrent.ThreadPoolExecutor.runWorker(ThreadPoolExecutor.java:1090)
12-06-2026 11:48:38.955 [java] [ERROR] 	at java.base/java.util.concurrent.ThreadPoolExecutor$Worker.run(ThreadPoolExecutor.java:614)
12-06-2026 11:48:38.955 [java] [ERROR] 	at java.base/java.lang.Thread.run(Thread.java:1516)
12-06-2026 11:48:38.955 [java] [ERROR] [ForkJoinPool.commonPool-worker-9] WARN org.reflections.Reflections - could not create Dir using com.thoughtworks.gauge.scan.ClasspathScanner$1@440b067b from url file:/C:/Users/a.basaleh/.jdks/openjdk-26.0.1!/jdk.jdi. skipping.
12-06-2026 11:48:38.955 [java] [ERROR] java.lang.NullPointerException: Cannot invoke "java.io.File.isDirectory()" because "file" is null
12-06-2026 11:48:38.955 [java] [ERROR] 	at com.thoughtworks.gauge.scan.ClasspathScanner$1.createDir(ClasspathScanner.java:48)
12-06-2026 11:48:38.955 [java] [ERROR] 	at org.reflections.vfs.Vfs.fromURL(Vfs.java:103)
12-06-2026 11:48:38.955 [java] [ERROR] 	at org.reflections.vfs.Vfs.fromURL(Vfs.java:95)
12-06-2026 11:48:38.955 [java] [ERROR] 	at org.reflections.Reflections.lambda$scan$2(Reflections.java:176)
12-06-2026 11:48:38.955 [java] [ERROR] 	at java.base/java.util.stream.ForEachOps$ForEachOp$OfRef.accept(ForEachOps.java:186)
12-06-2026 11:48:38.955 [java] [ERROR] 	at java.base/java.util.HashMap$KeySpliterator.forEachRemaining(HashMap.java:1716)
12-06-2026 11:48:38.955 [java] [ERROR] 	at java.base/java.util.stream.AbstractPipeline.copyInto(AbstractPipeline.java:570)
12-06-2026 11:48:38.955 [java] [ERROR] 	at java.base/java.util.stream.ForEachOps$ForEachTask.compute(ForEachOps.java:293)
12-06-2026 11:48:38.955 [java] [ERROR] 	at java.base/java.util.concurrent.CountedCompleter.exec(CountedCompleter.java:759)
12-06-2026 11:48:38.955 [java] [ERROR] 	at java.base/java.util.concurrent.ForkJoinTask.doExec(ForkJoinTask.java:511)
12-06-2026 11:48:38.955 [java] [ERROR] 	at java.base/java.util.concurrent.ForkJoinPool$WorkQueue.topLevelExec(ForkJoinPool.java:1450)
12-06-2026 11:48:38.955 [java] [ERROR] 	at java.base/java.util.concurrent.ForkJoinPool.runWorker(ForkJoinPool.java:2019)
12-06-2026 11:48:38.955 [java] [ERROR] 	at java.base/java.util.concurrent.ForkJoinWorkerThread.run(ForkJoinWorkerThread.java:187)
12-06-2026 11:48:38.955 [java] [ERROR] [ForkJoinPool.commonPool-worker-3] WARN org.reflections.Reflections - could not create Dir using com.thoughtworks.gauge.scan.ClasspathScanner$1@440b067b from url file:/C:/Users/a.basaleh/.jdks/openjdk-26.0.1!/jdk.internal.ed. skipping.
12-06-2026 11:48:38.955 [java] [ERROR] java.lang.NullPointerException: Cannot invoke "java.io.File.isDirectory()" because "file" is null
12-06-2026 11:48:38.955 [java] [ERROR] 	at com.thoughtworks.gauge.scan.ClasspathScanner$1.createDir(ClasspathScanner.java:48)
12-06-2026 11:48:38.955 [java] [ERROR] 	at org.reflections.vfs.Vfs.fromURL(Vfs.java:103)
12-06-2026 11:48:38.955 [java] [ERROR] 	at org.reflections.vfs.Vfs.fromURL(Vfs.java:95)
12-06-2026 11:48:38.955 [java] [ERROR] 	at org.reflections.Reflections.lambda$scan$2(Reflections.java:176)
12-06-2026 11:48:38.955 [java] [ERROR] 	at java.base/java.util.stream.ForEachOps$ForEachOp$OfRef.accept(ForEachOps.java:186)
12-06-2026 11:48:38.955 [java] [ERROR] 	at java.base/java.util.HashMap$KeySpliterator.forEachRemaining(HashMap.java:1716)
12-06-2026 11:48:38.955 [java] [ERROR] 	at java.base/java.util.stream.AbstractPipeline.copyInto(AbstractPipeline.java:570)
12-06-2026 11:48:38.955 [java] [ERROR] 	at java.base/java.util.stream.ForEachOps$ForEachTask.compute(ForEachOps.java:293)
12-06-2026 11:48:38.955 [java] [ERROR] 	at java.base/java.util.concurrent.CountedCompleter.exec(CountedCompleter.java:759)
12-06-2026 11:48:38.955 [java] [ERROR] 	at java.base/java.util.concurrent.ForkJoinTask.doExec(ForkJoinTask.java:511)
12-06-2026 11:48:38.955 [java] [ERROR] 	at java.base/java.util.concurrent.ForkJoinPool$WorkQueue.topLevelExec(ForkJoinPool.java:1450)
12-06-2026 11:48:38.955 [java] [ERROR] 	at java.base/java.util.concurrent.ForkJoinPool.runWorker(ForkJoinPool.java:2019)
12-06-2026 11:48:38.955 [java] [ERROR] 	at java.base/java.util.concurrent.ForkJoinWorkerThread.run(ForkJoinWorkerThread.java:187)
12-06-2026 11:48:38.955 [java] [ERROR] [ForkJoinPool.commonPool-worker-6] WARN org.reflections.Reflections - could not create Vfs.Dir from url. ignoring the exception and continuing
12-06-2026 11:48:38.955 [java] [ERROR] org.reflections.ReflectionsException: could not create Vfs.Dir from url, no matching UrlType was found [file:/C:/Users/a.basaleh/.jdks/openjdk-26.0.1!/jdk.javadoc]
12-06-2026 11:48:38.955 [java] [ERROR] either use fromURL(final URL url, final List<UrlType> urlTypes) or use the static setDefaultURLTypes(final List<UrlType> urlTypes) or addDefaultURLTypes(UrlType urlType) with your specialized UrlType.
12-06-2026 11:48:38.955 [java] [ERROR] 	at org.reflections.vfs.Vfs.fromURL(Vfs.java:113)
12-06-2026 11:48:38.955 [java] [ERROR] 	at org.reflections.vfs.Vfs.fromURL(Vfs.java:95)
12-06-2026 11:48:38.955 [java] [ERROR] 	at org.reflections.Reflections.lambda$scan$2(Reflections.java:176)
12-06-2026 11:48:38.955 [java] [ERROR] 	at java.base/java.util.stream.ForEachOps$ForEachOp$OfRef.accept(ForEachOps.java:186)
12-06-2026 11:48:38.955 [java] [ERROR] 	at java.base/java.util.HashMap$KeySpliterator.forEachRemaining(HashMap.java:1716)
12-06-2026 11:48:38.955 [java] [ERROR] 	at java.base/java.util.stream.AbstractPipeline.copyInto(AbstractPipeline.java:570)
12-06-2026 11:48:38.955 [java] [ERROR] 	at java.base/java.util.stream.ForEachOps$ForEachTask.compute(ForEachOps.java:293)
12-06-2026 11:48:38.955 [java] [ERROR] 	at java.base/java.util.concurrent.CountedCompleter.exec(CountedCompleter.java:759)
12-06-2026 11:48:38.955 [java] [ERROR] 	at java.base/java.util.concurrent.ForkJoinTask.doExec(ForkJoinTask.java:511)
12-06-2026 11:48:38.955 [java] [ERROR] 	at java.base/java.util.concurrent.ForkJoinPool$WorkQueue.topLevelExec(ForkJoinPool.java:1450)
12-06-2026 11:48:38.955 [java] [ERROR] 	at java.base/java.util.concurrent.ForkJoinPool.runWorker(ForkJoinPool.java:2019)
12-06-2026 11:48:38.955 [java] [ERROR] 	at java.base/java.util.concurrent.ForkJoinWorkerThread.run(ForkJoinWorkerThread.java:187)
12-06-2026 11:48:38.955 [java] [ERROR] [ForkJoinPool.commonPool-worker-5] WARN org.reflections.Reflections - could not create Dir using com.thoughtworks.gauge.scan.ClasspathScanner$1@440b067b from url file:/C:/Users/a.basaleh/.jdks/openjdk-26.0.1!/java.compiler. skipping.
12-06-2026 11:48:38.955 [java] [ERROR] java.lang.NullPointerException: Cannot invoke "java.io.File.isDirectory()" because "file" is null
12-06-2026 11:48:38.955 [java] [ERROR] 	at com.thoughtworks.gauge.scan.ClasspathScanner$1.createDir(ClasspathScanner.java:48)
12-06-2026 11:48:38.955 [java] [ERROR] 	at org.reflections.vfs.Vfs.fromURL(Vfs.java:103)
12-06-2026 11:48:38.955 [java] [ERROR] 	at org.reflections.vfs.Vfs.fromURL(Vfs.java:95)
12-06-2026 11:48:38.955 [java] [ERROR] 	at org.reflections.Reflections.lambda$scan$2(Reflections.java:176)
12-06-2026 11:48:38.955 [java] [ERROR] 	at java.base/java.util.stream.ForEachOps$ForEachOp$OfRef.accept(ForEachOps.java:186)
12-06-2026 11:48:38.955 [java] [ERROR] 	at java.base/java.util.HashMap$KeySpliterator.forEachRemaining(HashMap.java:1716)
12-06-2026 11:48:38.956 [java] [ERROR] 	at java.base/java.util.stream.AbstractPipeline.copyInto(AbstractPipeline.java:570)
12-06-2026 11:48:38.956 [java] [ERROR] 	at java.base/java.util.stream.ForEachOps$ForEachTask.compute(ForEachOps.java:293)
12-06-2026 11:48:38.956 [java] [ERROR] 	at java.base/java.util.concurrent.CountedCompleter.exec(CountedCompleter.java:759)
12-06-2026 11:48:38.956 [java] [ERROR] 	at java.base/java.util.concurrent.ForkJoinTask.doExec(ForkJoinTask.java:511)
12-06-2026 11:48:38.956 [java] [ERROR] 	at java.base/java.util.concurrent.ForkJoinPool$WorkQueue.topLevelExec(ForkJoinPool.java:1450)
12-06-2026 11:48:38.956 [java] [ERROR] 	at java.base/java.util.concurrent.ForkJoinPool.runWorker(ForkJoinPool.java:2019)
12-06-2026 11:48:38.956 [java] [ERROR] 	at java.base/java.util.concurrent.ForkJoinWorkerThread.run(ForkJoinWorkerThread.java:187)
12-06-2026 11:48:38.956 [java] [ERROR] [ForkJoinPool.commonPool-worker-6] WARN org.reflections.Reflections - could not create Dir using com.thoughtworks.gauge.scan.ClasspathScanner$1@440b067b from url file:/C:/Users/a.basaleh/.jdks/openjdk-26.0.1!/jdk.naming.rmi. skipping.
12-06-2026 11:48:38.956 [java] [ERROR] java.lang.NullPointerException: Cannot invoke "java.io.File.isDirectory()" because "file" is null
12-06-2026 11:48:38.956 [java] [ERROR] 	at com.thoughtworks.gauge.scan.ClasspathScanner$1.createDir(ClasspathScanner.java:48)
12-06-2026 11:48:38.956 [java] [ERROR] 	at org.reflections.vfs.Vfs.fromURL(Vfs.java:103)
12-06-2026 11:48:38.956 [java] [ERROR] 	at org.reflections.vfs.Vfs.fromURL(Vfs.java:95)
12-06-2026 11:48:38.956 [java] [ERROR] 	at org.reflections.Reflections.lambda$scan$2(Reflections.java:176)
12-06-2026 11:48:38.956 [java] [ERROR] 	at java.base/java.util.stream.ForEachOps$ForEachOp$OfRef.accept(ForEachOps.java:186)
12-06-2026 11:48:38.956 [java] [ERROR] 	at java.base/java.util.HashMap$KeySpliterator.forEachRemaining(HashMap.java:1716)
12-06-2026 11:48:38.957 [java] [ERROR] 	at java.base/java.util.stream.AbstractPipeline.copyInto(AbstractPipeline.java:570)
12-06-2026 11:48:38.958 [java] [ERROR] 	at java.base/java.util.stream.ForEachOps$ForEachTask.compute(ForEachOps.java:293)
12-06-2026 11:48:38.958 [java] [ERROR] 	at java.base/java.util.concurrent.CountedCompleter.exec(CountedCompleter.java:759)
12-06-2026 11:48:38.958 [java] [ERROR] 	at java.base/java.util.concurrent.ForkJoinTask.doExec(ForkJoinTask.java:511)
12-06-2026 11:48:38.958 [java] [ERROR] 	at java.base/java.util.concurrent.ForkJoinPool$WorkQueue.topLevelExec(ForkJoinPool.java:1450)
12-06-2026 11:48:38.958 [java] [ERROR] 	at java.base/java.util.concurrent.ForkJoinPool.runWorker(ForkJoinPool.java:2019)
12-06-2026 11:48:38.958 [java] [ERROR] 	at java.base/java.util.concurrent.ForkJoinWorkerThread.run(ForkJoinWorkerThread.java:187)
12-06-2026 11:48:38.958 [java] [ERROR] [ForkJoinPool.commonPool-worker-5] WARN org.reflections.Reflections - could not create Vfs.Dir from url. ignoring the exception and continuing
12-06-2026 11:48:38.958 [java] [ERROR] org.reflections.ReflectionsException: could not create Vfs.Dir from url, no matching UrlType was found [file:/C:/Users/a.basaleh/.jdks/openjdk-26.0.1!/java.compiler]
12-06-2026 11:48:38.958 [java] [ERROR] either use fromURL(final URL url, final List<UrlType> urlTypes) or use the static setDefaultURLTypes(final List<UrlType> urlTypes) or addDefaultURLTypes(UrlType urlType) with your specialized UrlType.
12-06-2026 11:48:38.958 [java] [ERROR] 	at org.reflections.vfs.Vfs.fromURL(Vfs.java:113)
12-06-2026 11:48:38.958 [java] [ERROR] 	at org.reflections.vfs.Vfs.fromURL(Vfs.java:95)
12-06-2026 11:48:38.958 [java] [ERROR] 	at org.reflections.Reflections.lambda$scan$2(Reflections.java:176)
12-06-2026 11:48:38.958 [java] [ERROR] 	at java.base/java.util.stream.ForEachOps$ForEachOp$OfRef.accept(ForEachOps.java:186)
12-06-2026 11:48:38.958 [java] [ERROR] 	at java.base/java.util.HashMap$KeySpliterator.forEachRemaining(HashMap.java:1716)
12-06-2026 11:48:38.958 [java] [ERROR] 	at java.base/java.util.stream.AbstractPipeline.copyInto(AbstractPipeline.java:570)
12-06-2026 11:48:38.958 [java] [ERROR] 	at java.base/java.util.stream.ForEachOps$ForEachTask.compute(ForEachOps.java:293)
12-06-2026 11:48:38.958 [java] [ERROR] 	at java.base/java.util.concurrent.CountedCompleter.exec(CountedCompleter.java:759)
12-06-2026 11:48:38.958 [java] [ERROR] 	at java.base/java.util.concurrent.ForkJoinTask.doExec(ForkJoinTask.java:511)
12-06-2026 11:48:38.958 [java] [ERROR] 	at java.base/java.util.concurrent.ForkJoinPool$WorkQueue.topLevelExec(ForkJoinPool.java:1450)
12-06-2026 11:48:38.958 [java] [ERROR] 	at java.base/java.util.concurrent.ForkJoinPool.runWorker(ForkJoinPool.java:2019)
12-06-2026 11:48:38.958 [java] [ERROR] 	at java.base/java.util.concurrent.ForkJoinWorkerThread.run(ForkJoinWorkerThread.java:187)
12-06-2026 11:48:38.958 [java] [ERROR] [ForkJoinPool.commonPool-worker-11] WARN org.reflections.Reflections - could not create Dir using com.thoughtworks.gauge.scan.ClasspathScanner$1@440b067b from url file:/C:/Users/a.basaleh/.jdks/openjdk-26.0.1!/jdk.management.agent. skipping.
12-06-2026 11:48:38.958 [java] [ERROR] java.lang.NullPointerException: Cannot invoke "java.io.File.isDirectory()" because "file" is null
12-06-2026 11:48:38.958 [java] [ERROR] 	at com.thoughtworks.gauge.scan.ClasspathScanner$1.createDir(ClasspathScanner.java:48)
12-06-2026 11:48:38.958 [java] [ERROR] 	at org.reflections.vfs.Vfs.fromURL(Vfs.java:103)
12-06-2026 11:48:38.958 [java] [ERROR] 	at org.reflections.vfs.Vfs.fromURL(Vfs.java:95)
12-06-2026 11:48:38.958 [java] [ERROR] 	at org.reflections.Reflections.lambda$scan$2(Reflections.java:176)
12-06-2026 11:48:38.958 [java] [ERROR] 	at java.base/java.util.stream.ForEachOps$ForEachOp$OfRef.accept(ForEachOps.java:186)
12-06-2026 11:48:38.958 [java] [ERROR] 	at java.base/java.util.HashMap$KeySpliterator.forEachRemaining(HashMap.java:1716)
12-06-2026 11:48:38.958 [java] [ERROR] 	at java.base/java.util.stream.AbstractPipeline.copyInto(AbstractPipeline.java:570)
12-06-2026 11:48:38.958 [java] [ERROR] 	at java.base/java.util.stream.ForEachOps$ForEachTask.compute(ForEachOps.java:293)
12-06-2026 11:48:38.958 [java] [ERROR] 	at java.base/java.util.concurrent.CountedCompleter.exec(CountedCompleter.java:759)
12-06-2026 11:48:38.958 [java] [ERROR] 	at java.base/java.util.concurrent.ForkJoinTask.doExec(ForkJoinTask.java:511)
12-06-2026 11:48:38.958 [java] [ERROR] 	at java.base/java.util.concurrent.ForkJoinPool$WorkQueue.topLevelExec(ForkJoinPool.java:1450)
12-06-2026 11:48:38.958 [java] [ERROR] 	at java.base/java.util.concurrent.ForkJoinPool.runWorker(ForkJoinPool.java:2019)
12-06-2026 11:48:38.958 [java] [ERROR] 	at java.base/java.util.concurrent.ForkJoinWorkerThread.run(ForkJoinWorkerThread.java:187)
12-06-2026 11:48:38.958 [java] [ERROR] [ForkJoinPool.commonPool-worker-1] WARN org.reflections.Reflections - could not create Dir using com.thoughtworks.gauge.scan.ClasspathScanner$1@440b067b from url file:/C:/Users/a.basaleh/.jdks/openjdk-26.0.1!/jdk.jpackage. skipping.
12-06-2026 11:48:38.958 [java] [ERROR] java.lang.NullPointerException: Cannot invoke "java.io.File.isDirectory()" because "file" is null
12-06-2026 11:48:38.958 [java] [ERROR] 	at com.thoughtworks.gauge.scan.ClasspathScanner$1.createDir(ClasspathScanner.java:48)
12-06-2026 11:48:38.958 [java] [ERROR] 	at org.reflections.vfs.Vfs.fromURL(Vfs.java:103)
12-06-2026 11:48:38.958 [java] [ERROR] 	at org.reflections.vfs.Vfs.fromURL(Vfs.java:95)
12-06-2026 11:48:38.958 [java] [ERROR] 	at org.reflections.Reflections.lambda$scan$2(Reflections.java:176)
12-06-2026 11:48:38.958 [java] [ERROR] 	at java.base/java.util.stream.ForEachOps$ForEachOp$OfRef.accept(ForEachOps.java:186)
12-06-2026 11:48:38.958 [java] [ERROR] 	at java.base/java.util.HashMap$KeySpliterator.forEachRemaining(HashMap.java:1716)
12-06-2026 11:48:38.958 [java] [ERROR] 	at java.base/java.util.stream.AbstractPipeline.copyInto(AbstractPipeline.java:570)
12-06-2026 11:48:38.958 [java] [ERROR] 	at java.base/java.util.stream.ForEachOps$ForEachTask.compute(ForEachOps.java:293)
12-06-2026 11:48:38.958 [java] [ERROR] 	at java.base/java.util.concurrent.CountedCompleter.exec(CountedCompleter.java:759)
12-06-2026 11:48:38.958 [java] [ERROR] 	at java.base/java.util.concurrent.ForkJoinTask.doExec(ForkJoinTask.java:511)
12-06-2026 11:48:38.958 [java] [ERROR] 	at java.base/java.util.concurrent.ForkJoinPool$WorkQueue.topLevelExec(ForkJoinPool.java:1450)
12-06-2026 11:48:38.958 [java] [ERROR] 	at java.base/java.util.concurrent.ForkJoinPool.runWorker(ForkJoinPool.java:2019)
12-06-2026 11:48:38.958 [java] [ERROR] 	at java.base/java.util.concurrent.ForkJoinWorkerThread.run(ForkJoinWorkerThread.java:187)
12-06-2026 11:48:38.958 [java] [ERROR] [ForkJoinPool.commonPool-worker-1] WARN org.reflections.Reflections - could not create Vfs.Dir from url. ignoring the exception and continuing
12-06-2026 11:48:38.958 [java] [ERROR] org.reflections.ReflectionsException: could not create Vfs.Dir from url, no matching UrlType was found [file:/C:/Users/a.basaleh/.jdks/openjdk-26.0.1!/jdk.jpackage]
12-06-2026 11:48:38.958 [java] [ERROR] either use fromURL(final URL url, final List<UrlType> urlTypes) or use the static setDefaultURLTypes(final List<UrlType> urlTypes) or addDefaultURLTypes(UrlType urlType) with your specialized UrlType.
12-06-2026 11:48:38.958 [java] [ERROR] 	at org.reflections.vfs.Vfs.fromURL(Vfs.java:113)
12-06-2026 11:48:38.958 [java] [ERROR] 	at org.reflections.vfs.Vfs.fromURL(Vfs.java:95)
12-06-2026 11:48:38.958 [java] [ERROR] 	at org.reflections.Reflections.lambda$scan$2(Reflections.java:176)
12-06-2026 11:48:38.958 [java] [ERROR] 	at java.base/java.util.stream.ForEachOps$ForEachOp$OfRef.accept(ForEachOps.java:186)
12-06-2026 11:48:38.958 [java] [ERROR] 	at java.base/java.util.HashMap$KeySpliterator.forEachRemaining(HashMap.java:1716)
12-06-2026 11:48:38.958 [java] [ERROR] 	at java.base/java.util.stream.AbstractPipeline.copyInto(AbstractPipeline.java:570)
12-06-2026 11:48:38.958 [java] [ERROR] 	at java.base/java.util.stream.ForEachOps$ForEachTask.compute(ForEachOps.java:293)
12-06-2026 11:48:38.958 [java] [ERROR] 	at java.base/java.util.concurrent.CountedCompleter.exec(CountedCompleter.java:759)
12-06-2026 11:48:38.958 [java] [ERROR] 	at java.base/java.util.concurrent.ForkJoinTask.doExec(ForkJoinTask.java:511)
12-06-2026 11:48:38.958 [java] [ERROR] 	at java.base/java.util.concurrent.ForkJoinPool$WorkQueue.topLevelExec(ForkJoinPool.java:1450)
12-06-2026 11:48:38.958 [java] [ERROR] 	at java.base/java.util.concurrent.ForkJoinPool.runWorker(ForkJoinPool.java:2019)
12-06-2026 11:48:38.958 [java] [ERROR] 	at java.base/java.util.concurrent.ForkJoinWorkerThread.run(ForkJoinWorkerThread.java:187)
12-06-2026 11:48:38.958 [java] [ERROR] [ForkJoinPool.commonPool-worker-8] WARN org.reflections.Reflections - could not create Vfs.Dir from url. ignoring the exception and continuing
12-06-2026 11:48:38.959 [java] [ERROR] org.reflections.ReflectionsException: could not create Vfs.Dir from url, no matching UrlType was found [file:/C:/Users/a.basaleh/.jdks/openjdk-26.0.1!/java.base]
12-06-2026 11:48:38.959 [java] [ERROR] either use fromURL(final URL url, final List<UrlType> urlTypes) or use the static setDefaultURLTypes(final List<UrlType> urlTypes) or addDefaultURLTypes(UrlType urlType) with your specialized UrlType.
12-06-2026 11:48:38.959 [java] [ERROR] 	at org.reflections.vfs.Vfs.fromURL(Vfs.java:113)
12-06-2026 11:48:38.959 [java] [ERROR] 	at org.reflections.vfs.Vfs.fromURL(Vfs.java:95)
12-06-2026 11:48:38.959 [java] [ERROR] 	at org.reflections.Reflections.lambda$scan$2(Reflections.java:176)
12-06-2026 11:48:38.959 [java] [ERROR] 	at java.base/java.util.stream.ForEachOps$ForEachOp$OfRef.accept(ForEachOps.java:186)
12-06-2026 11:48:38.959 [java] [ERROR] 	at java.base/java.util.HashMap$KeySpliterator.forEachRemaining(HashMap.java:1716)
12-06-2026 11:48:38.959 [java] [ERROR] 	at java.base/java.util.stream.AbstractPipeline.copyInto(AbstractPipeline.java:570)
12-06-2026 11:48:38.959 [java] [ERROR] 	at java.base/java.util.stream.ForEachOps$ForEachTask.compute(ForEachOps.java:293)
12-06-2026 11:48:38.959 [java] [ERROR] 	at java.base/java.util.concurrent.CountedCompleter.exec(CountedCompleter.java:759)
12-06-2026 11:48:38.959 [java] [ERROR] 	at java.base/java.util.concurrent.ForkJoinTask.doExec(ForkJoinTask.java:511)
12-06-2026 11:48:38.959 [java] [ERROR] 	at java.base/java.util.concurrent.ForkJoinPool$WorkQueue.topLevelExec(ForkJoinPool.java:1450)
12-06-2026 11:48:38.959 [java] [ERROR] 	at java.base/java.util.concurrent.ForkJoinPool.runWorker(ForkJoinPool.java:2019)
12-06-2026 11:48:38.959 [java] [ERROR] 	at java.base/java.util.concurrent.ForkJoinWorkerThread.run(ForkJoinWorkerThread.java:187)
12-06-2026 11:48:38.959 [java] [ERROR] [pool-2-thread-1] WARN org.reflections.Reflections - could not create Vfs.Dir from url. ignoring the exception and continuing
12-06-2026 11:48:38.959 [java] [ERROR] org.reflections.ReflectionsException: could not create Vfs.Dir from url, no matching UrlType was found [file:/C:/Users/a.basaleh/.jdks/openjdk-26.0.1!/jdk.management.jfr]
12-06-2026 11:48:38.959 [java] [ERROR] either use fromURL(final URL url, final List<UrlType> urlTypes) or use the static setDefaultURLTypes(final List<UrlType> urlTypes) or addDefaultURLTypes(UrlType urlType) with your specialized UrlType.
12-06-2026 11:48:38.959 [java] [ERROR] 	at org.reflections.vfs.Vfs.fromURL(Vfs.java:113)
12-06-2026 11:48:38.959 [java] [ERROR] 	at org.reflections.vfs.Vfs.fromURL(Vfs.java:95)
12-06-2026 11:48:38.959 [java] [ERROR] 	at org.reflections.Reflections.lambda$scan$2(Reflections.java:176)
12-06-2026 11:48:38.959 [java] [ERROR] 	at java.base/java.util.stream.ForEachOps$ForEachOp$OfRef.accept(ForEachOps.java:186)
12-06-2026 11:48:38.959 [java] [ERROR] 	at java.base/java.util.HashMap$KeySpliterator.forEachRemaining(HashMap.java:1716)
12-06-2026 11:48:38.959 [java] [ERROR] 	at java.base/java.util.stream.AbstractPipeline.copyInto(AbstractPipeline.java:570)
12-06-2026 11:48:38.959 [java] [ERROR] 	at java.base/java.util.stream.ForEachOps$ForEachTask.compute(ForEachOps.java:293)
12-06-2026 11:48:38.959 [java] [ERROR] 	at java.base/java.util.concurrent.CountedCompleter.exec(CountedCompleter.java:759)
12-06-2026 11:48:38.959 [java] [ERROR] 	at java.base/java.util.concurrent.ForkJoinTask.doExec(ForkJoinTask.java:511)
12-06-2026 11:48:38.959 [java] [ERROR] 	at java.base/java.util.concurrent.ForkJoinPool$WorkQueue.helpComplete(ForkJoinPool.java:1537)
12-06-2026 11:48:38.960 [java] [ERROR] 	at java.base/java.util.concurrent.ForkJoinPool.helpComplete(ForkJoinPool.java:2332)
12-06-2026 11:48:38.960 [java] [ERROR] 	at java.base/java.util.concurrent.ForkJoinTask.awaitDone(ForkJoinTask.java:497)
12-06-2026 11:48:38.960 [java] [ERROR] 	at java.base/java.util.concurrent.ForkJoinTask.join(ForkJoinTask.java:669)
12-06-2026 11:48:38.960 [java] [ERROR] 	at java.base/java.util.concurrent.ForkJoinTask.invoke(ForkJoinTask.java:684)
12-06-2026 11:48:38.960 [java] [ERROR] 	at java.base/java.util.stream.ForEachOps$ForEachOp.evaluateParallel(ForEachOps.java:162)
12-06-2026 11:48:38.960 [java] [ERROR] 	at java.base/java.util.stream.ForEachOps$ForEachOp$OfRef.evaluateParallel(ForEachOps.java:176)
12-06-2026 11:48:38.960 [java] [ERROR] 	at java.base/java.util.stream.AbstractPipeline.evaluate(AbstractPipeline.java:264)
12-06-2026 11:48:38.960 [java] [ERROR] 	at java.base/java.util.stream.ReferencePipeline.forEach(ReferencePipeline.java:632)
12-06-2026 11:48:38.965 [java] [ERROR] 	at java.base/java.util.stream.ReferencePipeline$Head.forEach(ReferencePipeline.java:806)
12-06-2026 11:48:38.965 [java] [ERROR] 	at org.reflections.Reflections.scan(Reflections.java:173)
12-06-2026 11:48:38.965 [java] [ERROR] 	at org.reflections.Reflections.<init>(Reflections.java:126)
12-06-2026 11:48:38.965 [java] [ERROR] 	at com.thoughtworks.gauge.execution.parameters.parsers.base.ParameterParsingChain.createReflections(ParameterParsingChain.java:47)
12-06-2026 11:48:38.965 [java] [ERROR] 	at com.thoughtworks.gauge.execution.parameters.parsers.base.ParameterParsingChain.<init>(ParameterParsingChain.java:33)
12-06-2026 11:48:38.965 [java] [ERROR] 	at com.thoughtworks.gauge.connection.MessageProcessorFactory.initializeExecutionMessageProcessors(MessageProcessorFactory.java:91)
12-06-2026 11:48:38.965 [java] [ERROR] 	at com.thoughtworks.gauge.connection.MessageProcessorFactory.getProcessor(MessageProcessorFactory.java:66)
12-06-2026 11:48:38.965 [java] [ERROR] 	at com.thoughtworks.gauge.RunnerServiceHandler.lambda$validateStep$17(RunnerServiceHandler.java:332)
12-06-2026 11:48:38.965 [java] [ERROR] 	at java.base/java.util.concurrent.ThreadPoolExecutor.runWorker(ThreadPoolExecutor.java:1090)
12-06-2026 11:48:38.965 [java] [ERROR] 	at java.base/java.util.concurrent.ThreadPoolExecutor$Worker.run(ThreadPoolExecutor.java:614)
12-06-2026 11:48:38.965 [java] [ERROR] 	at java.base/java.lang.Thread.run(Thread.java:1516)
12-06-2026 11:48:38.965 [java] [ERROR] [ForkJoinPool.commonPool-worker-9] WARN org.reflections.Reflections - could not create Vfs.Dir from url. ignoring the exception and continuing
12-06-2026 11:48:38.965 [java] [ERROR] org.reflections.ReflectionsException: could not create Vfs.Dir from url, no matching UrlType was found [file:/C:/Users/a.basaleh/.jdks/openjdk-26.0.1!/jdk.jdi]
12-06-2026 11:48:38.965 [java] [ERROR] either use fromURL(final URL url, final List<UrlType> urlTypes) or use the static setDefaultURLTypes(final List<UrlType> urlTypes) or addDefaultURLTypes(UrlType urlType) with your specialized UrlType.
12-06-2026 11:48:38.965 [java] [ERROR] 	at org.reflections.vfs.Vfs.fromURL(Vfs.java:113)
12-06-2026 11:48:38.965 [java] [ERROR] 	at org.reflections.vfs.Vfs.fromURL(Vfs.java:95)
12-06-2026 11:48:38.965 [java] [ERROR] 	at org.reflections.Reflections.lambda$scan$2(Reflections.java:176)
12-06-2026 11:48:38.965 [java] [ERROR] 	at java.base/java.util.stream.ForEachOps$ForEachOp$OfRef.accept(ForEachOps.java:186)
12-06-2026 11:48:38.965 [java] [ERROR] 	at java.base/java.util.HashMap$KeySpliterator.forEachRemaining(HashMap.java:1716)
12-06-2026 11:48:38.965 [java] [ERROR] 	at java.base/java.util.stream.AbstractPipeline.copyInto(AbstractPipeline.java:570)
12-06-2026 11:48:38.965 [java] [ERROR] 	at java.base/java.util.stream.ForEachOps$ForEachTask.compute(ForEachOps.java:293)
12-06-2026 11:48:38.965 [java] [ERROR] 	at java.base/java.util.concurrent.CountedCompleter.exec(CountedCompleter.java:759)
12-06-2026 11:48:38.965 [java] [ERROR] 	at java.base/java.util.concurrent.ForkJoinTask.doExec(ForkJoinTask.java:511)
12-06-2026 11:48:38.965 [java] [ERROR] 	at java.base/java.util.concurrent.ForkJoinPool$WorkQueue.topLevelExec(ForkJoinPool.java:1450)
12-06-2026 11:48:38.965 [java] [ERROR] 	at java.base/java.util.concurrent.ForkJoinPool.runWorker(ForkJoinPool.java:2019)
12-06-2026 11:48:38.965 [java] [ERROR] 	at java.base/java.util.concurrent.ForkJoinWorkerThread.run(ForkJoinWorkerThread.java:187)
12-06-2026 11:48:38.965 [java] [ERROR] [ForkJoinPool.commonPool-worker-3] WARN org.reflections.Reflections - could not create Vfs.Dir from url. ignoring the exception and continuing
12-06-2026 11:48:38.965 [java] [ERROR] org.reflections.ReflectionsException: could not create Vfs.Dir from url, no matching UrlType was found [file:/C:/Users/a.basaleh/.jdks/openjdk-26.0.1!/jdk.internal.ed]
12-06-2026 11:48:38.965 [java] [ERROR] either use fromURL(final URL url, final List<UrlType> urlTypes) or use the static setDefaultURLTypes(final List<UrlType> urlTypes) or addDefaultURLTypes(UrlType urlType) with your specialized UrlType.
12-06-2026 11:48:38.965 [java] [ERROR] 	at org.reflections.vfs.Vfs.fromURL(Vfs.java:113)
12-06-2026 11:48:38.965 [java] [ERROR] 	at org.reflections.vfs.Vfs.fromURL(Vfs.java:95)
12-06-2026 11:48:38.965 [java] [ERROR] 	at org.reflections.Reflections.lambda$scan$2(Reflections.java:176)
12-06-2026 11:48:38.965 [java] [ERROR] 	at java.base/java.util.stream.ForEachOps$ForEachOp$OfRef.accept(ForEachOps.java:186)
12-06-2026 11:48:38.969 [java] [ERROR] 	at java.base/java.util.HashMap$KeySpliterator.forEachRemaining(HashMap.java:1716)
12-06-2026 11:48:38.970 [java] [ERROR] 	at java.base/java.util.stream.AbstractPipeline.copyInto(AbstractPipeline.java:570)
12-06-2026 11:48:38.970 [java] [ERROR] 	at java.base/java.util.stream.ForEachOps$ForEachTask.compute(ForEachOps.java:293)
12-06-2026 11:48:38.970 [java] [ERROR] 	at java.base/java.util.concurrent.CountedCompleter.exec(CountedCompleter.java:759)
12-06-2026 11:48:38.970 [java] [ERROR] 	at java.base/java.util.concurrent.ForkJoinTask.doExec(ForkJoinTask.java:511)
12-06-2026 11:48:38.970 [java] [ERROR] 	at java.base/java.util.concurrent.ForkJoinPool$WorkQueue.topLevelExec(ForkJoinPool.java:1450)
12-06-2026 11:48:38.970 [java] [ERROR] 	at java.base/java.util.concurrent.ForkJoinPool.runWorker(ForkJoinPool.java:2019)
12-06-2026 11:48:38.970 [java] [ERROR] 	at java.base/java.util.concurrent.ForkJoinWorkerThread.run(ForkJoinWorkerThread.java:187)
12-06-2026 11:48:38.970 [java] [ERROR] [ForkJoinPool.commonPool-worker-6] WARN org.reflections.Reflections - could not create Vfs.Dir from url. ignoring the exception and continuing
12-06-2026 11:48:38.970 [java] [ERROR] org.reflections.ReflectionsException: could not create Vfs.Dir from url, no matching UrlType was found [file:/C:/Users/a.basaleh/.jdks/openjdk-26.0.1!/jdk.naming.rmi]
12-06-2026 11:48:38.970 [java] [ERROR] either use fromURL(final URL url, final List<UrlType> urlTypes) or use the static setDefaultURLTypes(final List<UrlType> urlTypes) or addDefaultURLTypes(UrlType urlType) with your specialized UrlType.
12-06-2026 11:48:38.970 [java] [ERROR] 	at org.reflections.vfs.Vfs.fromURL(Vfs.java:113)
12-06-2026 11:48:38.970 [java] [ERROR] 	at org.reflections.vfs.Vfs.fromURL(Vfs.java:95)
12-06-2026 11:48:38.970 [java] [ERROR] 	at org.reflections.Reflections.lambda$scan$2(Reflections.java:176)
12-06-2026 11:48:38.970 [java] [ERROR] 	at java.base/java.util.stream.ForEachOps$ForEachOp$OfRef.accept(ForEachOps.java:186)
12-06-2026 11:48:38.970 [java] [ERROR] 	at java.base/java.util.HashMap$KeySpliterator.forEachRemaining(HashMap.java:1716)
12-06-2026 11:48:38.970 [java] [ERROR] 	at java.base/java.util.stream.AbstractPipeline.copyInto(AbstractPipeline.java:570)
12-06-2026 11:48:38.970 [java] [ERROR] 	at java.base/java.util.stream.ForEachOps$ForEachTask.compute(ForEachOps.java:293)
12-06-2026 11:48:38.970 [java] [ERROR] 	at java.base/java.util.concurrent.CountedCompleter.exec(CountedCompleter.java:759)
12-06-2026 11:48:38.970 [java] [ERROR] 	at java.base/java.util.concurrent.ForkJoinTask.doExec(ForkJoinTask.java:511)
12-06-2026 11:48:38.970 [java] [ERROR] 	at java.base/java.util.concurrent.ForkJoinPool$WorkQueue.topLevelExec(ForkJoinPool.java:1450)
12-06-2026 11:48:38.970 [java] [ERROR] 	at java.base/java.util.concurrent.ForkJoinPool.runWorker(ForkJoinPool.java:2019)
12-06-2026 11:48:38.970 [java] [ERROR] 	at java.base/java.util.concurrent.ForkJoinWorkerThread.run(ForkJoinWorkerThread.java:187)
12-06-2026 11:48:38.970 [java] [ERROR] [ForkJoinPool.commonPool-worker-11] WARN org.reflections.Reflections - could not create Vfs.Dir from url. ignoring the exception and continuing
12-06-2026 11:48:38.970 [java] [ERROR] org.reflections.ReflectionsException: could not create Vfs.Dir from url, no matching UrlType was found [file:/C:/Users/a.basaleh/.jdks/openjdk-26.0.1!/jdk.management.agent]
12-06-2026 11:48:38.970 [java] [ERROR] either use fromURL(final URL url, final List<UrlType> urlTypes) or use the static setDefaultURLTypes(final List<UrlType> urlTypes) or addDefaultURLTypes(UrlType urlType) with your specialized UrlType.
12-06-2026 11:48:38.970 [java] [ERROR] 	at org.reflections.vfs.Vfs.fromURL(Vfs.java:113)
12-06-2026 11:48:38.970 [java] [ERROR] 	at org.reflections.vfs.Vfs.fromURL(Vfs.java:95)
12-06-2026 11:48:38.970 [java] [ERROR] 	at org.reflections.Reflections.lambda$scan$2(Reflections.java:176)
12-06-2026 11:48:38.970 [java] [ERROR] 	at java.base/java.util.stream.ForEachOps$ForEachOp$OfRef.accept(ForEachOps.java:186)
12-06-2026 11:48:38.970 [java] [ERROR] 	at java.base/java.util.HashMap$KeySpliterator.forEachRemaining(HashMap.java:1716)
12-06-2026 11:48:38.970 [java] [ERROR] 	at java.base/java.util.stream.AbstractPipeline.copyInto(AbstractPipeline.java:570)
12-06-2026 11:48:38.970 [java] [ERROR] 	at java.base/java.util.stream.ForEachOps$ForEachTask.compute(ForEachOps.java:293)
12-06-2026 11:48:38.970 [java] [ERROR] 	at java.base/java.util.concurrent.CountedCompleter.exec(CountedCompleter.java:759)
12-06-2026 11:48:38.976 [java] [ERROR] 	at java.base/java.util.concurrent.ForkJoinTask.doExec(ForkJoinTask.java:511)
12-06-2026 11:48:38.976 [java] [ERROR] 	at java.base/java.util.concurrent.ForkJoinPool$WorkQueue.topLevelExec(ForkJoinPool.java:1450)
12-06-2026 11:48:38.976 [java] [ERROR] 	at java.base/java.util.concurrent.ForkJoinPool.runWorker(ForkJoinPool.java:2019)
12-06-2026 11:48:38.976 [java] [ERROR] 	at java.base/java.util.concurrent.ForkJoinWorkerThread.run(ForkJoinWorkerThread.java:187)
12-06-2026 11:48:38.976 [java] [ERROR] [ForkJoinPool.commonPool-worker-3] WARN org.reflections.Reflections - could not create Dir using com.thoughtworks.gauge.scan.ClasspathScanner$1@440b067b from url file:/C:/Users/a.basaleh/.jdks/openjdk-26.0.1!/java.xml. skipping.
12-06-2026 11:48:38.976 [java] [ERROR] java.lang.NullPointerException: Cannot invoke "java.io.File.isDirectory()" because "file" is null
12-06-2026 11:48:38.976 [java] [ERROR] 	at com.thoughtworks.gauge.scan.ClasspathScanner$1.createDir(ClasspathScanner.java:48)
12-06-2026 11:48:38.976 [java] [ERROR] 	at org.reflections.vfs.Vfs.fromURL(Vfs.java:103)
12-06-2026 11:48:38.976 [java] [ERROR] 	at org.reflections.vfs.Vfs.fromURL(Vfs.java:95)
12-06-2026 11:48:38.976 [java] [ERROR] 	at org.reflections.Reflections.lambda$scan$2(Reflections.java:176)
12-06-2026 11:48:38.976 [java] [ERROR] 	at java.base/java.util.stream.ForEachOps$ForEachOp$OfRef.accept(ForEachOps.java:186)
12-06-2026 11:48:38.976 [java] [ERROR] 	at java.base/java.util.HashMap$KeySpliterator.forEachRemaining(HashMap.java:1716)
12-06-2026 11:48:38.976 [java] [ERROR] 	at java.base/java.util.stream.AbstractPipeline.copyInto(AbstractPipeline.java:570)
12-06-2026 11:48:38.976 [java] [ERROR] 	at java.base/java.util.stream.ForEachOps$ForEachTask.compute(ForEachOps.java:293)
12-06-2026 11:48:38.976 [java] [ERROR] 	at java.base/java.util.concurrent.CountedCompleter.exec(CountedCompleter.java:759)
12-06-2026 11:48:38.976 [java] [ERROR] 	at java.base/java.util.concurrent.ForkJoinTask.doExec(ForkJoinTask.java:511)
12-06-2026 11:48:38.976 [java] [ERROR] 	at java.base/java.util.concurrent.ForkJoinPool$WorkQueue.topLevelExec(ForkJoinPool.java:1450)
12-06-2026 11:48:38.976 [java] [ERROR] 	at java.base/java.util.concurrent.ForkJoinPool.runWorker(ForkJoinPool.java:2019)
12-06-2026 11:48:38.976 [java] [ERROR] 	at java.base/java.util.concurrent.ForkJoinWorkerThread.run(ForkJoinWorkerThread.java:187)
12-06-2026 11:48:38.976 [java] [ERROR] [ForkJoinPool.commonPool-worker-11] WARN org.reflections.Reflections - could not create Dir using com.thoughtworks.gauge.scan.ClasspathScanner$1@440b067b from url file:/C:/Users/a.basaleh/.jdks/openjdk-26.0.1!/java.se. skipping.
12-06-2026 11:48:38.976 [java] [ERROR] java.lang.NullPointerException: Cannot invoke "java.io.File.isDirectory()" because "file" is null
12-06-2026 11:48:38.976 [java] [ERROR] 	at com.thoughtworks.gauge.scan.ClasspathScanner$1.createDir(ClasspathScanner.java:48)
12-06-2026 11:48:38.976 [java] [ERROR] 	at org.reflections.vfs.Vfs.fromURL(Vfs.java:103)
12-06-2026 11:48:38.976 [java] [ERROR] 	at org.reflections.vfs.Vfs.fromURL(Vfs.java:95)
12-06-2026 11:48:38.976 [java] [ERROR] 	at org.reflections.Reflections.lambda$scan$2(Reflections.java:176)
12-06-2026 11:48:38.976 [java] [ERROR] 	at java.base/java.util.stream.ForEachOps$ForEachOp$OfRef.accept(ForEachOps.java:186)
12-06-2026 11:48:38.976 [java] [ERROR] 	at java.base/java.util.HashMap$KeySpliterator.forEachRemaining(HashMap.java:1716)
12-06-2026 11:48:38.976 [java] [ERROR] 	at java.base/java.util.stream.AbstractPipeline.copyInto(AbstractPipeline.java:570)
12-06-2026 11:48:38.976 [java] [ERROR] 	at java.base/java.util.stream.ForEachOps$ForEachTask.compute(ForEachOps.java:293)
12-06-2026 11:48:38.976 [java] [ERROR] 	at java.base/java.util.concurrent.CountedCompleter.exec(CountedCompleter.java:759)
12-06-2026 11:48:38.976 [java] [ERROR] 	at java.base/java.util.concurrent.ForkJoinTask.doExec(ForkJoinTask.java:511)
12-06-2026 11:48:38.976 [java] [ERROR] 	at java.base/java.util.concurrent.ForkJoinPool$WorkQueue.topLevelExec(ForkJoinPool.java:1450)
12-06-2026 11:48:38.976 [java] [ERROR] 	at java.base/java.util.concurrent.ForkJoinPool.runWorker(ForkJoinPool.java:2019)
12-06-2026 11:48:38.976 [java] [ERROR] 	at java.base/java.util.concurrent.ForkJoinWorkerThread.run(ForkJoinWorkerThread.java:187)
12-06-2026 11:48:38.976 [java] [ERROR] [ForkJoinPool.commonPool-worker-3] WARN org.reflections.Reflections - could not create Vfs.Dir from url. ignoring the exception and continuing
12-06-2026 11:48:38.977 [java] [ERROR] org.reflections.ReflectionsException: could not create Vfs.Dir from url, no matching UrlType was found [file:/C:/Users/a.basaleh/.jdks/openjdk-26.0.1!/java.xml]
12-06-2026 11:48:38.977 [java] [ERROR] either use fromURL(final URL url, final List<UrlType> urlTypes) or use the static setDefaultURLTypes(final List<UrlType> urlTypes) or addDefaultURLTypes(UrlType urlType) with your specialized UrlType.
12-06-2026 11:48:38.977 [java] [ERROR] 	at org.reflections.vfs.Vfs.fromURL(Vfs.java:113)
12-06-2026 11:48:38.977 [java] [ERROR] 	at org.reflections.vfs.Vfs.fromURL(Vfs.java:95)
12-06-2026 11:48:38.978 [java] [ERROR] 	at org.reflections.Reflections.lambda$scan$2(Reflections.java:176)
12-06-2026 11:48:38.978 [java] [ERROR] 	at java.base/java.util.stream.ForEachOps$ForEachOp$OfRef.accept(ForEachOps.java:186)
12-06-2026 11:48:38.978 [java] [ERROR] 	at java.base/java.util.HashMap$KeySpliterator.forEachRemaining(HashMap.java:1716)
12-06-2026 11:48:38.978 [java] [ERROR] 	at java.base/java.util.stream.AbstractPipeline.copyInto(AbstractPipeline.java:570)
12-06-2026 11:48:38.978 [java] [ERROR] 	at java.base/java.util.stream.ForEachOps$ForEachTask.compute(ForEachOps.java:293)
12-06-2026 11:48:38.978 [java] [ERROR] 	at java.base/java.util.concurrent.CountedCompleter.exec(CountedCompleter.java:759)
12-06-2026 11:48:38.978 [java] [ERROR] 	at java.base/java.util.concurrent.ForkJoinTask.doExec(ForkJoinTask.java:511)
12-06-2026 11:48:38.978 [java] [ERROR] 	at java.base/java.util.concurrent.ForkJoinPool$WorkQueue.topLevelExec(ForkJoinPool.java:1450)
12-06-2026 11:48:38.978 [java] [ERROR] 	at java.base/java.util.concurrent.ForkJoinPool.runWorker(ForkJoinPool.java:2019)
12-06-2026 11:48:38.978 [java] [ERROR] 	at java.base/java.util.concurrent.ForkJoinWorkerThread.run(ForkJoinWorkerThread.java:187)
12-06-2026 11:48:38.978 [java] [ERROR] [ForkJoinPool.commonPool-worker-11] WARN org.reflections.Reflections - could not create Vfs.Dir from url. ignoring the exception and continuing
12-06-2026 11:48:38.978 [java] [ERROR] org.reflections.ReflectionsException: could not create Vfs.Dir from url, no matching UrlType was found [file:/C:/Users/a.basaleh/.jdks/openjdk-26.0.1!/java.se]
12-06-2026 11:48:38.978 [java] [ERROR] either use fromURL(final URL url, final List<UrlType> urlTypes) or use the static setDefaultURLTypes(final List<UrlType> urlTypes) or addDefaultURLTypes(UrlType urlType) with your specialized UrlType.
12-06-2026 11:48:38.978 [java] [ERROR] 	at org.reflections.vfs.Vfs.fromURL(Vfs.java:113)
12-06-2026 11:48:38.978 [java] [ERROR] 	at org.reflections.vfs.Vfs.fromURL(Vfs.java:95)
12-06-2026 11:48:38.978 [java] [ERROR] 	at org.reflections.Reflections.lambda$scan$2(Reflections.java:176)
12-06-2026 11:48:38.978 [java] [ERROR] 	at java.base/java.util.stream.ForEachOps$ForEachOp$OfRef.accept(ForEachOps.java:186)
12-06-2026 11:48:38.978 [java] [ERROR] 	at java.base/java.util.HashMap$KeySpliterator.forEachRemaining(HashMap.java:1716)
12-06-2026 11:48:38.978 [java] [ERROR] 	at java.base/java.util.stream.AbstractPipeline.copyInto(AbstractPipeline.java:570)
12-06-2026 11:48:38.978 [java] [ERROR] 	at java.base/java.util.stream.ForEachOps$ForEachTask.compute(ForEachOps.java:293)
12-06-2026 11:48:38.978 [java] [ERROR] 	at java.base/java.util.concurrent.CountedCompleter.exec(CountedCompleter.java:759)
12-06-2026 11:48:38.978 [java] [ERROR] 	at java.base/java.util.concurrent.ForkJoinTask.doExec(ForkJoinTask.java:511)
12-06-2026 11:48:38.978 [java] [ERROR] 	at java.base/java.util.concurrent.ForkJoinPool$WorkQueue.topLevelExec(ForkJoinPool.java:1450)
12-06-2026 11:48:38.978 [java] [ERROR] 	at java.base/java.util.concurrent.ForkJoinPool.runWorker(ForkJoinPool.java:2019)
12-06-2026 11:48:38.978 [java] [ERROR] 	at java.base/java.util.concurrent.ForkJoinWorkerThread.run(ForkJoinWorkerThread.java:187)
12-06-2026 11:48:38.978 [java] [ERROR] [ForkJoinPool.commonPool-worker-11] WARN org.reflections.Reflections - could not create Dir using com.thoughtworks.gauge.scan.ClasspathScanner$1@440b067b from url file:/C:/Users/a.basaleh/.jdks/openjdk-26.0.1!/java.xml.crypto. skipping.
12-06-2026 11:48:38.978 [java] [ERROR] java.lang.NullPointerException: Cannot invoke "java.io.File.isDirectory()" because "file" is null
12-06-2026 11:48:38.978 [java] [ERROR] 	at com.thoughtworks.gauge.scan.ClasspathScanner$1.createDir(ClasspathScanner.java:48)
12-06-2026 11:48:38.978 [java] [ERROR] 	at org.reflections.vfs.Vfs.fromURL(Vfs.java:103)
12-06-2026 11:48:38.978 [java] [ERROR] 	at org.reflections.vfs.Vfs.fromURL(Vfs.java:95)
12-06-2026 11:48:38.978 [java] [ERROR] 	at org.reflections.Reflections.lambda$scan$2(Reflections.java:176)
12-06-2026 11:48:38.978 [java] [ERROR] 	at java.base/java.util.stream.ForEachOps$ForEachOp$OfRef.accept(ForEachOps.java:186)
12-06-2026 11:48:38.978 [java] [ERROR] 	at java.base/java.util.HashMap$KeySpliterator.forEachRemaining(HashMap.java:1716)
12-06-2026 11:48:38.978 [java] [ERROR] 	at java.base/java.util.stream.AbstractPipeline.copyInto(AbstractPipeline.java:570)
12-06-2026 11:48:38.978 [java] [ERROR] 	at java.base/java.util.stream.ForEachOps$ForEachTask.compute(ForEachOps.java:293)
12-06-2026 11:48:38.978 [java] [ERROR] 	at java.base/java.util.concurrent.CountedCompleter.exec(CountedCompleter.java:759)
12-06-2026 11:48:38.978 [java] [ERROR] 	at java.base/java.util.concurrent.ForkJoinTask.doExec(ForkJoinTask.java:511)
12-06-2026 11:48:38.978 [java] [ERROR] 	at java.base/java.util.concurrent.ForkJoinPool$WorkQueue.topLevelExec(ForkJoinPool.java:1450)
12-06-2026 11:48:38.978 [java] [ERROR] 	at java.base/java.util.concurrent.ForkJoinPool.runWorker(ForkJoinPool.java:2019)
12-06-2026 11:48:38.978 [java] [ERROR] 	at java.base/java.util.concurrent.ForkJoinWorkerThread.run(ForkJoinWorkerThread.java:187)
12-06-2026 11:48:38.978 [java] [ERROR] [ForkJoinPool.commonPool-worker-11] WARN org.reflections.Reflections - could not create Vfs.Dir from url. ignoring the exception and continuing
12-06-2026 11:48:38.978 [java] [ERROR] org.reflections.ReflectionsException: could not create Vfs.Dir from url, no matching UrlType was found [file:/C:/Users/a.basaleh/.jdks/openjdk-26.0.1!/java.xml.crypto]
12-06-2026 11:48:38.978 [java] [ERROR] either use fromURL(final URL url, final List<UrlType> urlTypes) or use the static setDefaultURLTypes(final List<UrlType> urlTypes) or addDefaultURLTypes(UrlType urlType) with your specialized UrlType.
12-06-2026 11:48:38.978 [java] [ERROR] 	at org.reflections.vfs.Vfs.fromURL(Vfs.java:113)
12-06-2026 11:48:38.978 [java] [ERROR] 	at org.reflections.vfs.Vfs.fromURL(Vfs.java:95)
12-06-2026 11:48:38.978 [java] [ERROR] 	at org.reflections.Reflections.lambda$scan$2(Reflections.java:176)
12-06-2026 11:48:38.978 [java] [ERROR] 	at java.base/java.util.stream.ForEachOps$ForEachOp$OfRef.accept(ForEachOps.java:186)
12-06-2026 11:48:38.978 [java] [ERROR] 	at java.base/java.util.HashMap$KeySpliterator.forEachRemaining(HashMap.java:1716)
12-06-2026 11:48:38.978 [java] [ERROR] 	at java.base/java.util.stream.AbstractPipeline.copyInto(AbstractPipeline.java:570)
12-06-2026 11:48:38.978 [java] [ERROR] 	at java.base/java.util.stream.ForEachOps$ForEachTask.compute(ForEachOps.java:293)
12-06-2026 11:48:38.978 [java] [ERROR] 	at java.base/java.util.concurrent.CountedCompleter.exec(CountedCompleter.java:759)
12-06-2026 11:48:38.978 [java] [ERROR] 	at java.base/java.util.concurrent.ForkJoinTask.doExec(ForkJoinTask.java:511)
12-06-2026 11:48:38.978 [java] [ERROR] 	at java.base/java.util.concurrent.ForkJoinPool$WorkQueue.topLevelExec(ForkJoinPool.java:1450)
12-06-2026 11:48:38.979 [java] [ERROR] 	at java.base/java.util.concurrent.ForkJoinPool.runWorker(ForkJoinPool.java:2019)
12-06-2026 11:48:38.979 [java] [ERROR] 	at java.base/java.util.concurrent.ForkJoinWorkerThread.run(ForkJoinWorkerThread.java:187)
12-06-2026 11:48:38.979 [java] [ERROR] [ForkJoinPool.commonPool-worker-11] WARN org.reflections.Reflections - could not create Dir using com.thoughtworks.gauge.scan.ClasspathScanner$1@440b067b from url file:/C:/Users/a.basaleh/.jdks/openjdk-26.0.1!/jdk.crypto.mscapi. skipping.
12-06-2026 11:48:38.979 [java] [ERROR] java.lang.NullPointerException: Cannot invoke "java.io.File.isDirectory()" because "file" is null
12-06-2026 11:48:38.979 [java] [ERROR] 	at com.thoughtworks.gauge.scan.ClasspathScanner$1.createDir(ClasspathScanner.java:48)
12-06-2026 11:48:38.979 [java] [ERROR] 	at org.reflections.vfs.Vfs.fromURL(Vfs.java:103)
12-06-2026 11:48:38.979 [java] [ERROR] 	at org.reflections.vfs.Vfs.fromURL(Vfs.java:95)
12-06-2026 11:48:38.979 [java] [ERROR] 	at org.reflections.Reflections.lambda$scan$2(Reflections.java:176)
12-06-2026 11:48:38.979 [java] [ERROR] 	at java.base/java.util.stream.ForEachOps$ForEachOp$OfRef.accept(ForEachOps.java:186)
12-06-2026 11:48:38.979 [java] [ERROR] 	at java.base/java.util.HashMap$KeySpliterator.forEachRemaining(HashMap.java:1716)
12-06-2026 11:48:38.979 [java] [ERROR] 	at java.base/java.util.stream.AbstractPipeline.copyInto(AbstractPipeline.java:570)
12-06-2026 11:48:38.979 [java] [ERROR] 	at java.base/java.util.stream.ForEachOps$ForEachTask.compute(ForEachOps.java:293)
12-06-2026 11:48:38.979 [java] [ERROR] 	at java.base/java.util.concurrent.CountedCompleter.exec(CountedCompleter.java:759)
12-06-2026 11:48:38.979 [java] [ERROR] 	at java.base/java.util.concurrent.ForkJoinTask.doExec(ForkJoinTask.java:511)
12-06-2026 11:48:38.979 [java] [ERROR] 	at java.base/java.util.concurrent.ForkJoinPool$WorkQueue.topLevelExec(ForkJoinPool.java:1450)
12-06-2026 11:48:38.981 [java] [ERROR] 	at java.base/java.util.concurrent.ForkJoinPool.runWorker(ForkJoinPool.java:2019)
12-06-2026 11:48:38.981 [java] [ERROR] 	at java.base/java.util.concurrent.ForkJoinWorkerThread.run(ForkJoinWorkerThread.java:187)
12-06-2026 11:48:38.981 [java] [ERROR] [ForkJoinPool.commonPool-worker-11] WARN org.reflections.Reflections - could not create Vfs.Dir from url. ignoring the exception and continuing
12-06-2026 11:48:38.981 [java] [ERROR] org.reflections.ReflectionsException: could not create Vfs.Dir from url, no matching UrlType was found [file:/C:/Users/a.basaleh/.jdks/openjdk-26.0.1!/jdk.crypto.mscapi]
12-06-2026 11:48:38.981 [java] [ERROR] either use fromURL(final URL url, final List<UrlType> urlTypes) or use the static setDefaultURLTypes(final List<UrlType> urlTypes) or addDefaultURLTypes(UrlType urlType) with your specialized UrlType.
12-06-2026 11:48:38.981 [java] [ERROR] 	at org.reflections.vfs.Vfs.fromURL(Vfs.java:113)
12-06-2026 11:48:38.981 [java] [ERROR] 	at org.reflections.vfs.Vfs.fromURL(Vfs.java:95)
12-06-2026 11:48:38.981 [java] [ERROR] 	at org.reflections.Reflections.lambda$scan$2(Reflections.java:176)
12-06-2026 11:48:38.981 [java] [ERROR] 	at java.base/java.util.stream.ForEachOps$ForEachOp$OfRef.accept(ForEachOps.java:186)
12-06-2026 11:48:38.981 [java] [ERROR] 	at java.base/java.util.HashMap$KeySpliterator.forEachRemaining(HashMap.java:1716)
12-06-2026 11:48:38.981 [java] [ERROR] 	at java.base/java.util.stream.AbstractPipeline.copyInto(AbstractPipeline.java:570)
12-06-2026 11:48:38.981 [java] [ERROR] 	at java.base/java.util.stream.ForEachOps$ForEachTask.compute(ForEachOps.java:293)
12-06-2026 11:48:38.981 [java] [ERROR] 	at java.base/java.util.concurrent.CountedCompleter.exec(CountedCompleter.java:759)
12-06-2026 11:48:38.981 [java] [ERROR] 	at java.base/java.util.concurrent.ForkJoinTask.doExec(ForkJoinTask.java:511)
12-06-2026 11:48:38.981 [java] [ERROR] 	at java.base/java.util.concurrent.ForkJoinPool$WorkQueue.topLevelExec(ForkJoinPool.java:1450)
12-06-2026 11:48:38.981 [java] [ERROR] 	at java.base/java.util.concurrent.ForkJoinPool.runWorker(ForkJoinPool.java:2019)
12-06-2026 11:48:38.981 [java] [ERROR] 	at java.base/java.util.concurrent.ForkJoinWorkerThread.run(ForkJoinWorkerThread.java:187)
12-06-2026 11:48:38.981 [java] [ERROR] [ForkJoinPool.commonPool-worker-9] WARN org.reflections.Reflections - could not create Dir using com.thoughtworks.gauge.scan.ClasspathScanner$1@440b067b from url file:/C:/Users/a.basaleh/.jdks/openjdk-26.0.1!/jdk.security.auth. skipping.
12-06-2026 11:48:38.981 [java] [ERROR] java.lang.NullPointerException: Cannot invoke "java.io.File.isDirectory()" because "file" is null
12-06-2026 11:48:38.981 [java] [ERROR] 	at com.thoughtworks.gauge.scan.ClasspathScanner$1.createDir(ClasspathScanner.java:48)
12-06-2026 11:48:38.981 [java] [ERROR] 	at org.reflections.vfs.Vfs.fromURL(Vfs.java:103)
12-06-2026 11:48:38.981 [java] [ERROR] 	at org.reflections.vfs.Vfs.fromURL(Vfs.java:95)
12-06-2026 11:48:38.981 [java] [ERROR] 	at org.reflections.Reflections.lambda$scan$2(Reflections.java:176)
12-06-2026 11:48:38.981 [java] [ERROR] 	at java.base/java.util.stream.ForEachOps$ForEachOp$OfRef.accept(ForEachOps.java:186)
12-06-2026 11:48:38.981 [java] [ERROR] 	at java.base/java.util.HashMap$KeySpliterator.forEachRemaining(HashMap.java:1716)
12-06-2026 11:48:38.981 [java] [ERROR] 	at java.base/java.util.stream.AbstractPipeline.copyInto(AbstractPipeline.java:570)
12-06-2026 11:48:38.982 [java] [ERROR] 	at java.base/java.util.stream.ForEachOps$ForEachTask.compute(ForEachOps.java:293)
12-06-2026 11:48:38.982 [java] [ERROR] 	at java.base/java.util.concurrent.CountedCompleter.exec(CountedCompleter.java:759)
12-06-2026 11:48:38.982 [java] [ERROR] 	at java.base/java.util.concurrent.ForkJoinTask.doExec(ForkJoinTask.java:511)
12-06-2026 11:48:38.982 [java] [ERROR] 	at java.base/java.util.concurrent.ForkJoinPool$WorkQueue.topLevelExec(ForkJoinPool.java:1450)
12-06-2026 11:48:38.982 [java] [ERROR] 	at java.base/java.util.concurrent.ForkJoinPool.runWorker(ForkJoinPool.java:2019)
12-06-2026 11:48:38.982 [java] [ERROR] 	at java.base/java.util.concurrent.ForkJoinWorkerThread.run(ForkJoinWorkerThread.java:187)
12-06-2026 11:48:38.987 [java] [ERROR] [ForkJoinPool.commonPool-worker-6] WARN org.reflections.Reflections - could not create Dir using com.thoughtworks.gauge.scan.ClasspathScanner$1@440b067b from url file:/C:/Users/a.basaleh/.jdks/openjdk-26.0.1!/jdk.jfr. skipping.
12-06-2026 11:48:38.988 [java] [ERROR] java.lang.NullPointerException: Cannot invoke "java.io.File.isDirectory()" because "file" is null
12-06-2026 11:48:38.988 [java] [ERROR] 	at com.thoughtworks.gauge.scan.ClasspathScanner$1.createDir(ClasspathScanner.java:48)
12-06-2026 11:48:38.988 [java] [ERROR] 	at org.reflections.vfs.Vfs.fromURL(Vfs.java:103)
12-06-2026 11:48:38.988 [java] [ERROR] 	at org.reflections.vfs.Vfs.fromURL(Vfs.java:95)
12-06-2026 11:48:38.988 [java] [ERROR] 	at org.reflections.Reflections.lambda$scan$2(Reflections.java:176)
12-06-2026 11:48:38.988 [java] [ERROR] 	at java.base/java.util.stream.ForEachOps$ForEachOp$OfRef.accept(ForEachOps.java:186)
12-06-2026 11:48:38.988 [java] [ERROR] 	at java.base/java.util.HashMap$KeySpliterator.forEachRemaining(HashMap.java:1716)
12-06-2026 11:48:38.988 [java] [ERROR] 	at java.base/java.util.stream.AbstractPipeline.copyInto(AbstractPipeline.java:570)
12-06-2026 11:48:38.988 [java] [ERROR] 	at java.base/java.util.stream.ForEachOps$ForEachTask.compute(ForEachOps.java:293)
12-06-2026 11:48:38.988 [java] [ERROR] 	at java.base/java.util.concurrent.CountedCompleter.exec(CountedCompleter.java:759)
12-06-2026 11:48:38.988 [java] [ERROR] 	at java.base/java.util.concurrent.ForkJoinTask.doExec(ForkJoinTask.java:511)
12-06-2026 11:48:38.988 [java] [ERROR] 	at java.base/java.util.concurrent.ForkJoinPool$WorkQueue.topLevelExec(ForkJoinPool.java:1450)
12-06-2026 11:48:38.988 [java] [ERROR] 	at java.base/java.util.concurrent.ForkJoinPool.runWorker(ForkJoinPool.java:2019)
12-06-2026 11:48:38.988 [java] [ERROR] 	at java.base/java.util.concurrent.ForkJoinWorkerThread.run(ForkJoinWorkerThread.java:187)
12-06-2026 11:48:38.988 [java] [ERROR] [ForkJoinPool.commonPool-worker-1] WARN org.reflections.Reflections - could not create Dir using com.thoughtworks.gauge.scan.ClasspathScanner$1@440b067b from url file:/C:/Users/a.basaleh/.jdks/openjdk-26.0.1!/jdk.httpserver. skipping.
12-06-2026 11:48:38.988 [java] [ERROR] java.lang.NullPointerException: Cannot invoke "java.io.File.isDirectory()" because "file" is null
12-06-2026 11:48:38.988 [java] [ERROR] 	at com.thoughtworks.gauge.scan.ClasspathScanner$1.createDir(ClasspathScanner.java:48)
12-06-2026 11:48:38.988 [java] [ERROR] 	at org.reflections.vfs.Vfs.fromURL(Vfs.java:103)
12-06-2026 11:48:38.988 [java] [ERROR] 	at org.reflections.vfs.Vfs.fromURL(Vfs.java:95)
12-06-2026 11:48:38.988 [java] [ERROR] 	at org.reflections.Reflections.lambda$scan$2(Reflections.java:176)
12-06-2026 11:48:38.988 [java] [ERROR] 	at java.base/java.util.stream.ForEachOps$ForEachOp$OfRef.accept(ForEachOps.java:186)
12-06-2026 11:48:38.988 [java] [ERROR] 	at java.base/java.util.HashMap$KeySpliterator.forEachRemaining(HashMap.java:1716)
12-06-2026 11:48:38.988 [java] [ERROR] 	at java.base/java.util.stream.AbstractPipeline.copyInto(AbstractPipeline.java:570)
12-06-2026 11:48:38.988 [java] [ERROR] 	at java.base/java.util.stream.ForEachOps$ForEachTask.compute(ForEachOps.java:293)
12-06-2026 11:48:38.988 [java] [ERROR] 	at java.base/java.util.concurrent.CountedCompleter.exec(CountedCompleter.java:759)
12-06-2026 11:48:38.988 [java] [ERROR] 	at java.base/java.util.concurrent.ForkJoinTask.doExec(ForkJoinTask.java:511)
12-06-2026 11:48:38.988 [java] [ERROR] 	at java.base/java.util.concurrent.ForkJoinPool$WorkQueue.topLevelExec(ForkJoinPool.java:1450)
12-06-2026 11:48:38.988 [java] [ERROR] 	at java.base/java.util.concurrent.ForkJoinPool.runWorker(ForkJoinPool.java:2019)
12-06-2026 11:48:38.988 [java] [ERROR] 	at java.base/java.util.concurrent.ForkJoinWorkerThread.run(ForkJoinWorkerThread.java:187)
12-06-2026 11:48:38.988 [java] [ERROR] [ForkJoinPool.commonPool-worker-5] WARN org.reflections.Reflections - could not create Dir using com.thoughtworks.gauge.scan.ClasspathScanner$1@440b067b from url file:/C:/Users/a.basaleh/.jdks/openjdk-26.0.1!/jdk.naming.dns. skipping.
12-06-2026 11:48:38.988 [java] [ERROR] java.lang.NullPointerException: Cannot invoke "java.io.File.isDirectory()" because "file" is null
12-06-2026 11:48:38.988 [java] [ERROR] 	at com.thoughtworks.gauge.scan.ClasspathScanner$1.createDir(ClasspathScanner.java:48)
12-06-2026 11:48:38.988 [java] [ERROR] 	at org.reflections.vfs.Vfs.fromURL(Vfs.java:103)
12-06-2026 11:48:38.988 [java] [ERROR] 	at org.reflections.vfs.Vfs.fromURL(Vfs.java:95)
12-06-2026 11:48:38.988 [java] [ERROR] 	at org.reflections.Reflections.lambda$scan$2(Reflections.java:176)
12-06-2026 11:48:38.993 [java] [ERROR] 	at java.base/java.util.stream.ForEachOps$ForEachOp$OfRef.accept(ForEachOps.java:186)
12-06-2026 11:48:38.993 [java] [ERROR] 	at java.base/java.util.HashMap$KeySpliterator.forEachRemaining(HashMap.java:1716)
12-06-2026 11:48:38.993 [java] [ERROR] 	at java.base/java.util.stream.AbstractPipeline.copyInto(AbstractPipeline.java:570)
12-06-2026 11:48:38.993 [java] [ERROR] 	at java.base/java.util.stream.ForEachOps$ForEachTask.compute(ForEachOps.java:293)
12-06-2026 11:48:38.993 [java] [ERROR] 	at java.base/java.util.concurrent.CountedCompleter.exec(CountedCompleter.java:759)
12-06-2026 11:48:38.994 [java] [ERROR] 	at java.base/java.util.concurrent.ForkJoinTask.doExec(ForkJoinTask.java:511)
12-06-2026 11:48:38.994 [java] [ERROR] 	at java.base/java.util.concurrent.ForkJoinPool$WorkQueue.topLevelExec(ForkJoinPool.java:1450)
12-06-2026 11:48:38.994 [java] [ERROR] 	at java.base/java.util.concurrent.ForkJoinPool.runWorker(ForkJoinPool.java:2019)
12-06-2026 11:48:38.994 [java] [ERROR] 	at java.base/java.util.concurrent.ForkJoinWorkerThread.run(ForkJoinWorkerThread.java:187)
12-06-2026 11:48:38.994 [java] [ERROR] [ForkJoinPool.commonPool-worker-9] WARN org.reflections.Reflections - could not create Vfs.Dir from url. ignoring the exception and continuing
12-06-2026 11:48:38.994 [java] [ERROR] org.reflections.ReflectionsException: could not create Vfs.Dir from url, no matching UrlType was found [file:/C:/Users/a.basaleh/.jdks/openjdk-26.0.1!/jdk.security.auth]
12-06-2026 11:48:38.994 [java] [ERROR] either use fromURL(final URL url, final List<UrlType> urlTypes) or use the static setDefaultURLTypes(final List<UrlType> urlTypes) or addDefaultURLTypes(UrlType urlType) with your specialized UrlType.
12-06-2026 11:48:38.994 [java] [ERROR] 	at org.reflections.vfs.Vfs.fromURL(Vfs.java:113)
12-06-2026 11:48:38.994 [java] [ERROR] 	at org.reflections.vfs.Vfs.fromURL(Vfs.java:95)
12-06-2026 11:48:38.994 [java] [ERROR] 	at org.reflections.Reflections.lambda$scan$2(Reflections.java:176)
12-06-2026 11:48:38.994 [java] [ERROR] 	at java.base/java.util.stream.ForEachOps$ForEachOp$OfRef.accept(ForEachOps.java:186)
12-06-2026 11:48:38.994 [java] [ERROR] 	at java.base/java.util.HashMap$KeySpliterator.forEachRemaining(HashMap.java:1716)
12-06-2026 11:48:38.994 [java] [ERROR] 	at java.base/java.util.stream.AbstractPipeline.copyInto(AbstractPipeline.java:570)
12-06-2026 11:48:38.994 [java] [ERROR] 	at java.base/java.util.stream.ForEachOps$ForEachTask.compute(ForEachOps.java:293)
12-06-2026 11:48:38.994 [java] [ERROR] 	at java.base/java.util.concurrent.CountedCompleter.exec(CountedCompleter.java:759)
12-06-2026 11:48:38.994 [java] [ERROR] 	at java.base/java.util.concurrent.ForkJoinTask.doExec(ForkJoinTask.java:511)
12-06-2026 11:48:38.994 [java] [ERROR] 	at java.base/java.util.concurrent.ForkJoinPool$WorkQueue.topLevelExec(ForkJoinPool.java:1450)
12-06-2026 11:48:38.994 [java] [ERROR] 	at java.base/java.util.concurrent.ForkJoinPool.runWorker(ForkJoinPool.java:2019)
12-06-2026 11:48:38.994 [java] [ERROR] 	at java.base/java.util.concurrent.ForkJoinWorkerThread.run(ForkJoinWorkerThread.java:187)
12-06-2026 11:48:38.994 [java] [ERROR] [ForkJoinPool.commonPool-worker-6] WARN org.reflections.Reflections - could not create Vfs.Dir from url. ignoring the exception and continuing
12-06-2026 11:48:38.994 [java] [ERROR] org.reflections.ReflectionsException: could not create Vfs.Dir from url, no matching UrlType was found [file:/C:/Users/a.basaleh/.jdks/openjdk-26.0.1!/jdk.jfr]
12-06-2026 11:48:38.994 [java] [ERROR] either use fromURL(final URL url, final List<UrlType> urlTypes) or use the static setDefaultURLTypes(final List<UrlType> urlTypes) or addDefaultURLTypes(UrlType urlType) with your specialized UrlType.
12-06-2026 11:48:38.994 [java] [ERROR] 	at org.reflections.vfs.Vfs.fromURL(Vfs.java:113)
12-06-2026 11:48:38.994 [java] [ERROR] 	at org.reflections.vfs.Vfs.fromURL(Vfs.java:95)
12-06-2026 11:48:38.994 [java] [ERROR] 	at org.reflections.Reflections.lambda$scan$2(Reflections.java:176)
12-06-2026 11:48:38.994 [java] [ERROR] 	at java.base/java.util.stream.ForEachOps$ForEachOp$OfRef.accept(ForEachOps.java:186)
12-06-2026 11:48:38.994 [java] [ERROR] 	at java.base/java.util.HashMap$KeySpliterator.forEachRemaining(HashMap.java:1716)
12-06-2026 11:48:38.994 [java] [ERROR] 	at java.base/java.util.stream.AbstractPipeline.copyInto(AbstractPipeline.java:570)
12-06-2026 11:48:38.994 [java] [ERROR] 	at java.base/java.util.stream.ForEachOps$ForEachTask.compute(ForEachOps.java:293)
12-06-2026 11:48:38.994 [java] [ERROR] 	at java.base/java.util.concurrent.CountedCompleter.exec(CountedCompleter.java:759)
12-06-2026 11:48:38.994 [java] [ERROR] 	at java.base/java.util.concurrent.ForkJoinTask.doExec(ForkJoinTask.java:511)
12-06-2026 11:48:38.994 [java] [ERROR] 	at java.base/java.util.concurrent.ForkJoinPool$WorkQueue.topLevelExec(ForkJoinPool.java:1450)
12-06-2026 11:48:38.994 [java] [ERROR] 	at java.base/java.util.concurrent.ForkJoinPool.runWorker(ForkJoinPool.java:2019)
12-06-2026 11:48:38.994 [java] [ERROR] 	at java.base/java.util.concurrent.ForkJoinWorkerThread.run(ForkJoinWorkerThread.java:187)
12-06-2026 11:48:38.996 [java] [ERROR] [ForkJoinPool.commonPool-worker-1] WARN org.reflections.Reflections - could not create Vfs.Dir from url. ignoring the exception and continuing
12-06-2026 11:48:38.996 [java] [ERROR] org.reflections.ReflectionsException: could not create Vfs.Dir from url, no matching UrlType was found [file:/C:/Users/a.basaleh/.jdks/openjdk-26.0.1!/jdk.httpserver]
12-06-2026 11:48:38.996 [java] [ERROR] either use fromURL(final URL url, final List<UrlType> urlTypes) or use the static setDefaultURLTypes(final List<UrlType> urlTypes) or addDefaultURLTypes(UrlType urlType) with your specialized UrlType.
12-06-2026 11:48:38.996 [java] [ERROR] 	at org.reflections.vfs.Vfs.fromURL(Vfs.java:113)
12-06-2026 11:48:38.996 [java] [ERROR] 	at org.reflections.vfs.Vfs.fromURL(Vfs.java:95)
12-06-2026 11:48:38.996 [java] [ERROR] 	at org.reflections.Reflections.lambda$scan$2(Reflections.java:176)
12-06-2026 11:48:38.996 [java] [ERROR] 	at java.base/java.util.stream.ForEachOps$ForEachOp$OfRef.accept(ForEachOps.java:186)
12-06-2026 11:48:38.996 [java] [ERROR] 	at java.base/java.util.HashMap$KeySpliterator.forEachRemaining(HashMap.java:1716)
12-06-2026 11:48:38.996 [java] [ERROR] 	at java.base/java.util.stream.AbstractPipeline.copyInto(AbstractPipeline.java:570)
12-06-2026 11:48:38.996 [java] [ERROR] 	at java.base/java.util.stream.ForEachOps$ForEachTask.compute(ForEachOps.java:293)
12-06-2026 11:48:38.996 [java] [ERROR] 	at java.base/java.util.concurrent.CountedCompleter.exec(CountedCompleter.java:759)
12-06-2026 11:48:38.996 [java] [ERROR] 	at java.base/java.util.concurrent.ForkJoinTask.doExec(ForkJoinTask.java:511)
12-06-2026 11:48:38.996 [java] [ERROR] 	at java.base/java.util.concurrent.ForkJoinPool$WorkQueue.topLevelExec(ForkJoinPool.java:1450)
12-06-2026 11:48:38.996 [java] [ERROR] 	at java.base/java.util.concurrent.ForkJoinPool.runWorker(ForkJoinPool.java:2019)
12-06-2026 11:48:38.996 [java] [ERROR] 	at java.base/java.util.concurrent.ForkJoinWorkerThread.run(ForkJoinWorkerThread.java:187)
12-06-2026 11:48:38.996 [java] [ERROR] [ForkJoinPool.commonPool-worker-5] WARN org.reflections.Reflections - could not create Vfs.Dir from url. ignoring the exception and continuing
12-06-2026 11:48:38.996 [java] [ERROR] org.reflections.ReflectionsException: could not create Vfs.Dir from url, no matching UrlType was found [file:/C:/Users/a.basaleh/.jdks/openjdk-26.0.1!/jdk.naming.dns]
12-06-2026 11:48:38.996 [java] [ERROR] either use fromURL(final URL url, final List<UrlType> urlTypes) or use the static setDefaultURLTypes(final List<UrlType> urlTypes) or addDefaultURLTypes(UrlType urlType) with your specialized UrlType.
12-06-2026 11:48:38.996 [java] [ERROR] 	at org.reflections.vfs.Vfs.fromURL(Vfs.java:113)
12-06-2026 11:48:38.996 [java] [ERROR] 	at org.reflections.vfs.Vfs.fromURL(Vfs.java:95)
12-06-2026 11:48:38.996 [java] [ERROR] 	at org.reflections.Reflections.lambda$scan$2(Reflections.java:176)
12-06-2026 11:48:38.996 [java] [ERROR] 	at java.base/java.util.stream.ForEachOps$ForEachOp$OfRef.accept(ForEachOps.java:186)
12-06-2026 11:48:38.996 [java] [ERROR] 	at java.base/java.util.HashMap$KeySpliterator.forEachRemaining(HashMap.java:1716)
12-06-2026 11:48:38.996 [java] [ERROR] 	at java.base/java.util.stream.AbstractPipeline.copyInto(AbstractPipeline.java:570)
12-06-2026 11:48:38.996 [java] [ERROR] 	at java.base/java.util.stream.ForEachOps$ForEachTask.compute(ForEachOps.java:293)
12-06-2026 11:48:38.996 [java] [ERROR] 	at java.base/java.util.concurrent.CountedCompleter.exec(CountedCompleter.java:759)
12-06-2026 11:48:38.996 [java] [ERROR] 	at java.base/java.util.concurrent.ForkJoinTask.doExec(ForkJoinTask.java:511)
12-06-2026 11:48:38.996 [java] [ERROR] 	at java.base/java.util.concurrent.ForkJoinPool$WorkQueue.topLevelExec(ForkJoinPool.java:1450)
12-06-2026 11:48:38.996 [java] [ERROR] 	at java.base/java.util.concurrent.ForkJoinPool.runWorker(ForkJoinPool.java:2019)
12-06-2026 11:48:38.996 [java] [ERROR] 	at java.base/java.util.concurrent.ForkJoinWorkerThread.run(ForkJoinWorkerThread.java:187)
12-06-2026 11:48:38.996 [java] [ERROR] [ForkJoinPool.commonPool-worker-6] WARN org.reflections.Reflections - could not create Dir using com.thoughtworks.gauge.scan.ClasspathScanner$1@440b067b from url file:/C:/Users/a.basaleh/.jdks/openjdk-26.0.1!/jdk.management. skipping.
12-06-2026 11:48:38.996 [java] [ERROR] java.lang.NullPointerException: Cannot invoke "java.io.File.isDirectory()" because "file" is null
12-06-2026 11:48:38.996 [java] [ERROR] 	at com.thoughtworks.gauge.scan.ClasspathScanner$1.createDir(ClasspathScanner.java:48)
12-06-2026 11:48:39.010 [java] [ERROR] 	at org.reflections.vfs.Vfs.fromURL(Vfs.java:103)
12-06-2026 11:48:39.010 [java] [ERROR] 	at org.reflections.vfs.Vfs.fromURL(Vfs.java:95)
12-06-2026 11:48:39.010 [java] [ERROR] 	at org.reflections.Reflections.lambda$scan$2(Reflections.java:176)
12-06-2026 11:48:39.010 [java] [ERROR] 	at java.base/java.util.stream.ForEachOps$ForEachOp$OfRef.accept(ForEachOps.java:186)
12-06-2026 11:48:39.010 [java] [ERROR] 	at java.base/java.util.HashMap$KeySpliterator.forEachRemaining(HashMap.java:1716)
12-06-2026 11:48:39.010 [java] [ERROR] 	at java.base/java.util.stream.AbstractPipeline.copyInto(AbstractPipeline.java:570)
12-06-2026 11:48:39.010 [java] [ERROR] 	at java.base/java.util.stream.ForEachOps$ForEachTask.compute(ForEachOps.java:293)
12-06-2026 11:48:39.010 [java] [ERROR] 	at java.base/java.util.concurrent.CountedCompleter.exec(CountedCompleter.java:759)
12-06-2026 11:48:39.010 [java] [ERROR] 	at java.base/java.util.concurrent.ForkJoinTask.doExec(ForkJoinTask.java:511)
12-06-2026 11:48:39.010 [java] [ERROR] 	at java.base/java.util.concurrent.ForkJoinPool$WorkQueue.topLevelExec(ForkJoinPool.java:1450)
12-06-2026 11:48:39.010 [java] [ERROR] 	at java.base/java.util.concurrent.ForkJoinPool.runWorker(ForkJoinPool.java:2019)
12-06-2026 11:48:39.010 [java] [ERROR] 	at java.base/java.util.concurrent.ForkJoinWorkerThread.run(ForkJoinWorkerThread.java:187)
12-06-2026 11:48:39.010 [java] [ERROR] [ForkJoinPool.commonPool-worker-9] WARN org.reflections.Reflections - could not create Dir using com.thoughtworks.gauge.scan.ClasspathScanner$1@440b067b from url file:/C:/Users/a.basaleh/.jdks/openjdk-26.0.1!/jdk.crypto.ec. skipping.
12-06-2026 11:48:39.010 [java] [ERROR] java.lang.NullPointerException: Cannot invoke "java.io.File.isDirectory()" because "file" is null
12-06-2026 11:48:39.010 [java] [ERROR] 	at com.thoughtworks.gauge.scan.ClasspathScanner$1.createDir(ClasspathScanner.java:48)
12-06-2026 11:48:39.010 [java] [ERROR] 	at org.reflections.vfs.Vfs.fromURL(Vfs.java:103)
12-06-2026 11:48:39.010 [java] [ERROR] 	at org.reflections.vfs.Vfs.fromURL(Vfs.java:95)
12-06-2026 11:48:39.010 [java] [ERROR] 	at org.reflections.Reflections.lambda$scan$2(Reflections.java:176)
12-06-2026 11:48:39.012 [java] [ERROR] 	at java.base/java.util.stream.ForEachOps$ForEachOp$OfRef.accept(ForEachOps.java:186)
12-06-2026 11:48:39.012 [java] [ERROR] 	at java.base/java.util.HashMap$KeySpliterator.forEachRemaining(HashMap.java:1716)
12-06-2026 11:48:39.012 [java] [ERROR] 	at java.base/java.util.stream.AbstractPipeline.copyInto(AbstractPipeline.java:570)
12-06-2026 11:48:39.012 [java] [ERROR] 	at java.base/java.util.stream.ForEachOps$ForEachTask.compute(ForEachOps.java:293)
12-06-2026 11:48:39.012 [java] [ERROR] 	at java.base/java.util.concurrent.CountedCompleter.exec(CountedCompleter.java:759)
12-06-2026 11:48:39.012 [java] [ERROR] 	at java.base/java.util.concurrent.ForkJoinTask.doExec(ForkJoinTask.java:511)
12-06-2026 11:48:39.012 [java] [ERROR] 	at java.base/java.util.concurrent.ForkJoinPool$WorkQueue.topLevelExec(ForkJoinPool.java:1450)
12-06-2026 11:48:39.012 [java] [ERROR] 	at java.base/java.util.concurrent.ForkJoinPool.runWorker(ForkJoinPool.java:2019)
12-06-2026 11:48:39.012 [java] [ERROR] 	at java.base/java.util.concurrent.ForkJoinWorkerThread.run(ForkJoinWorkerThread.java:187)
12-06-2026 11:48:39.012 [java] [ERROR] [ForkJoinPool.commonPool-worker-1] WARN org.reflections.Reflections - could not create Dir using com.thoughtworks.gauge.scan.ClasspathScanner$1@440b067b from url file:/C:/Users/a.basaleh/.jdks/openjdk-26.0.1!/jdk.jlink. skipping.
12-06-2026 11:48:39.012 [java] [ERROR] java.lang.NullPointerException: Cannot invoke "java.io.File.isDirectory()" because "file" is null
12-06-2026 11:48:39.012 [java] [ERROR] 	at com.thoughtworks.gauge.scan.ClasspathScanner$1.createDir(ClasspathScanner.java:48)
12-06-2026 11:48:39.012 [java] [ERROR] 	at org.reflections.vfs.Vfs.fromURL(Vfs.java:103)
12-06-2026 11:48:39.012 [java] [ERROR] 	at org.reflections.vfs.Vfs.fromURL(Vfs.java:95)
12-06-2026 11:48:39.012 [java] [ERROR] 	at org.reflections.Reflections.lambda$scan$2(Reflections.java:176)
12-06-2026 11:48:39.012 [java] [ERROR] 	at java.base/java.util.stream.ForEachOps$ForEachOp$OfRef.accept(ForEachOps.java:186)
12-06-2026 11:48:39.012 [java] [ERROR] 	at java.base/java.util.HashMap$KeySpliterator.forEachRemaining(HashMap.java:1716)
12-06-2026 11:48:39.012 [java] [ERROR] 	at java.base/java.util.stream.AbstractPipeline.copyInto(AbstractPipeline.java:570)
12-06-2026 11:48:39.015 [java] [ERROR] 	at java.base/java.util.stream.ForEachOps$ForEachTask.compute(ForEachOps.java:293)
12-06-2026 11:48:39.015 [java] [ERROR] 	at java.base/java.util.concurrent.CountedCompleter.exec(CountedCompleter.java:759)
12-06-2026 11:48:39.015 [java] [ERROR] 	at java.base/java.util.concurrent.ForkJoinTask.doExec(ForkJoinTask.java:511)
12-06-2026 11:48:39.015 [java] [ERROR] 	at java.base/java.util.concurrent.ForkJoinPool$WorkQueue.topLevelExec(ForkJoinPool.java:1450)
12-06-2026 11:48:39.015 [java] [ERROR] 	at java.base/java.util.concurrent.ForkJoinPool.runWorker(ForkJoinPool.java:2019)
12-06-2026 11:48:39.015 [java] [ERROR] 	at java.base/java.util.concurrent.ForkJoinWorkerThread.run(ForkJoinWorkerThread.java:187)
12-06-2026 11:48:39.015 [java] [ERROR] [ForkJoinPool.commonPool-worker-5] WARN org.reflections.Reflections - could not create Dir using com.thoughtworks.gauge.scan.ClasspathScanner$1@440b067b from url file:/C:/Users/a.basaleh/.jdks/openjdk-26.0.1!/java.logging. skipping.
12-06-2026 11:48:39.015 [java] [ERROR] java.lang.NullPointerException: Cannot invoke "java.io.File.isDirectory()" because "file" is null
12-06-2026 11:48:39.015 [java] [ERROR] 	at com.thoughtworks.gauge.scan.ClasspathScanner$1.createDir(ClasspathScanner.java:48)
12-06-2026 11:48:39.015 [java] [ERROR] 	at org.reflections.vfs.Vfs.fromURL(Vfs.java:103)
12-06-2026 11:48:39.015 [java] [ERROR] 	at org.reflections.vfs.Vfs.fromURL(Vfs.java:95)
12-06-2026 11:48:39.015 [java] [ERROR] 	at org.reflections.Reflections.lambda$scan$2(Reflections.java:176)
12-06-2026 11:48:39.015 [java] [ERROR] 	at java.base/java.util.stream.ForEachOps$ForEachOp$OfRef.accept(ForEachOps.java:186)
12-06-2026 11:48:39.015 [java] [ERROR] 	at java.base/java.util.HashMap$KeySpliterator.forEachRemaining(HashMap.java:1716)
12-06-2026 11:48:39.015 [java] [ERROR] 	at java.base/java.util.stream.AbstractPipeline.copyInto(AbstractPipeline.java:570)
12-06-2026 11:48:39.015 [java] [ERROR] 	at java.base/java.util.stream.ForEachOps$ForEachTask.compute(ForEachOps.java:293)
12-06-2026 11:48:39.015 [java] [ERROR] 	at java.base/java.util.concurrent.CountedCompleter.exec(CountedCompleter.java:759)
12-06-2026 11:48:39.015 [java] [ERROR] 	at java.base/java.util.concurrent.ForkJoinTask.doExec(ForkJoinTask.java:511)
12-06-2026 11:48:39.015 [java] [ERROR] 	at java.base/java.util.concurrent.ForkJoinPool$WorkQueue.topLevelExec(ForkJoinPool.java:1450)
12-06-2026 11:48:39.015 [java] [ERROR] 	at java.base/java.util.concurrent.ForkJoinPool.runWorker(ForkJoinPool.java:2019)
12-06-2026 11:48:39.015 [java] [ERROR] 	at java.base/java.util.concurrent.ForkJoinWorkerThread.run(ForkJoinWorkerThread.java:187)
12-06-2026 11:48:39.015 [java] [ERROR] [ForkJoinPool.commonPool-worker-6] WARN org.reflections.Reflections - could not create Vfs.Dir from url. ignoring the exception and continuing
12-06-2026 11:48:39.015 [java] [ERROR] org.reflections.ReflectionsException: could not create Vfs.Dir from url, no matching UrlType was found [file:/C:/Users/a.basaleh/.jdks/openjdk-26.0.1!/jdk.management]
12-06-2026 11:48:39.015 [java] [ERROR] either use fromURL(final URL url, final List<UrlType> urlTypes) or use the static setDefaultURLTypes(final List<UrlType> urlTypes) or addDefaultURLTypes(UrlType urlType) with your specialized UrlType.
12-06-2026 11:48:39.015 [java] [ERROR] 	at org.reflections.vfs.Vfs.fromURL(Vfs.java:113)
12-06-2026 11:48:39.015 [java] [ERROR] 	at org.reflections.vfs.Vfs.fromURL(Vfs.java:95)
12-06-2026 11:48:39.015 [java] [ERROR] 	at org.reflections.Reflections.lambda$scan$2(Reflections.java:176)
12-06-2026 11:48:39.015 [java] [ERROR] 	at java.base/java.util.stream.ForEachOps$ForEachOp$OfRef.accept(ForEachOps.java:186)
12-06-2026 11:48:39.015 [java] [ERROR] 	at java.base/java.util.HashMap$KeySpliterator.forEachRemaining(HashMap.java:1716)
12-06-2026 11:48:39.015 [java] [ERROR] 	at java.base/java.util.stream.AbstractPipeline.copyInto(AbstractPipeline.java:570)
12-06-2026 11:48:39.015 [java] [ERROR] 	at java.base/java.util.stream.ForEachOps$ForEachTask.compute(ForEachOps.java:293)
12-06-2026 11:48:39.015 [java] [ERROR] 	at java.base/java.util.concurrent.CountedCompleter.exec(CountedCompleter.java:759)
12-06-2026 11:48:39.015 [java] [ERROR] 	at java.base/java.util.concurrent.ForkJoinTask.doExec(ForkJoinTask.java:511)
12-06-2026 11:48:39.015 [java] [ERROR] 	at java.base/java.util.concurrent.ForkJoinPool$WorkQueue.topLevelExec(ForkJoinPool.java:1450)
12-06-2026 11:48:39.015 [java] [ERROR] 	at java.base/java.util.concurrent.ForkJoinPool.runWorker(ForkJoinPool.java:2019)
12-06-2026 11:48:39.016 [java] [ERROR] 	at java.base/java.util.concurrent.ForkJoinWorkerThread.run(ForkJoinWorkerThread.java:187)
12-06-2026 11:48:39.016 [java] [ERROR] [ForkJoinPool.commonPool-worker-9] WARN org.reflections.Reflections - could not create Vfs.Dir from url. ignoring the exception and continuing
12-06-2026 11:48:39.016 [java] [ERROR] org.reflections.ReflectionsException: could not create Vfs.Dir from url, no matching UrlType was found [file:/C:/Users/a.basaleh/.jdks/openjdk-26.0.1!/jdk.crypto.ec]
12-06-2026 11:48:39.016 [java] [ERROR] either use fromURL(final URL url, final List<UrlType> urlTypes) or use the static setDefaultURLTypes(final List<UrlType> urlTypes) or addDefaultURLTypes(UrlType urlType) with your specialized UrlType.
12-06-2026 11:48:39.016 [java] [ERROR] 	at org.reflections.vfs.Vfs.fromURL(Vfs.java:113)
12-06-2026 11:48:39.016 [java] [ERROR] 	at org.reflections.vfs.Vfs.fromURL(Vfs.java:95)
12-06-2026 11:48:39.016 [java] [ERROR] 	at org.reflections.Reflections.lambda$scan$2(Reflections.java:176)
12-06-2026 11:48:39.016 [java] [ERROR] 	at java.base/java.util.stream.ForEachOps$ForEachOp$OfRef.accept(ForEachOps.java:186)
12-06-2026 11:48:39.016 [java] [ERROR] 	at java.base/java.util.HashMap$KeySpliterator.forEachRemaining(HashMap.java:1716)
12-06-2026 11:48:39.016 [java] [ERROR] 	at java.base/java.util.stream.AbstractPipeline.copyInto(AbstractPipeline.java:570)
12-06-2026 11:48:39.016 [java] [ERROR] 	at java.base/java.util.stream.ForEachOps$ForEachTask.compute(ForEachOps.java:293)
12-06-2026 11:48:39.016 [java] [ERROR] 	at java.base/java.util.concurrent.CountedCompleter.exec(CountedCompleter.java:759)
12-06-2026 11:48:39.016 [java] [ERROR] 	at java.base/java.util.concurrent.ForkJoinTask.doExec(ForkJoinTask.java:511)
12-06-2026 11:48:39.016 [java] [ERROR] 	at java.base/java.util.concurrent.ForkJoinPool$WorkQueue.topLevelExec(ForkJoinPool.java:1450)
12-06-2026 11:48:39.016 [java] [ERROR] 	at java.base/java.util.concurrent.ForkJoinPool.runWorker(ForkJoinPool.java:2019)
12-06-2026 11:48:39.016 [java] [ERROR] 	at java.base/java.util.concurrent.ForkJoinWorkerThread.run(ForkJoinWorkerThread.java:187)
12-06-2026 11:48:39.016 [java] [ERROR] [ForkJoinPool.commonPool-worker-1] WARN org.reflections.Reflections - could not create Vfs.Dir from url. ignoring the exception and continuing
12-06-2026 11:48:39.016 [java] [ERROR] org.reflections.ReflectionsException: could not create Vfs.Dir from url, no matching UrlType was found [file:/C:/Users/a.basaleh/.jdks/openjdk-26.0.1!/jdk.jlink]
12-06-2026 11:48:39.016 [java] [ERROR] either use fromURL(final URL url, final List<UrlType> urlTypes) or use the static setDefaultURLTypes(final List<UrlType> urlTypes) or addDefaultURLTypes(UrlType urlType) with your specialized UrlType.
12-06-2026 11:48:39.016 [java] [ERROR] 	at org.reflections.vfs.Vfs.fromURL(Vfs.java:113)
12-06-2026 11:48:39.016 [java] [ERROR] 	at org.reflections.vfs.Vfs.fromURL(Vfs.java:95)
12-06-2026 11:48:39.016 [java] [ERROR] 	at org.reflections.Reflections.lambda$scan$2(Reflections.java:176)
12-06-2026 11:48:39.016 [java] [ERROR] 	at java.base/java.util.stream.ForEachOps$ForEachOp$OfRef.accept(ForEachOps.java:186)
12-06-2026 11:48:39.016 [java] [ERROR] 	at java.base/java.util.HashMap$KeySpliterator.forEachRemaining(HashMap.java:1716)
12-06-2026 11:48:39.016 [java] [ERROR] 	at java.base/java.util.stream.AbstractPipeline.copyInto(AbstractPipeline.java:570)
12-06-2026 11:48:39.016 [java] [ERROR] 	at java.base/java.util.stream.ForEachOps$ForEachTask.compute(ForEachOps.java:293)
12-06-2026 11:48:39.016 [java] [ERROR] 	at java.base/java.util.concurrent.CountedCompleter.exec(CountedCompleter.java:759)
12-06-2026 11:48:39.016 [java] [ERROR] 	at java.base/java.util.concurrent.ForkJoinTask.doExec(ForkJoinTask.java:511)
12-06-2026 11:48:39.016 [java] [ERROR] 	at java.base/java.util.concurrent.ForkJoinPool$WorkQueue.topLevelExec(ForkJoinPool.java:1450)
12-06-2026 11:48:39.016 [java] [ERROR] 	at java.base/java.util.concurrent.ForkJoinPool.runWorker(ForkJoinPool.java:2019)
12-06-2026 11:48:39.016 [java] [ERROR] 	at java.base/java.util.concurrent.ForkJoinWorkerThread.run(ForkJoinWorkerThread.java:187)
12-06-2026 11:48:39.016 [java] [ERROR] [ForkJoinPool.commonPool-worker-5] WARN org.reflections.Reflections - could not create Vfs.Dir from url. ignoring the exception and continuing
12-06-2026 11:48:39.016 [java] [ERROR] org.reflections.ReflectionsException: could not create Vfs.Dir from url, no matching UrlType was found [file:/C:/Users/a.basaleh/.jdks/openjdk-26.0.1!/java.logging]
12-06-2026 11:48:39.018 [java] [ERROR] either use fromURL(final URL url, final List<UrlType> urlTypes) or use the static setDefaultURLTypes(final List<UrlType> urlTypes) or addDefaultURLTypes(UrlType urlType) with your specialized UrlType.
12-06-2026 11:48:39.018 [java] [ERROR] 	at org.reflections.vfs.Vfs.fromURL(Vfs.java:113)
12-06-2026 11:48:39.018 [java] [ERROR] 	at org.reflections.vfs.Vfs.fromURL(Vfs.java:95)
12-06-2026 11:48:39.018 [java] [ERROR] 	at org.reflections.Reflections.lambda$scan$2(Reflections.java:176)
12-06-2026 11:48:39.018 [java] [ERROR] 	at java.base/java.util.stream.ForEachOps$ForEachOp$OfRef.accept(ForEachOps.java:186)
12-06-2026 11:48:39.018 [java] [ERROR] 	at java.base/java.util.HashMap$KeySpliterator.forEachRemaining(HashMap.java:1716)
12-06-2026 11:48:39.018 [java] [ERROR] 	at java.base/java.util.stream.AbstractPipeline.copyInto(AbstractPipeline.java:570)
12-06-2026 11:48:39.018 [java] [ERROR] 	at java.base/java.util.stream.ForEachOps$ForEachTask.compute(ForEachOps.java:293)
12-06-2026 11:48:39.018 [java] [ERROR] 	at java.base/java.util.concurrent.CountedCompleter.exec(CountedCompleter.java:759)
12-06-2026 11:48:39.018 [java] [ERROR] 	at java.base/java.util.concurrent.ForkJoinTask.doExec(ForkJoinTask.java:511)
12-06-2026 11:48:39.018 [java] [ERROR] 	at java.base/java.util.concurrent.ForkJoinPool$WorkQueue.topLevelExec(ForkJoinPool.java:1450)
12-06-2026 11:48:39.018 [java] [ERROR] 	at java.base/java.util.concurrent.ForkJoinPool.runWorker(ForkJoinPool.java:2019)
12-06-2026 11:48:39.018 [java] [ERROR] 	at java.base/java.util.concurrent.ForkJoinWorkerThread.run(ForkJoinWorkerThread.java:187)
12-06-2026 11:48:39.018 [java] [ERROR] [ForkJoinPool.commonPool-worker-6] WARN org.reflections.Reflections - could not create Dir using com.thoughtworks.gauge.scan.ClasspathScanner$1@440b067b from url file:/C:/Users/a.basaleh/.jdks/openjdk-26.0.1!/java.smartcardio. skipping.
12-06-2026 11:48:39.018 [java] [ERROR] java.lang.NullPointerException: Cannot invoke "java.io.File.isDirectory()" because "file" is null
12-06-2026 11:48:39.018 [java] [ERROR] 	at com.thoughtworks.gauge.scan.ClasspathScanner$1.createDir(ClasspathScanner.java:48)
12-06-2026 11:48:39.018 [java] [ERROR] 	at org.reflections.vfs.Vfs.fromURL(Vfs.java:103)
12-06-2026 11:48:39.018 [java] [ERROR] 	at org.reflections.vfs.Vfs.fromURL(Vfs.java:95)
12-06-2026 11:48:39.018 [java] [ERROR] 	at org.reflections.Reflections.lambda$scan$2(Reflections.java:176)
12-06-2026 11:48:39.018 [java] [ERROR] 	at java.base/java.util.stream.ForEachOps$ForEachOp$OfRef.accept(ForEachOps.java:186)
12-06-2026 11:48:39.018 [java] [ERROR] 	at java.base/java.util.HashMap$KeySpliterator.forEachRemaining(HashMap.java:1716)
12-06-2026 11:48:39.018 [java] [ERROR] 	at java.base/java.util.stream.AbstractPipeline.copyInto(AbstractPipeline.java:570)
12-06-2026 11:48:39.018 [java] [ERROR] 	at java.base/java.util.stream.ForEachOps$ForEachTask.compute(ForEachOps.java:293)
12-06-2026 11:48:39.018 [java] [ERROR] 	at java.base/java.util.concurrent.CountedCompleter.exec(CountedCompleter.java:759)
12-06-2026 11:48:39.018 [java] [ERROR] 	at java.base/java.util.concurrent.ForkJoinTask.doExec(ForkJoinTask.java:511)
12-06-2026 11:48:39.018 [java] [ERROR] 	at java.base/java.util.concurrent.ForkJoinPool$WorkQueue.topLevelExec(ForkJoinPool.java:1450)
12-06-2026 11:48:39.018 [java] [ERROR] 	at java.base/java.util.concurrent.ForkJoinPool.runWorker(ForkJoinPool.java:2019)
12-06-2026 11:48:39.018 [java] [ERROR] 	at java.base/java.util.concurrent.ForkJoinWorkerThread.run(ForkJoinWorkerThread.java:187)
12-06-2026 11:48:39.018 [java] [ERROR] [ForkJoinPool.commonPool-worker-7] WARN org.reflections.Reflections - could not create Dir using com.thoughtworks.gauge.scan.ClasspathScanner$1@440b067b from url file:/C:/Users/a.basaleh/.jdks/openjdk-26.0.1!/jdk.internal.opt. skipping.
12-06-2026 11:48:39.018 [java] [ERROR] java.lang.NullPointerException: Cannot invoke "java.io.File.isDirectory()" because "file" is null
12-06-2026 11:48:39.018 [java] [ERROR] 	at com.thoughtworks.gauge.scan.ClasspathScanner$1.createDir(ClasspathScanner.java:48)
12-06-2026 11:48:39.018 [java] [ERROR] 	at org.reflections.vfs.Vfs.fromURL(Vfs.java:103)
12-06-2026 11:48:39.018 [java] [ERROR] 	at org.reflections.vfs.Vfs.fromURL(Vfs.java:95)
12-06-2026 11:48:39.018 [java] [ERROR] 	at org.reflections.Reflections.lambda$scan$2(Reflections.java:176)
12-06-2026 11:48:39.018 [java] [ERROR] 	at java.base/java.util.stream.ForEachOps$ForEachOp$OfRef.accept(ForEachOps.java:186)
12-06-2026 11:48:39.018 [java] [ERROR] 	at java.base/java.util.HashMap$KeySpliterator.forEachRemaining(HashMap.java:1716)
12-06-2026 11:48:39.019 [java] [ERROR] 	at java.base/java.util.stream.AbstractPipeline.copyInto(AbstractPipeline.java:570)
12-06-2026 11:48:39.019 [java] [ERROR] 	at java.base/java.util.stream.ForEachOps$ForEachTask.compute(ForEachOps.java:293)
12-06-2026 11:48:39.019 [java] [ERROR] 	at java.base/java.util.concurrent.CountedCompleter.exec(CountedCompleter.java:759)
12-06-2026 11:48:39.019 [java] [ERROR] 	at java.base/java.util.concurrent.ForkJoinTask.doExec(ForkJoinTask.java:511)
12-06-2026 11:48:39.019 [java] [ERROR] 	at java.base/java.util.concurrent.ForkJoinPool$WorkQueue.topLevelExec(ForkJoinPool.java:1450)
12-06-2026 11:48:39.019 [java] [ERROR] 	at java.base/java.util.concurrent.ForkJoinPool.runWorker(ForkJoinPool.java:2019)
12-06-2026 11:48:39.019 [java] [ERROR] 	at java.base/java.util.concurrent.ForkJoinWorkerThread.run(ForkJoinWorkerThread.java:187)
12-06-2026 11:48:39.019 [java] [ERROR] [ForkJoinPool.commonPool-worker-11] WARN org.reflections.Reflections - could not create Dir using com.thoughtworks.gauge.scan.ClasspathScanner$1@440b067b from url file:/C:/Users/a.basaleh/.jdks/openjdk-26.0.1!/jdk.jconsole. skipping.
12-06-2026 11:48:39.019 [java] [ERROR] java.lang.NullPointerException: Cannot invoke "java.io.File.isDirectory()" because "file" is null
12-06-2026 11:48:39.019 [java] [ERROR] 	at com.thoughtworks.gauge.scan.ClasspathScanner$1.createDir(ClasspathScanner.java:48)
12-06-2026 11:48:39.019 [java] [ERROR] 	at org.reflections.vfs.Vfs.fromURL(Vfs.java:103)
12-06-2026 11:48:39.019 [java] [ERROR] 	at org.reflections.vfs.Vfs.fromURL(Vfs.java:95)
12-06-2026 11:48:39.019 [java] [ERROR] 	at org.reflections.Reflections.lambda$scan$2(Reflections.java:176)
12-06-2026 11:48:39.019 [java] [ERROR] 	at java.base/java.util.stream.ForEachOps$ForEachOp$OfRef.accept(ForEachOps.java:186)
12-06-2026 11:48:39.019 [java] [ERROR] 	at java.base/java.util.HashMap$KeySpliterator.forEachRemaining(HashMap.java:1716)
12-06-2026 11:48:39.019 [java] [ERROR] 	at java.base/java.util.stream.AbstractPipeline.copyInto(AbstractPipeline.java:570)
12-06-2026 11:48:39.019 [java] [ERROR] 	at java.base/java.util.stream.ForEachOps$ForEachTask.compute(ForEachOps.java:293)
12-06-2026 11:48:39.019 [java] [ERROR] 	at java.base/java.util.concurrent.CountedCompleter.exec(CountedCompleter.java:759)
12-06-2026 11:48:39.019 [java] [ERROR] 	at java.base/java.util.concurrent.ForkJoinTask.doExec(ForkJoinTask.java:511)
12-06-2026 11:48:39.019 [java] [ERROR] 	at java.base/java.util.concurrent.ForkJoinPool$WorkQueue.topLevelExec(ForkJoinPool.java:1450)
12-06-2026 11:48:39.019 [java] [ERROR] 	at java.base/java.util.concurrent.ForkJoinPool.runWorker(ForkJoinPool.java:2019)
12-06-2026 11:48:39.019 [java] [ERROR] 	at java.base/java.util.concurrent.ForkJoinWorkerThread.run(ForkJoinWorkerThread.java:187)
12-06-2026 11:48:39.019 [java] [ERROR] [ForkJoinPool.commonPool-worker-6] WARN org.reflections.Reflections - could not create Vfs.Dir from url. ignoring the exception and continuing
12-06-2026 11:48:39.019 [java] [ERROR] org.reflections.ReflectionsException: could not create Vfs.Dir from url, no matching UrlType was found [file:/C:/Users/a.basaleh/.jdks/openjdk-26.0.1!/java.smartcardio]
12-06-2026 11:48:39.019 [java] [ERROR] either use fromURL(final URL url, final List<UrlType> urlTypes) or use the static setDefaultURLTypes(final List<UrlType> urlTypes) or addDefaultURLTypes(UrlType urlType) with your specialized UrlType.
12-06-2026 11:48:39.019 [java] [ERROR] 	at org.reflections.vfs.Vfs.fromURL(Vfs.java:113)
12-06-2026 11:48:39.019 [java] [ERROR] 	at org.reflections.vfs.Vfs.fromURL(Vfs.java:95)
12-06-2026 11:48:39.019 [java] [ERROR] 	at org.reflections.Reflections.lambda$scan$2(Reflections.java:176)
12-06-2026 11:48:39.019 [java] [ERROR] 	at java.base/java.util.stream.ForEachOps$ForEachOp$OfRef.accept(ForEachOps.java:186)
12-06-2026 11:48:39.019 [java] [ERROR] 	at java.base/java.util.HashMap$KeySpliterator.forEachRemaining(HashMap.java:1716)
12-06-2026 11:48:39.019 [java] [ERROR] 	at java.base/java.util.stream.AbstractPipeline.copyInto(AbstractPipeline.java:570)
12-06-2026 11:48:39.019 [java] [ERROR] 	at java.base/java.util.stream.ForEachOps$ForEachTask.compute(ForEachOps.java:293)
12-06-2026 11:48:39.019 [java] [ERROR] 	at java.base/java.util.concurrent.CountedCompleter.exec(CountedCompleter.java:759)
12-06-2026 11:48:39.019 [java] [ERROR] 	at java.base/java.util.concurrent.ForkJoinTask.doExec(ForkJoinTask.java:511)
12-06-2026 11:48:39.019 [java] [ERROR] 	at java.base/java.util.concurrent.ForkJoinPool$WorkQueue.topLevelExec(ForkJoinPool.java:1450)
12-06-2026 11:48:39.023 [java] [ERROR] 	at java.base/java.util.concurrent.ForkJoinPool.runWorker(ForkJoinPool.java:2019)
12-06-2026 11:48:39.023 [java] [ERROR] 	at java.base/java.util.concurrent.ForkJoinWorkerThread.run(ForkJoinWorkerThread.java:187)
12-06-2026 11:48:39.023 [java] [ERROR] [ForkJoinPool.commonPool-worker-7] WARN org.reflections.Reflections - could not create Vfs.Dir from url. ignoring the exception and continuing
12-06-2026 11:48:39.023 [java] [ERROR] org.reflections.ReflectionsException: could not create Vfs.Dir from url, no matching UrlType was found [file:/C:/Users/a.basaleh/.jdks/openjdk-26.0.1!/jdk.internal.opt]
12-06-2026 11:48:39.023 [java] [ERROR] either use fromURL(final URL url, final List<UrlType> urlTypes) or use the static setDefaultURLTypes(final List<UrlType> urlTypes) or addDefaultURLTypes(UrlType urlType) with your specialized UrlType.
12-06-2026 11:48:39.023 [java] [ERROR] 	at org.reflections.vfs.Vfs.fromURL(Vfs.java:113)
12-06-2026 11:48:39.023 [java] [ERROR] 	at org.reflections.vfs.Vfs.fromURL(Vfs.java:95)
12-06-2026 11:48:39.023 [java] [ERROR] 	at org.reflections.Reflections.lambda$scan$2(Reflections.java:176)
12-06-2026 11:48:39.023 [java] [ERROR] 	at java.base/java.util.stream.ForEachOps$ForEachOp$OfRef.accept(ForEachOps.java:186)
12-06-2026 11:48:39.023 [java] [ERROR] 	at java.base/java.util.HashMap$KeySpliterator.forEachRemaining(HashMap.java:1716)
12-06-2026 11:48:39.023 [java] [ERROR] 	at java.base/java.util.stream.AbstractPipeline.copyInto(AbstractPipeline.java:570)
12-06-2026 11:48:39.023 [java] [ERROR] 	at java.base/java.util.stream.ForEachOps$ForEachTask.compute(ForEachOps.java:293)
12-06-2026 11:48:39.023 [java] [ERROR] 	at java.base/java.util.concurrent.CountedCompleter.exec(CountedCompleter.java:759)
12-06-2026 11:48:39.023 [java] [ERROR] 	at java.base/java.util.concurrent.ForkJoinTask.doExec(ForkJoinTask.java:511)
12-06-2026 11:48:39.023 [java] [ERROR] 	at java.base/java.util.concurrent.ForkJoinPool$WorkQueue.topLevelExec(ForkJoinPool.java:1450)
12-06-2026 11:48:39.023 [java] [ERROR] 	at java.base/java.util.concurrent.ForkJoinPool.runWorker(ForkJoinPool.java:2019)
12-06-2026 11:48:39.023 [java] [ERROR] 	at java.base/java.util.concurrent.ForkJoinWorkerThread.run(ForkJoinWorkerThread.java:187)
12-06-2026 11:48:39.023 [java] [ERROR] [ForkJoinPool.commonPool-worker-11] WARN org.reflections.Reflections - could not create Vfs.Dir from url. ignoring the exception and continuing
12-06-2026 11:48:39.023 [java] [ERROR] org.reflections.ReflectionsException: could not create Vfs.Dir from url, no matching UrlType was found [file:/C:/Users/a.basaleh/.jdks/openjdk-26.0.1!/jdk.jconsole]
12-06-2026 11:48:39.023 [java] [ERROR] either use fromURL(final URL url, final List<UrlType> urlTypes) or use the static setDefaultURLTypes(final List<UrlType> urlTypes) or addDefaultURLTypes(UrlType urlType) with your specialized UrlType.
12-06-2026 11:48:39.023 [java] [ERROR] 	at org.reflections.vfs.Vfs.fromURL(Vfs.java:113)
12-06-2026 11:48:39.023 [java] [ERROR] 	at org.reflections.vfs.Vfs.fromURL(Vfs.java:95)
12-06-2026 11:48:39.023 [java] [ERROR] 	at org.reflections.Reflections.lambda$scan$2(Reflections.java:176)
12-06-2026 11:48:39.023 [java] [ERROR] 	at java.base/java.util.stream.ForEachOps$ForEachOp$OfRef.accept(ForEachOps.java:186)
12-06-2026 11:48:39.023 [java] [ERROR] 	at java.base/java.util.HashMap$KeySpliterator.forEachRemaining(HashMap.java:1716)
12-06-2026 11:48:39.023 [java] [ERROR] 	at java.base/java.util.stream.AbstractPipeline.copyInto(AbstractPipeline.java:570)
12-06-2026 11:48:39.023 [java] [ERROR] 	at java.base/java.util.stream.ForEachOps$ForEachTask.compute(ForEachOps.java:293)
12-06-2026 11:48:39.023 [java] [ERROR] 	at java.base/java.util.concurrent.CountedCompleter.exec(CountedCompleter.java:759)
12-06-2026 11:48:39.023 [java] [ERROR] 	at java.base/java.util.concurrent.ForkJoinTask.doExec(ForkJoinTask.java:511)
12-06-2026 11:48:39.023 [java] [ERROR] 	at java.base/java.util.concurrent.ForkJoinPool$WorkQueue.topLevelExec(ForkJoinPool.java:1450)
12-06-2026 11:48:39.023 [java] [ERROR] 	at java.base/java.util.concurrent.ForkJoinPool.runWorker(ForkJoinPool.java:2019)
12-06-2026 11:48:39.023 [java] [ERROR] 	at java.base/java.util.concurrent.ForkJoinWorkerThread.run(ForkJoinWorkerThread.java:187)
12-06-2026 11:48:39.028 [java] [ERROR] [ForkJoinPool.commonPool-worker-1] WARN org.reflections.Reflections - could not create Dir using com.thoughtworks.gauge.scan.ClasspathScanner$1@440b067b from url file:/C:/Users/a.basaleh/.jdks/openjdk-26.0.1!/jdk.xml.dom. skipping.
12-06-2026 11:48:39.028 [java] [ERROR] java.lang.NullPointerException: Cannot invoke "java.io.File.isDirectory()" because "file" is null
12-06-2026 11:48:39.028 [java] [ERROR] 	at com.thoughtworks.gauge.scan.ClasspathScanner$1.createDir(ClasspathScanner.java:48)
12-06-2026 11:48:39.028 [java] [ERROR] 	at org.reflections.vfs.Vfs.fromURL(Vfs.java:103)
12-06-2026 11:48:39.028 [java] [ERROR] 	at org.reflections.vfs.Vfs.fromURL(Vfs.java:95)
12-06-2026 11:48:39.028 [java] [ERROR] 	at org.reflections.Reflections.lambda$scan$2(Reflections.java:176)
12-06-2026 11:48:39.028 [java] [ERROR] 	at java.base/java.util.stream.ForEachOps$ForEachOp$OfRef.accept(ForEachOps.java:186)
12-06-2026 11:48:39.028 [java] [ERROR] 	at java.base/java.util.HashMap$KeySpliterator.forEachRemaining(HashMap.java:1716)
12-06-2026 11:48:39.028 [java] [ERROR] 	at java.base/java.util.stream.AbstractPipeline.copyInto(AbstractPipeline.java:570)
12-06-2026 11:48:39.028 [java] [ERROR] 	at java.base/java.util.stream.ForEachOps$ForEachTask.compute(ForEachOps.java:293)
12-06-2026 11:48:39.028 [java] [ERROR] 	at java.base/java.util.concurrent.CountedCompleter.exec(CountedCompleter.java:759)
12-06-2026 11:48:39.028 [java] [ERROR] 	at java.base/java.util.concurrent.ForkJoinTask.doExec(ForkJoinTask.java:511)
12-06-2026 11:48:39.028 [java] [ERROR] 	at java.base/java.util.concurrent.ForkJoinPool$WorkQueue.topLevelExec(ForkJoinPool.java:1450)
12-06-2026 11:48:39.028 [java] [ERROR] 	at java.base/java.util.concurrent.ForkJoinPool.runWorker(ForkJoinPool.java:2019)
12-06-2026 11:48:39.028 [java] [ERROR] 	at java.base/java.util.concurrent.ForkJoinWorkerThread.run(ForkJoinWorkerThread.java:187)
12-06-2026 11:48:39.028 [java] [ERROR] [ForkJoinPool.commonPool-worker-7] WARN org.reflections.Reflections - could not create Dir using com.thoughtworks.gauge.scan.ClasspathScanner$1@440b067b from url file:/C:/Users/a.basaleh/.jdks/openjdk-26.0.1!/java.management.rmi. skipping.
12-06-2026 11:48:39.028 [java] [ERROR] java.lang.NullPointerException: Cannot invoke "java.io.File.isDirectory()" because "file" is null
12-06-2026 11:48:39.028 [java] [ERROR] 	at com.thoughtworks.gauge.scan.ClasspathScanner$1.createDir(ClasspathScanner.java:48)
12-06-2026 11:48:39.028 [java] [ERROR] 	at org.reflections.vfs.Vfs.fromURL(Vfs.java:103)
12-06-2026 11:48:39.028 [java] [ERROR] 	at org.reflections.vfs.Vfs.fromURL(Vfs.java:95)
12-06-2026 11:48:39.028 [java] [ERROR] 	at org.reflections.Reflections.lambda$scan$2(Reflections.java:176)
12-06-2026 11:48:39.028 [java] [ERROR] 	at java.base/java.util.stream.ForEachOps$ForEachOp$OfRef.accept(ForEachOps.java:186)
12-06-2026 11:48:39.028 [java] [ERROR] 	at java.base/java.util.HashMap$KeySpliterator.forEachRemaining(HashMap.java:1716)
12-06-2026 11:48:39.028 [java] [ERROR] 	at java.base/java.util.stream.AbstractPipeline.copyInto(AbstractPipeline.java:570)
12-06-2026 11:48:39.028 [java] [ERROR] 	at java.base/java.util.stream.ForEachOps$ForEachTask.compute(ForEachOps.java:293)
12-06-2026 11:48:39.028 [java] [ERROR] 	at java.base/java.util.concurrent.CountedCompleter.exec(CountedCompleter.java:759)
12-06-2026 11:48:39.028 [java] [ERROR] 	at java.base/java.util.concurrent.ForkJoinTask.doExec(ForkJoinTask.java:511)
12-06-2026 11:48:39.028 [java] [ERROR] 	at java.base/java.util.concurrent.ForkJoinPool$WorkQueue.topLevelExec(ForkJoinPool.java:1450)
12-06-2026 11:48:39.028 [java] [ERROR] 	at java.base/java.util.concurrent.ForkJoinPool.runWorker(ForkJoinPool.java:2019)
12-06-2026 11:48:39.028 [java] [ERROR] 	at java.base/java.util.concurrent.ForkJoinWorkerThread.run(ForkJoinWorkerThread.java:187)
12-06-2026 11:48:39.028 [java] [ERROR] [ForkJoinPool.commonPool-worker-1] WARN org.reflections.Reflections - could not create Vfs.Dir from url. ignoring the exception and continuing
12-06-2026 11:48:39.028 [java] [ERROR] org.reflections.ReflectionsException: could not create Vfs.Dir from url, no matching UrlType was found [file:/C:/Users/a.basaleh/.jdks/openjdk-26.0.1!/jdk.xml.dom]
12-06-2026 11:48:39.028 [java] [ERROR] either use fromURL(final URL url, final List<UrlType> urlTypes) or use the static setDefaultURLTypes(final List<UrlType> urlTypes) or addDefaultURLTypes(UrlType urlType) with your specialized UrlType.
12-06-2026 11:48:39.028 [java] [ERROR] 	at org.reflections.vfs.Vfs.fromURL(Vfs.java:113)
12-06-2026 11:48:39.030 [java] [ERROR] 	at org.reflections.vfs.Vfs.fromURL(Vfs.java:95)
12-06-2026 11:48:39.030 [java] [ERROR] 	at org.reflections.Reflections.lambda$scan$2(Reflections.java:176)
12-06-2026 11:48:39.030 [java] [ERROR] 	at java.base/java.util.stream.ForEachOps$ForEachOp$OfRef.accept(ForEachOps.java:186)
12-06-2026 11:48:39.030 [java] [ERROR] 	at java.base/java.util.HashMap$KeySpliterator.forEachRemaining(HashMap.java:1716)
12-06-2026 11:48:39.030 [java] [ERROR] 	at java.base/java.util.stream.AbstractPipeline.copyInto(AbstractPipeline.java:570)
12-06-2026 11:48:39.030 [java] [ERROR] 	at java.base/java.util.stream.ForEachOps$ForEachTask.compute(ForEachOps.java:293)
12-06-2026 11:48:39.030 [java] [ERROR] 	at java.base/java.util.concurrent.CountedCompleter.exec(CountedCompleter.java:759)
12-06-2026 11:48:39.030 [java] [ERROR] 	at java.base/java.util.concurrent.ForkJoinTask.doExec(ForkJoinTask.java:511)
12-06-2026 11:48:39.030 [java] [ERROR] 	at java.base/java.util.concurrent.ForkJoinPool$WorkQueue.topLevelExec(ForkJoinPool.java:1450)
12-06-2026 11:48:39.030 [java] [ERROR] 	at java.base/java.util.concurrent.ForkJoinPool.runWorker(ForkJoinPool.java:2019)
12-06-2026 11:48:39.030 [java] [ERROR] 	at java.base/java.util.concurrent.ForkJoinWorkerThread.run(ForkJoinWorkerThread.java:187)
12-06-2026 11:48:39.031 [java] [ERROR] [ForkJoinPool.commonPool-worker-7] WARN org.reflections.Reflections - could not create Vfs.Dir from url. ignoring the exception and continuing
12-06-2026 11:48:39.031 [java] [ERROR] org.reflections.ReflectionsException: could not create Vfs.Dir from url, no matching UrlType was found [file:/C:/Users/a.basaleh/.jdks/openjdk-26.0.1!/java.management.rmi]
12-06-2026 11:48:39.031 [java] [ERROR] either use fromURL(final URL url, final List<UrlType> urlTypes) or use the static setDefaultURLTypes(final List<UrlType> urlTypes) or addDefaultURLTypes(UrlType urlType) with your specialized UrlType.
12-06-2026 11:48:39.031 [java] [ERROR] 	at org.reflections.vfs.Vfs.fromURL(Vfs.java:113)
12-06-2026 11:48:39.031 [java] [ERROR] 	at org.reflections.vfs.Vfs.fromURL(Vfs.java:95)
12-06-2026 11:48:39.031 [java] [ERROR] 	at org.reflections.Reflections.lambda$scan$2(Reflections.java:176)
12-06-2026 11:48:39.031 [java] [ERROR] 	at java.base/java.util.stream.ForEachOps$ForEachOp$OfRef.accept(ForEachOps.java:186)
12-06-2026 11:48:39.031 [java] [ERROR] 	at java.base/java.util.HashMap$KeySpliterator.forEachRemaining(HashMap.java:1716)
12-06-2026 11:48:39.031 [java] [ERROR] 	at java.base/java.util.stream.AbstractPipeline.copyInto(AbstractPipeline.java:570)
12-06-2026 11:48:39.031 [java] [ERROR] 	at java.base/java.util.stream.ForEachOps$ForEachTask.compute(ForEachOps.java:293)
12-06-2026 11:48:39.031 [java] [ERROR] 	at java.base/java.util.concurrent.CountedCompleter.exec(CountedCompleter.java:759)
12-06-2026 11:48:39.031 [java] [ERROR] 	at java.base/java.util.concurrent.ForkJoinTask.doExec(ForkJoinTask.java:511)
12-06-2026 11:48:39.031 [java] [ERROR] 	at java.base/java.util.concurrent.ForkJoinPool$WorkQueue.topLevelExec(ForkJoinPool.java:1450)
12-06-2026 11:48:39.031 [java] [ERROR] 	at java.base/java.util.concurrent.ForkJoinPool.runWorker(ForkJoinPool.java:2019)
12-06-2026 11:48:39.031 [java] [ERROR] 	at java.base/java.util.concurrent.ForkJoinWorkerThread.run(ForkJoinWorkerThread.java:187)
12-06-2026 11:48:39.031 [java] [ERROR] [ForkJoinPool.commonPool-worker-10] WARN org.reflections.Reflections - could not create Dir using com.thoughtworks.gauge.scan.ClasspathScanner$1@440b067b from url file:/C:/Users/a.basaleh/.jdks/openjdk-26.0.1!/java.datatransfer. skipping.
12-06-2026 11:48:39.031 [java] [ERROR] java.lang.NullPointerException: Cannot invoke "java.io.File.isDirectory()" because "file" is null
12-06-2026 11:48:39.031 [java] [ERROR] 	at com.thoughtworks.gauge.scan.ClasspathScanner$1.createDir(ClasspathScanner.java:48)
12-06-2026 11:48:39.031 [java] [ERROR] 	at org.reflections.vfs.Vfs.fromURL(Vfs.java:103)
12-06-2026 11:48:39.031 [java] [ERROR] 	at org.reflections.vfs.Vfs.fromURL(Vfs.java:95)
12-06-2026 11:48:39.031 [java] [ERROR] 	at org.reflections.Reflections.lambda$scan$2(Reflections.java:176)
12-06-2026 11:48:39.031 [java] [ERROR] 	at java.base/java.util.stream.ForEachOps$ForEachOp$OfRef.accept(ForEachOps.java:186)
12-06-2026 11:48:39.031 [java] [ERROR] 	at java.base/java.util.HashMap$KeySpliterator.forEachRemaining(HashMap.java:1716)
12-06-2026 11:48:39.031 [java] [ERROR] 	at java.base/java.util.stream.AbstractPipeline.copyInto(AbstractPipeline.java:570)
12-06-2026 11:48:39.031 [java] [ERROR] 	at java.base/java.util.stream.ForEachOps$ForEachTask.compute(ForEachOps.java:293)
12-06-2026 11:48:39.031 [java] [ERROR] 	at java.base/java.util.concurrent.CountedCompleter.exec(CountedCompleter.java:759)
12-06-2026 11:48:39.031 [java] [ERROR] 	at java.base/java.util.concurrent.ForkJoinTask.doExec(ForkJoinTask.java:511)
12-06-2026 11:48:39.031 [java] [ERROR] 	at java.base/java.util.concurrent.ForkJoinPool$WorkQueue.topLevelExec(ForkJoinPool.java:1450)
12-06-2026 11:48:39.031 [java] [ERROR] 	at java.base/java.util.concurrent.ForkJoinPool.runWorker(ForkJoinPool.java:2019)
12-06-2026 11:48:39.031 [java] [ERROR] 	at java.base/java.util.concurrent.ForkJoinWorkerThread.run(ForkJoinWorkerThread.java:187)
12-06-2026 11:48:39.031 [java] [ERROR] [ForkJoinPool.commonPool-worker-10] WARN org.reflections.Reflections - could not create Vfs.Dir from url. ignoring the exception and continuing
12-06-2026 11:48:39.031 [java] [ERROR] org.reflections.ReflectionsException: could not create Vfs.Dir from url, no matching UrlType was found [file:/C:/Users/a.basaleh/.jdks/openjdk-26.0.1!/java.datatransfer]
12-06-2026 11:48:39.032 [java] [ERROR] either use fromURL(final URL url, final List<UrlType> urlTypes) or use the static setDefaultURLTypes(final List<UrlType> urlTypes) or addDefaultURLTypes(UrlType urlType) with your specialized UrlType.
12-06-2026 11:48:39.032 [java] [ERROR] 	at org.reflections.vfs.Vfs.fromURL(Vfs.java:113)
12-06-2026 11:48:39.032 [java] [ERROR] 	at org.reflections.vfs.Vfs.fromURL(Vfs.java:95)
12-06-2026 11:48:39.032 [java] [ERROR] 	at org.reflections.Reflections.lambda$scan$2(Reflections.java:176)
12-06-2026 11:48:39.032 [java] [ERROR] 	at java.base/java.util.stream.ForEachOps$ForEachOp$OfRef.accept(ForEachOps.java:186)
12-06-2026 11:48:39.032 [java] [ERROR] 	at java.base/java.util.HashMap$KeySpliterator.forEachRemaining(HashMap.java:1716)
12-06-2026 11:48:39.032 [java] [ERROR] 	at java.base/java.util.stream.AbstractPipeline.copyInto(AbstractPipeline.java:570)
12-06-2026 11:48:39.032 [java] [ERROR] 	at java.base/java.util.stream.ForEachOps$ForEachTask.compute(ForEachOps.java:293)
12-06-2026 11:48:39.032 [java] [ERROR] 	at java.base/java.util.concurrent.CountedCompleter.exec(CountedCompleter.java:759)
12-06-2026 11:48:39.032 [java] [ERROR] 	at java.base/java.util.concurrent.ForkJoinTask.doExec(ForkJoinTask.java:511)
12-06-2026 11:48:39.032 [java] [ERROR] 	at java.base/java.util.concurrent.ForkJoinPool$WorkQueue.topLevelExec(ForkJoinPool.java:1450)
12-06-2026 11:48:39.032 [java] [ERROR] 	at java.base/java.util.concurrent.ForkJoinPool.runWorker(ForkJoinPool.java:2019)
12-06-2026 11:48:39.032 [java] [ERROR] 	at java.base/java.util.concurrent.ForkJoinWorkerThread.run(ForkJoinWorkerThread.java:187)
12-06-2026 11:48:39.043 [java] [ERROR] [ForkJoinPool.commonPool-worker-9] WARN org.reflections.Reflections - could not create Dir using com.thoughtworks.gauge.scan.ClasspathScanner$1@440b067b from url file:/C:/Users/a.basaleh/.jdks/openjdk-26.0.1!/jdk.sctp. skipping.
12-06-2026 11:48:39.043 [java] [ERROR] java.lang.NullPointerException: Cannot invoke "java.io.File.isDirectory()" because "file" is null
12-06-2026 11:48:39.043 [java] [ERROR] 	at com.thoughtworks.gauge.scan.ClasspathScanner$1.createDir(ClasspathScanner.java:48)
12-06-2026 11:48:39.043 [java] [ERROR] 	at org.reflections.vfs.Vfs.fromURL(Vfs.java:103)
12-06-2026 11:48:39.043 [java] [ERROR] 	at org.reflections.vfs.Vfs.fromURL(Vfs.java:95)
12-06-2026 11:48:39.044 [java] [ERROR] 	at org.reflections.Reflections.lambda$scan$2(Reflections.java:176)
12-06-2026 11:48:39.044 [java] [ERROR] 	at java.base/java.util.stream.ForEachOps$ForEachOp$OfRef.accept(ForEachOps.java:186)
12-06-2026 11:48:39.044 [java] [ERROR] 	at java.base/java.util.HashMap$KeySpliterator.forEachRemaining(HashMap.java:1716)
12-06-2026 11:48:39.044 [java] [ERROR] 	at java.base/java.util.stream.AbstractPipeline.copyInto(AbstractPipeline.java:570)
12-06-2026 11:48:39.044 [java] [ERROR] 	at java.base/java.util.stream.ForEachOps$ForEachTask.compute(ForEachOps.java:293)
12-06-2026 11:48:39.044 [java] [ERROR] 	at java.base/java.util.concurrent.CountedCompleter.exec(CountedCompleter.java:759)
12-06-2026 11:48:39.044 [java] [ERROR] 	at java.base/java.util.concurrent.ForkJoinTask.doExec(ForkJoinTask.java:511)
12-06-2026 11:48:39.044 [java] [ERROR] 	at java.base/java.util.concurrent.ForkJoinPool$WorkQueue.topLevelExec(ForkJoinPool.java:1450)
12-06-2026 11:48:39.044 [java] [ERROR] 	at java.base/java.util.concurrent.ForkJoinPool.runWorker(ForkJoinPool.java:2019)
12-06-2026 11:48:39.044 [java] [ERROR] 	at java.base/java.util.concurrent.ForkJoinWorkerThread.run(ForkJoinWorkerThread.java:187)
12-06-2026 11:48:39.050 [java] [ERROR] [ForkJoinPool.commonPool-worker-9] WARN org.reflections.Reflections - could not create Vfs.Dir from url. ignoring the exception and continuing
12-06-2026 11:48:39.050 [java] [ERROR] org.reflections.ReflectionsException: could not create Vfs.Dir from url, no matching UrlType was found [file:/C:/Users/a.basaleh/.jdks/openjdk-26.0.1!/jdk.sctp]
12-06-2026 11:48:39.050 [java] [ERROR] either use fromURL(final URL url, final List<UrlType> urlTypes) or use the static setDefaultURLTypes(final List<UrlType> urlTypes) or addDefaultURLTypes(UrlType urlType) with your specialized UrlType.
12-06-2026 11:48:39.050 [java] [ERROR] 	at org.reflections.vfs.Vfs.fromURL(Vfs.java:113)
12-06-2026 11:48:39.050 [java] [ERROR] 	at org.reflections.vfs.Vfs.fromURL(Vfs.java:95)
12-06-2026 11:48:39.050 [java] [ERROR] 	at org.reflections.Reflections.lambda$scan$2(Reflections.java:176)
12-06-2026 11:48:39.050 [java] [ERROR] 	at java.base/java.util.stream.ForEachOps$ForEachOp$OfRef.accept(ForEachOps.java:186)
12-06-2026 11:48:39.050 [java] [ERROR] 	at java.base/java.util.HashMap$KeySpliterator.forEachRemaining(HashMap.java:1716)
12-06-2026 11:48:39.050 [java] [ERROR] 	at java.base/java.util.stream.AbstractPipeline.copyInto(AbstractPipeline.java:570)
12-06-2026 11:48:39.050 [java] [ERROR] 	at java.base/java.util.stream.ForEachOps$ForEachTask.compute(ForEachOps.java:293)
12-06-2026 11:48:39.050 [java] [ERROR] 	at java.base/java.util.concurrent.CountedCompleter.exec(CountedCompleter.java:759)
12-06-2026 11:48:39.050 [java] [ERROR] 	at java.base/java.util.concurrent.ForkJoinTask.doExec(ForkJoinTask.java:511)
12-06-2026 11:48:39.050 [java] [ERROR] 	at java.base/java.util.concurrent.ForkJoinPool$WorkQueue.topLevelExec(ForkJoinPool.java:1450)
12-06-2026 11:48:39.050 [java] [ERROR] 	at java.base/java.util.concurrent.ForkJoinPool.runWorker(ForkJoinPool.java:2019)
12-06-2026 11:48:39.050 [java] [ERROR] 	at java.base/java.util.concurrent.ForkJoinWorkerThread.run(ForkJoinWorkerThread.java:187)
12-06-2026 11:48:39.193 [java] [ERROR] [ForkJoinPool.commonPool-worker-4] WARN org.reflections.Reflections - could not create Dir using com.thoughtworks.gauge.scan.ClasspathScanner$1@440b067b from url file:/C:/Users/a.basaleh/.jdks/openjdk-26.0.1!/jdk.unsupported. skipping.
12-06-2026 11:48:39.193 [java] [ERROR] java.lang.NullPointerException: Cannot invoke "java.io.File.isDirectory()" because "file" is null
12-06-2026 11:48:39.193 [java] [ERROR] 	at com.thoughtworks.gauge.scan.ClasspathScanner$1.createDir(ClasspathScanner.java:48)
12-06-2026 11:48:39.193 [java] [ERROR] 	at org.reflections.vfs.Vfs.fromURL(Vfs.java:103)
12-06-2026 11:48:39.193 [java] [ERROR] 	at org.reflections.vfs.Vfs.fromURL(Vfs.java:95)
12-06-2026 11:48:39.193 [java] [ERROR] 	at org.reflections.Reflections.lambda$scan$2(Reflections.java:176)
12-06-2026 11:48:39.193 [java] [ERROR] 	at java.base/java.util.stream.ForEachOps$ForEachOp$OfRef.accept(ForEachOps.java:186)
12-06-2026 11:48:39.193 [java] [ERROR] 	at java.base/java.util.HashMap$KeySpliterator.forEachRemaining(HashMap.java:1716)
12-06-2026 11:48:39.193 [java] [ERROR] 	at java.base/java.util.stream.AbstractPipeline.copyInto(AbstractPipeline.java:570)
12-06-2026 11:48:39.193 [java] [ERROR] 	at java.base/java.util.stream.ForEachOps$ForEachTask.compute(ForEachOps.java:293)
12-06-2026 11:48:39.193 [java] [ERROR] 	at java.base/java.util.concurrent.CountedCompleter.exec(CountedCompleter.java:759)
12-06-2026 11:48:39.193 [java] [ERROR] 	at java.base/java.util.concurrent.ForkJoinTask.doExec(ForkJoinTask.java:511)
12-06-2026 11:48:39.193 [java] [ERROR] 	at java.base/java.util.concurrent.ForkJoinPool$WorkQueue.topLevelExec(ForkJoinPool.java:1450)
12-06-2026 11:48:39.193 [java] [ERROR] 	at java.base/java.util.concurrent.ForkJoinPool.runWorker(ForkJoinPool.java:2019)
12-06-2026 11:48:39.193 [java] [ERROR] 	at java.base/java.util.concurrent.ForkJoinWorkerThread.run(ForkJoinWorkerThread.java:187)
12-06-2026 11:48:39.193 [java] [ERROR] [ForkJoinPool.commonPool-worker-4] WARN org.reflections.Reflections - could not create Vfs.Dir from url. ignoring the exception and continuing
12-06-2026 11:48:39.193 [java] [ERROR] org.reflections.ReflectionsException: could not create Vfs.Dir from url, no matching UrlType was found [file:/C:/Users/a.basaleh/.jdks/openjdk-26.0.1!/jdk.unsupported]
12-06-2026 11:48:39.193 [java] [ERROR] either use fromURL(final URL url, final List<UrlType> urlTypes) or use the static setDefaultURLTypes(final List<UrlType> urlTypes) or addDefaultURLTypes(UrlType urlType) with your specialized UrlType.
12-06-2026 11:48:39.193 [java] [ERROR] 	at org.reflections.vfs.Vfs.fromURL(Vfs.java:113)
12-06-2026 11:48:39.193 [java] [ERROR] 	at org.reflections.vfs.Vfs.fromURL(Vfs.java:95)
12-06-2026 11:48:39.193 [java] [ERROR] 	at org.reflections.Reflections.lambda$scan$2(Reflections.java:176)
12-06-2026 11:48:39.193 [java] [ERROR] 	at java.base/java.util.stream.ForEachOps$ForEachOp$OfRef.accept(ForEachOps.java:186)
12-06-2026 11:48:39.193 [java] [ERROR] 	at java.base/java.util.HashMap$KeySpliterator.forEachRemaining(HashMap.java:1716)
12-06-2026 11:48:39.193 [java] [ERROR] 	at java.base/java.util.stream.AbstractPipeline.copyInto(AbstractPipeline.java:570)
12-06-2026 11:48:39.193 [java] [ERROR] 	at java.base/java.util.stream.ForEachOps$ForEachTask.compute(ForEachOps.java:293)
12-06-2026 11:48:39.193 [java] [ERROR] 	at java.base/java.util.concurrent.CountedCompleter.exec(CountedCompleter.java:759)
12-06-2026 11:48:39.193 [java] [ERROR] 	at java.base/java.util.concurrent.ForkJoinTask.doExec(ForkJoinTask.java:511)
12-06-2026 11:48:39.194 [java] [ERROR] 	at java.base/java.util.concurrent.ForkJoinPool$WorkQueue.topLevelExec(ForkJoinPool.java:1450)
12-06-2026 11:48:39.194 [java] [ERROR] 	at java.base/java.util.concurrent.ForkJoinPool.runWorker(ForkJoinPool.java:2019)
12-06-2026 11:48:39.194 [java] [ERROR] 	at java.base/java.util.concurrent.ForkJoinWorkerThread.run(ForkJoinWorkerThread.java:187)
12-06-2026 11:48:39.200 [java] [ERROR] [pool-2-thread-1] INFO org.reflections.Reflections - Reflections took 340 ms to scan 144 urls, producing 4666 keys and 19301 values
12-06-2026 11:48:39.254 [Gauge] [DEBUG] Validation completed.
12-06-2026 11:48:39.255 [Gauge] [DEBUG] Run started
12-06-2026 11:48:39.255 [Gauge] [DEBUG] Initialising suite data store.
12-06-2026 11:48:39.451 [java] [ERROR] [pool-2-thread-1] INFO io.github.bonigarcia.wdm.WebDriverManager - Using chromedriver 149.0.7827.55 (resolved driver for Chrome 149)
12-06-2026 11:48:39.462 [java] [ERROR] [pool-2-thread-1] INFO io.github.bonigarcia.wdm.WebDriverManager - Exporting webdriver.chrome.driver as C:\Users\a.basaleh\.cache\selenium\chromedriver\win64\149.0.7827.55\chromedriver.exe
12-06-2026 11:48:40.332 [java] [ERROR] Haz 12, 2026 11:48:40 �� org.openqa.selenium.devtools.CdpVersionFinder findNearestMatch
12-06-2026 11:48:40.332 [java] [ERROR] WARNING: Unable to find an exact match for CDP version 149, returning the closest version; found: 148; Please update to a Selenium version that supports CDP version 149
12-06-2026 11:48:41.187 [java] [DEBUG] Executing 'Go To {}' using 'class selenium_helper.InteractionActions.visitAWebsite
12-06-2026 11:48:42.827 [java] [DEBUG] Executing 'Click On {} by {} on shadow root {}' using 'class selenium_helper.InteractionActions.clickInShadowRoot
12-06-2026 11:48:43.635 [java] [DEBUG] Executing 'Find Element Where {} is {} then click' using 'class selenium_helper.InteractionActions.findElementThenClick
12-06-2026 11:48:44.057 [java] [DEBUG] Executing 'Find Element Where {} is {} then click' using 'class selenium_helper.InteractionActions.findElementThenClick
12-06-2026 11:48:46.202 [java] [DEBUG] Executing 'Find Failed Where {} is {} then fill with {}' using 'class selenium_helper.InteractionActions.findInputThenFill
12-06-2026 11:48:46.871 [java] [DEBUG] Executing 'Find Failed Where {} is {} then fill with {}' using 'class selenium_helper.InteractionActions.findInputThenFill
12-06-2026 11:48:47.303 [java] [DEBUG] Executing 'Find Element Where {} is {} then click' using 'class selenium_helper.InteractionActions.findElementThenClick
12-06-2026 11:48:47.736 [java] [DEBUG] Executing 'Verify Element where {} is {}' using 'class selenium_helper.InteractionActions.verifyElementExistence
12-06-2026 11:48:50.713 [java] [DEBUG] Executing 'Assertion|Verify User Logged In Successfully' using 'class hepsiburada.StepImplementation.verifyUserLoggedInSuccessfully
12-06-2026 11:48:50.994 [java] [DEBUG] Executing 'Find Element Where {} is {} then click' using 'class selenium_helper.InteractionActions.findElementThenClick
12-06-2026 11:48:51.150 [java] [DEBUG] Executing 'Move to {} , {} then click' using 'class selenium_helper.InteractionActions.moveToThenClick
12-06-2026 11:48:51.441 [java] [DEBUG] Executing 'Find Element Where {} is {} then click' using 'class selenium_helper.InteractionActions.findElementThenClick
12-06-2026 11:48:51.587 [java] [DEBUG] Executing 'Find Failed Where {} is {} then fill with {}' using 'class selenium_helper.InteractionActions.findInputThenFill
12-06-2026 11:48:51.826 [java] [DEBUG] Executing 'Press {}' using 'class selenium_helper.InteractionActions.pressButton
12-06-2026 11:48:57.567 [java] [DEBUG] Executing 'Verify Element where {} is {}' using 'class selenium_helper.InteractionActions.verifyElementExistence
12-06-2026 11:48:57.923 [java] [DEBUG] Executing 'Assertion|Verify The Search Response' using 'class hepsiburada.StepImplementation.verifySearchResultsContent
12-06-2026 11:48:58.003 [java] [DEBUG] Executing 'Verify Element where {} is {}' using 'class selenium_helper.InteractionActions.verifyElementExistence
12-06-2026 11:48:58.060 [java] [DEBUG] Executing 'Find Element Where {} is {} then click' using 'class selenium_helper.InteractionActions.findElementThenClick
12-06-2026 11:48:58.705 [java] [DEBUG] Executing 'Verify Windows Count Equals To {}' using 'class selenium_helper.InteractionActions.verifyWindowsCount
12-06-2026 11:48:58.751 [java] [DEBUG] Executing 'Assertion|Verify Redirection To Product Page' using 'class hepsiburada.StepImplementation.verifyRedirectionToProductPage
12-06-2026 11:48:58.795 [java] [DEBUG] Executing 'Switch To {} Window' using 'class selenium_helper.InteractionActions.switchToWindowByNumber
12-06-2026 11:48:58.858 [java] [DEBUG] Executing 'Store Element Text {} {} as {}' using 'class selenium_helper.InteractionActions.storeElementTextAs
12-06-2026 11:49:01.383 [java] [DEBUG] Executing 'Find Element Where {} is {} then click' using 'class selenium_helper.InteractionActions.findElementThenClick
12-06-2026 11:49:01.732 [java] [DEBUG] Executing 'Verify Element where {} is {}' using 'class selenium_helper.InteractionActions.verifyElementExistence
12-06-2026 11:49:04.330 [java] [DEBUG] Executing 'Move to {} , {} then click' using 'class selenium_helper.InteractionActions.moveToThenClick
12-06-2026 11:49:04.617 [java] [DEBUG] Executing 'Assertion|Verify Product Added To Cart' using 'class hepsiburada.StepImplementation.verifyProductAddedToCart
12-06-2026 11:49:04.675 [java] [DEBUG] Executing 'Find Element Where {} is {} then click' using 'class selenium_helper.InteractionActions.findElementThenClick
12-06-2026 11:49:05.425 [java] [DEBUG] Executing 'Assertion|Verify Product Visible In Cart' using 'class hepsiburada.StepImplementation.verifyProductVisibleInCart
12-06-2026 11:49:05.996 [java] [DEBUG] Executing 'Verify Element where {} is {}' using 'class selenium_helper.InteractionActions.verifyElementExistence
12-06-2026 11:49:06.028 [java] [DEBUG] Executing 'Verify Element where {} is {}' using 'class selenium_helper.InteractionActions.verifyElementExistence
12-06-2026 11:49:06.132 [java] [DEBUG] Executing 'Expect {} {} to contain {}' using 'class selenium_helper.InteractionActions.expectContainTexts
12-06-2026 11:49:06.608 [java] [DEBUG] Killing Java runner...
12-06-2026 11:49:06.609 [java] [DEBUG] Stopping execution pool...
12-06-2026 11:49:06.609 [java] [DEBUG] Shutting down grpc server...
12-06-2026 11:49:06.613 [Gauge] [INFO] Specifications:	1 executed	1 passed	0 failed	0 skipped
12-06-2026 11:49:06.613 [Gauge] [INFO] Scenarios:	1 executed	1 passed	0 failed	0 skipped
12-06-2026 11:49:06.613 [Gauge] [INFO] 
Total time taken: 27.351s
